ISO-10303-21;
HEADER;
FILE_DESCRIPTION(('FreeCAD Model'),'2;1');
FILE_NAME('Open CASCADE Shape Model','2026-09-13T19:04:35',(''),(''),
  'Open CASCADE STEP processor 7.8','FreeCAD','Unknown');
FILE_SCHEMA(('AUTOMOTIVE_DESIGN { 1 0 10303 214 1 1 1 1 }'));
ENDSEC;
DATA;
#1 = APPLICATION_PROTOCOL_DEFINITION('international standard',
  'automotive_design',2000,#2);
#2 = APPLICATION_CONTEXT(
  'core data for automotive mechanical design processes');
#3 = SHAPE_DEFINITION_REPRESENTATION(#4,#10);
#4 = PRODUCT_DEFINITION_SHAPE('','',#5);
#5 = PRODUCT_DEFINITION('design','',#6,#9);
#6 = PRODUCT_DEFINITION_FORMATION('','',#7);
#7 = PRODUCT('Vacuum Cover','Vacuum Cover','',(#8));
#8 = PRODUCT_CONTEXT('',#2,'mechanical');
#9 = PRODUCT_DEFINITION_CONTEXT('part definition',#2,'design');
#10 = ADVANCED_BREP_SHAPE_REPRESENTATION('',(#11,#15),#3244);
#11 = AXIS2_PLACEMENT_3D('',#12,#13,#14);
#12 = CARTESIAN_POINT('',(0.,0.,0.));
#13 = DIRECTION('',(0.,0.,1.));
#14 = DIRECTION('',(1.,0.,-0.));
#15 = MANIFOLD_SOLID_BREP('',#16);
#16 = CLOSED_SHELL('',(#17,#69,#144,#189,#239,#277,#375,#400,#433,#508,
    #533,#558,#575,#936,#968,#1018,#1036,#1619,#1636,#1672,#1697,#1765,
    #1844,#1861,#1909,#1934,#1971,#1996,#2029,#2093,#2124,#2148,#2179,
    #2212,#2236,#2270,#2287,#2325,#2352,#2364,#2396,#2484,#2496,#2506,
    #2524,#2603,#2613,#2638,#2665,#2682,#2694,#2726,#2751,#2769,#2822,
    #2849,#2866,#2910,#2927,#2954,#2971,#3003,#3053,#3071,#3083,#3115,
    #3140,#3158,#3175,#3187,#3206,#3225));
#17 = ADVANCED_FACE('',(#18),#64,.F.);
#18 = FACE_BOUND('',#19,.F.);
#19 = EDGE_LOOP('',(#20,#31,#39,#46,#47,#56));
#20 = ORIENTED_EDGE('',*,*,#21,.F.);
#21 = EDGE_CURVE('',#22,#24,#26,.T.);
#22 = VERTEX_POINT('',#23);
#23 = CARTESIAN_POINT('',(94.3,-55.,27.));
#24 = VERTEX_POINT('',#25);
#25 = CARTESIAN_POINT('',(89.716629547096,-55.27607856636,27.));
#26 = CIRCLE('',#27,2.3);
#27 = AXIS2_PLACEMENT_3D('',#28,#29,#30);
#28 = CARTESIAN_POINT('',(92.,-55.,27.));
#29 = DIRECTION('',(0.,-4.4E-16,-1.));
#30 = DIRECTION('',(1.,-4.44E-15,1.9536E-30));
#31 = ORIENTED_EDGE('',*,*,#32,.F.);
#32 = EDGE_CURVE('',#33,#22,#35,.T.);
#33 = VERTEX_POINT('',#34);
#34 = CARTESIAN_POINT('',(93.8,-55.,27.5));
#35 = LINE('',#36,#37);
#36 = CARTESIAN_POINT('',(93.8,-55.,27.5));
#37 = VECTOR('',#38,1.);
#38 = DIRECTION('',(0.707106781187,-3.45E-15,-0.707106781187));
#39 = ORIENTED_EDGE('',*,*,#40,.T.);
#40 = EDGE_CURVE('',#33,#33,#41,.T.);
#41 = CIRCLE('',#42,1.8);
#42 = AXIS2_PLACEMENT_3D('',#43,#44,#45);
#43 = CARTESIAN_POINT('',(92.,-55.,27.5));
#44 = DIRECTION('',(0.,-4.4E-16,-1.));
#45 = DIRECTION('',(1.,-4.44E-15,1.9536E-30));
#46 = ORIENTED_EDGE('',*,*,#32,.T.);
#47 = ORIENTED_EDGE('',*,*,#48,.F.);
#48 = EDGE_CURVE('',#49,#22,#51,.T.);
#49 = VERTEX_POINT('',#50);
#50 = CARTESIAN_POINT('',(89.716629547096,-54.72392143363,27.));
#51 = CIRCLE('',#52,2.3);
#52 = AXIS2_PLACEMENT_3D('',#53,#54,#55);
#53 = CARTESIAN_POINT('',(92.,-55.,27.));
#54 = DIRECTION('',(0.,-4.4E-16,-1.));
#55 = DIRECTION('',(1.,-4.44E-15,1.9536E-30));
#56 = ORIENTED_EDGE('',*,*,#57,.T.);
#57 = EDGE_CURVE('',#49,#24,#58,.T.);
#58 = ( BOUNDED_CURVE() B_SPLINE_CURVE(4,(#59,#60,#61,#62,#63),
.UNSPECIFIED.,.F.,.F.) B_SPLINE_CURVE_WITH_KNOTS((5,5),(4.723921433639,
5.276078566361),.PIECEWISE_BEZIER_KNOTS.) CURVE() 
GEOMETRIC_REPRESENTATION_ITEM() RATIONAL_B_SPLINE_CURVE((1.,1.,1.,1.,1.)
) REPRESENTATION_ITEM('') );
#59 = CARTESIAN_POINT('',(89.716629547096,-54.72392143363,27.));
#60 = CARTESIAN_POINT('',(89.699939444378,-54.86196071682,27.));
#61 = CARTESIAN_POINT('',(89.694537664827,-55.,27.));
#62 = CARTESIAN_POINT('',(89.699939444378,-55.13803928318,27.));
#63 = CARTESIAN_POINT('',(89.716629547096,-55.27607856636,27.));
#64 = CONICAL_SURFACE('',#65,1.8,0.785398163397);
#65 = AXIS2_PLACEMENT_3D('',#66,#67,#68);
#66 = CARTESIAN_POINT('',(92.,-55.,27.5));
#67 = DIRECTION('',(0.,-4.4E-16,-1.));
#68 = DIRECTION('',(1.,-4.44E-15,1.9536E-30));
#69 = ADVANCED_FACE('',(#70),#139,.F.);
#70 = FACE_BOUND('',#71,.F.);
#71 = EDGE_LOOP('',(#72,#73,#81,#90,#98,#107,#115,#124,#132,#138));
#72 = ORIENTED_EDGE('',*,*,#21,.T.);
#73 = ORIENTED_EDGE('',*,*,#74,.T.);
#74 = EDGE_CURVE('',#24,#75,#77,.T.);
#75 = VERTEX_POINT('',#76);
#76 = CARTESIAN_POINT('',(89.716629547096,-60.28764912851,27.));
#77 = LINE('',#78,#79);
#78 = CARTESIAN_POINT('',(89.716629547096,-50.,27.));
#79 = VECTOR('',#80,1.);
#80 = DIRECTION('',(0.,-1.,4.4E-16));
#81 = ORIENTED_EDGE('',*,*,#82,.F.);
#82 = EDGE_CURVE('',#83,#75,#85,.T.);
#83 = VERTEX_POINT('',#84);
#84 = CARTESIAN_POINT('',(90.75,-60.,27.));
#85 = CIRCLE('',#86,2.);
#86 = AXIS2_PLACEMENT_3D('',#87,#88,#89);
#87 = CARTESIAN_POINT('',(90.75,-62.,27.));
#88 = DIRECTION('',(0.,-1.1E-16,1.));
#89 = DIRECTION('',(0.,1.,1.1E-16));
#90 = ORIENTED_EDGE('',*,*,#91,.F.);
#91 = EDGE_CURVE('',#92,#83,#94,.T.);
#92 = VERTEX_POINT('',#93);
#93 = CARTESIAN_POINT('',(92.75,-60.,27.));
#94 = LINE('',#95,#96);
#95 = CARTESIAN_POINT('',(91.995688373095,-60.,27.));
#96 = VECTOR('',#97,1.);
#97 = DIRECTION('',(-1.,0.,0.));
#98 = ORIENTED_EDGE('',*,*,#99,.F.);
#99 = EDGE_CURVE('',#100,#92,#102,.T.);
#100 = VERTEX_POINT('',#101);
#101 = CARTESIAN_POINT('',(94.75,-58.,27.));
#102 = CIRCLE('',#103,2.);
#103 = AXIS2_PLACEMENT_3D('',#104,#105,#106);
#104 = CARTESIAN_POINT('',(92.75,-58.,27.));
#105 = DIRECTION('',(0.,1.1E-16,-1.));
#106 = DIRECTION('',(0.,1.,1.1E-16));
#107 = ORIENTED_EDGE('',*,*,#108,.F.);
#108 = EDGE_CURVE('',#109,#100,#111,.T.);
#109 = VERTEX_POINT('',#110);
#110 = CARTESIAN_POINT('',(94.75,-52.,27.));
#111 = LINE('',#112,#113);
#112 = CARTESIAN_POINT('',(94.75,-50.,27.));
#113 = VECTOR('',#114,1.);
#114 = DIRECTION('',(0.,-1.,1.1E-16));
#115 = ORIENTED_EDGE('',*,*,#116,.F.);
#116 = EDGE_CURVE('',#117,#109,#119,.T.);
#117 = VERTEX_POINT('',#118);
#118 = CARTESIAN_POINT('',(92.75,-50.,27.));
#119 = CIRCLE('',#120,2.);
#120 = AXIS2_PLACEMENT_3D('',#121,#122,#123);
#121 = CARTESIAN_POINT('',(92.75,-52.,27.));
#122 = DIRECTION('',(-0.,-4.4E-16,-1.));
#123 = DIRECTION('',(0.,-1.,4.4E-16));
#124 = ORIENTED_EDGE('',*,*,#125,.F.);
#125 = EDGE_CURVE('',#126,#117,#128,.T.);
#126 = VERTEX_POINT('',#127);
#127 = CARTESIAN_POINT('',(89.716629547096,-50.,27.));
#128 = LINE('',#129,#130);
#129 = CARTESIAN_POINT('',(89.241376746189,-50.,27.));
#130 = VECTOR('',#131,1.);
#131 = DIRECTION('',(1.,0.,0.));
#132 = ORIENTED_EDGE('',*,*,#133,.T.);
#133 = EDGE_CURVE('',#126,#49,#134,.T.);
#134 = LINE('',#135,#136);
#135 = CARTESIAN_POINT('',(89.716629547096,-50.,27.));
#136 = VECTOR('',#137,1.);
#137 = DIRECTION('',(0.,-1.,4.4E-16));
#138 = ORIENTED_EDGE('',*,*,#48,.T.);
#139 = PLANE('',#140);
#140 = AXIS2_PLACEMENT_3D('',#141,#142,#143);
#141 = CARTESIAN_POINT('',(89.241376746189,-50.,27.));
#142 = DIRECTION('',(0.,1.1E-16,1.));
#143 = DIRECTION('',(1.,0.,0.));
#144 = ADVANCED_FACE('',(#145),#173,.T.);
#145 = FACE_BOUND('',#146,.T.);
#146 = EDGE_LOOP('',(#147,#156,#157,#165));
#147 = ORIENTED_EDGE('',*,*,#148,.F.);
#148 = EDGE_CURVE('',#49,#149,#151,.T.);
#149 = VERTEX_POINT('',#150);
#150 = CARTESIAN_POINT('',(89.217741895526,-54.72392143363,
    27.466666666667));
#151 = CIRCLE('',#152,0.5);
#152 = AXIS2_PLACEMENT_3D('',#153,#154,#155);
#153 = CARTESIAN_POINT('',(89.716629547096,-54.72392143363,27.5));
#154 = DIRECTION('',(-0.,1.,-4.4E-16));
#155 = DIRECTION('',(0.,-4.4E-16,-1.));
#156 = ORIENTED_EDGE('',*,*,#57,.T.);
#157 = ORIENTED_EDGE('',*,*,#158,.T.);
#158 = EDGE_CURVE('',#24,#159,#161,.T.);
#159 = VERTEX_POINT('',#160);
#160 = CARTESIAN_POINT('',(89.217741895526,-55.27607856636,
    27.466666666667));
#161 = ( BOUNDED_CURVE() B_SPLINE_CURVE(2,(#162,#163,#164),
.UNSPECIFIED.,.F.,.F.) B_SPLINE_CURVE_WITH_KNOTS((3,3),(0.,
0.552157132722),.PIECEWISE_BEZIER_KNOTS.) CURVE() 
GEOMETRIC_REPRESENTATION_ITEM() RATIONAL_B_SPLINE_CURVE((1.,
0.73029674334,1.)) REPRESENTATION_ITEM('') );
#162 = CARTESIAN_POINT('',(89.716629547096,-55.27607856636,27.));
#163 = CARTESIAN_POINT('',(89.248922373749,-55.27607856636,27.));
#164 = CARTESIAN_POINT('',(89.217741895526,-55.27607856636,
    27.466666666667));
#165 = ORIENTED_EDGE('',*,*,#166,.F.);
#166 = EDGE_CURVE('',#149,#159,#167,.T.);
#167 = ( BOUNDED_CURVE() B_SPLINE_CURVE(4,(#168,#169,#170,#171,#172),
.UNSPECIFIED.,.F.,.F.) B_SPLINE_CURVE_WITH_KNOTS((5,5),(4.723921433639,
5.276078566361),.PIECEWISE_BEZIER_KNOTS.) CURVE() 
GEOMETRIC_REPRESENTATION_ITEM() RATIONAL_B_SPLINE_CURVE((1.,1.,1.,1.,1.)
) REPRESENTATION_ITEM('') );
#168 = CARTESIAN_POINT('',(89.217741895526,-54.72392143363,
    27.466666666667));
#169 = CARTESIAN_POINT('',(89.217741895526,-54.86196071682,
    27.466666666667));
#170 = CARTESIAN_POINT('',(89.217789659183,-55.,27.465951722161));
#171 = CARTESIAN_POINT('',(89.217741895526,-55.13803928318,
    27.466666666667));
#172 = CARTESIAN_POINT('',(89.217741895526,-55.27607856636,
    27.466666666667));
#173 = ( BOUNDED_SURFACE() B_SPLINE_SURFACE(2,4,(
    (#174,#175,#176,#177,#178)
    ,(#179,#180,#181,#182,#183)
    ,(#184,#185,#186,#187,#188
)),.UNSPECIFIED.,.F.,.F.,.F.) B_SPLINE_SURFACE_WITH_KNOTS((3,3),(5,5),(
    0.,0.552157132722),(4.723921433639,5.276078566361),
.PIECEWISE_BEZIER_KNOTS.) GEOMETRIC_REPRESENTATION_ITEM() 
RATIONAL_B_SPLINE_SURFACE((
    (1.,1.,1.,1.,1.)
    ,(0.73029674334,0.741698254062,0.745139267914,0.741698254062
      ,0.73029674334)
,(1.,1.,1.,1.,1.))) REPRESENTATION_ITEM('') SURFACE() );
#174 = CARTESIAN_POINT('',(89.217741895526,-54.72392143363,
    27.466666666667));
#175 = CARTESIAN_POINT('',(89.217741895526,-54.86196071682,
    27.466666666667));
#176 = CARTESIAN_POINT('',(89.217789659183,-55.,27.465951722161));
#177 = CARTESIAN_POINT('',(89.217741895526,-55.13803928318,
    27.466666666667));
#178 = CARTESIAN_POINT('',(89.217741895526,-55.27607856636,
    27.466666666667));
#179 = CARTESIAN_POINT('',(89.248922373749,-54.72392143363,27.));
#180 = CARTESIAN_POINT('',(89.247895277521,-54.85983875366,
    27.015372168749));
#181 = CARTESIAN_POINT('',(89.247592513947,-55.,27.019569190887));
#182 = CARTESIAN_POINT('',(89.247895277521,-55.14016124633,
    27.015372168749));
#183 = CARTESIAN_POINT('',(89.248922373749,-55.27607856636,27.));
#184 = CARTESIAN_POINT('',(89.716629547096,-54.72392143363,27.));
#185 = CARTESIAN_POINT('',(89.699939444378,-54.86196071682,27.));
#186 = CARTESIAN_POINT('',(89.694537664827,-55.,27.));
#187 = CARTESIAN_POINT('',(89.699939444378,-55.13803928318,27.));
#188 = CARTESIAN_POINT('',(89.716629547096,-55.27607856636,27.));
#189 = ADVANCED_FACE('',(#190),#234,.F.);
#190 = FACE_BOUND('',#191,.T.);
#191 = EDGE_LOOP('',(#192,#200,#201,#202,#211,#227));
#192 = ORIENTED_EDGE('',*,*,#193,.F.);
#193 = EDGE_CURVE('',#33,#194,#196,.T.);
#194 = VERTEX_POINT('',#195);
#195 = CARTESIAN_POINT('',(93.8,-55.,30.499999999996));
#196 = LINE('',#197,#198);
#197 = CARTESIAN_POINT('',(93.8,-55.,-6.6E-16));
#198 = VECTOR('',#199,1.);
#199 = DIRECTION('',(0.,-1.1E-16,1.));
#200 = ORIENTED_EDGE('',*,*,#40,.T.);
#201 = ORIENTED_EDGE('',*,*,#193,.T.);
#202 = ORIENTED_EDGE('',*,*,#203,.F.);
#203 = EDGE_CURVE('',#204,#194,#206,.T.);
#204 = VERTEX_POINT('',#205);
#205 = CARTESIAN_POINT('',(92.694358444936,-53.33931750477,
    30.499999999996));
#206 = CIRCLE('',#207,1.8);
#207 = AXIS2_PLACEMENT_3D('',#208,#209,#210);
#208 = CARTESIAN_POINT('',(92.,-55.,30.499999999996));
#209 = DIRECTION('',(2.13E-15,-4.E-16,-1.));
#210 = DIRECTION('',(0.385754691631,0.922601386236,4.526169386805E-16));
#211 = ORIENTED_EDGE('',*,*,#212,.F.);
#212 = EDGE_CURVE('',#213,#204,#215,.T.);
#213 = VERTEX_POINT('',#214);
#214 = CARTESIAN_POINT('',(92.694358444936,-56.66068249522,
    30.499999999996));
#215 = B_SPLINE_CURVE_WITH_KNOTS('',10,(#216,#217,#218,#219,#220,#221,
    #222,#223,#224,#225,#226),.UNSPECIFIED.,.F.,.F.,(11,11),(
    11.309733552923,18.390292801912),.PIECEWISE_BEZIER_KNOTS.);
#216 = CARTESIAN_POINT('',(92.694358444936,-56.66068249522,
    30.499999999996));
#217 = CARTESIAN_POINT('',(92.041778681117,-56.93353674117,
    30.499999999996));
#218 = CARTESIAN_POINT('',(91.268547826413,-56.92220678472,
    30.499999999995));
#219 = CARTESIAN_POINT('',(90.515676369902,-56.56404204005,
    30.499999999998));
#220 = CARTESIAN_POINT('',(89.961615383184,-55.88473125584,
    30.499999999991));
#221 = CARTESIAN_POINT('',(89.749071699954,-55.,30.500000000001));
#222 = CARTESIAN_POINT('',(89.961615383185,-54.11526874415,
    30.49999999999));
#223 = CARTESIAN_POINT('',(90.515676369901,-53.43595795994,
    30.499999999999));
#224 = CARTESIAN_POINT('',(91.268547826413,-53.07779321527,
    30.499999999994));
#225 = CARTESIAN_POINT('',(92.041778681117,-53.06646325882,
    30.499999999996));
#226 = CARTESIAN_POINT('',(92.694358444936,-53.33931750477,
    30.499999999996));
#227 = ORIENTED_EDGE('',*,*,#228,.F.);
#228 = EDGE_CURVE('',#194,#213,#229,.T.);
#229 = CIRCLE('',#230,1.8);
#230 = AXIS2_PLACEMENT_3D('',#231,#232,#233);
#231 = CARTESIAN_POINT('',(92.,-55.,30.499999999996));
#232 = DIRECTION('',(2.13E-15,-4.E-16,-1.));
#233 = DIRECTION('',(1.,-4.93E-15,2.13E-15));
#234 = CYLINDRICAL_SURFACE('',#235,1.8);
#235 = AXIS2_PLACEMENT_3D('',#236,#237,#238);
#236 = CARTESIAN_POINT('',(92.,-55.,-6.6E-16));
#237 = DIRECTION('',(0.,1.1E-16,-1.));
#238 = DIRECTION('',(1.,0.,0.));
#239 = ADVANCED_FACE('',(#240),#272,.T.);
#240 = FACE_BOUND('',#241,.F.);
#241 = EDGE_LOOP('',(#242,#243,#251,#271));
#242 = ORIENTED_EDGE('',*,*,#158,.T.);
#243 = ORIENTED_EDGE('',*,*,#244,.T.);
#244 = EDGE_CURVE('',#159,#245,#247,.T.);
#245 = VERTEX_POINT('',#246);
#246 = CARTESIAN_POINT('',(89.217741895526,-60.71462647782,
    27.466666666667));
#247 = LINE('',#248,#249);
#248 = CARTESIAN_POINT('',(89.217741895526,-50.,27.466666666667));
#249 = VECTOR('',#250,1.);
#250 = DIRECTION('',(0.,-1.,4.4E-16));
#251 = ORIENTED_EDGE('',*,*,#252,.F.);
#252 = EDGE_CURVE('',#75,#245,#253,.T.);
#253 = B_SPLINE_CURVE_WITH_KNOTS('',6,(#254,#255,#256,#257,#258,#259,
    #260,#261,#262,#263,#264,#265,#266,#267,#268,#269,#270),
  .UNSPECIFIED.,.F.,.F.,(7,5,5,7),(0.,0.41762574144,0.764815018396,1.),
  .UNSPECIFIED.);
#254 = CARTESIAN_POINT('',(89.716629547096,-60.28764912851,27.));
#255 = CARTESIAN_POINT('',(89.662849771555,-60.32010417726,27.));
#256 = CARTESIAN_POINT('',(89.609706359981,-60.35493991268,
    27.006941632029));
#257 = CARTESIAN_POINT('',(89.558371210182,-60.39156447925,
    27.020515443925));
#258 = CARTESIAN_POINT('',(89.509731965304,-60.42918946862,
    27.040139562591));
#259 = CARTESIAN_POINT('',(89.46439901786,-60.46692811805,
    27.065245407567));
#260 = CARTESIAN_POINT('',(89.388371990988,-60.53436111538,
    27.120439882556));
#261 = CARTESIAN_POINT('',(89.356517238404,-60.56432213651,
    27.148960189542));
#262 = CARTESIAN_POINT('',(89.327587516063,-60.59305805807,
    27.180698053872));
#263 = CARTESIAN_POINT('',(89.301893989093,-60.6198586883,
    27.215416250002));
#264 = CARTESIAN_POINT('',(89.279794165174,-60.64381743055,
    27.25284671421));
#265 = CARTESIAN_POINT('',(89.249388580478,-60.67769018079,
    27.319549819741));
#266 = CARTESIAN_POINT('',(89.23893577905,-60.6896383634,27.347552471586
    ));
#267 = CARTESIAN_POINT('',(89.230435119536,-60.69956047252,
    27.376478055439));
#268 = CARTESIAN_POINT('',(89.22401417101,-60.7071589861,27.406139913597
    ));
#269 = CARTESIAN_POINT('',(89.2197707984,-60.71220787522,27.436300828966
    ));
#270 = CARTESIAN_POINT('',(89.217741895526,-60.71462647402,
    27.466666666667));
#271 = ORIENTED_EDGE('',*,*,#74,.F.);
#272 = CYLINDRICAL_SURFACE('',#273,0.5);
#273 = AXIS2_PLACEMENT_3D('',#274,#275,#276);
#274 = CARTESIAN_POINT('',(89.716629547096,-50.,27.5));
#275 = DIRECTION('',(0.,-1.,4.4E-16));
#276 = DIRECTION('',(0.,-4.4E-16,-1.));
#277 = ADVANCED_FACE('',(#278),#370,.F.);
#278 = FACE_BOUND('',#279,.T.);
#279 = EDGE_LOOP('',(#280,#281,#289,#321,#329,#369));
#280 = ORIENTED_EDGE('',*,*,#82,.F.);
#281 = ORIENTED_EDGE('',*,*,#282,.F.);
#282 = EDGE_CURVE('',#283,#83,#285,.T.);
#283 = VERTEX_POINT('',#284);
#284 = CARTESIAN_POINT('',(90.75,-60.,35.787087810503));
#285 = LINE('',#286,#287);
#286 = CARTESIAN_POINT('',(90.75,-60.,38.593386622448));
#287 = VECTOR('',#288,1.);
#288 = DIRECTION('',(0.,1.1E-16,-1.));
#289 = ORIENTED_EDGE('',*,*,#290,.T.);
#290 = EDGE_CURVE('',#283,#291,#293,.T.);
#291 = VERTEX_POINT('',#292);
#292 = CARTESIAN_POINT('',(88.75,-62.,38.593386622448));
#293 = B_SPLINE_CURVE_WITH_KNOTS('',6,(#294,#295,#296,#297,#298,#299,
    #300,#301,#302,#303,#304,#305,#306,#307,#308,#309,#310,#311,#312,
    #313,#314,#315,#316,#317,#318,#319,#320),.UNSPECIFIED.,.F.,.F.,(7,5,
    5,5,5,7),(0.,0.312842380102,0.572113332918,0.732868319145,
    0.820439234241,1.),.UNSPECIFIED.);
#294 = CARTESIAN_POINT('',(90.75,-60.,35.787087810503));
#295 = CARTESIAN_POINT('',(90.632147521442,-60.,35.990126663522));
#296 = CARTESIAN_POINT('',(90.510915313356,-60.00833391807,
    36.191866806638));
#297 = CARTESIAN_POINT('',(90.386458510697,-60.0258953947,
    36.391975820492));
#298 = CARTESIAN_POINT('',(90.259160411787,-60.05381868797,36.589791241)
  );
#299 = CARTESIAN_POINT('',(90.129702717535,-60.09341515215,
    36.784352088307));
#300 = CARTESIAN_POINT('',(89.890987740137,-60.19010467243,
    37.131885925096));
#301 = CARTESIAN_POINT('',(89.782131284869,-60.2430151537,
    37.286182163026));
#302 = CARTESIAN_POINT('',(89.673198142098,-60.3059194297,
    37.436593578476));
#303 = CARTESIAN_POINT('',(89.565185334337,-60.37978833083,
    37.581974130625));
#304 = CARTESIAN_POINT('',(89.459545744358,-60.46551174422,
    37.720809201084));
#305 = CARTESIAN_POINT('',(89.295321442404,-60.62465616435,
    37.932152784988));
#306 = CARTESIAN_POINT('',(89.234128723481,-60.69035628095,
    38.009793641115));
#307 = CARTESIAN_POINT('',(89.175067411769,-60.76097893446,
    38.083727767997));
#308 = CARTESIAN_POINT('',(89.118702170474,-60.83657703657,
    38.153412053662));
#309 = CARTESIAN_POINT('',(89.065672970912,-60.91708610711,
    38.218252387093));
#310 = CARTESIAN_POINT('',(88.989931994846,-61.04867080611,
    38.309999872578));
#311 = CARTESIAN_POINT('',(88.964409520794,-61.09645877941,
    38.34073673552));
#312 = CARTESIAN_POINT('',(88.940182263761,-61.14559104806,
    38.369757382046));
#313 = CARTESIAN_POINT('',(88.91735964746,-61.19601148563,
    38.396963056754));
#314 = CARTESIAN_POINT('',(88.896048690924,-61.24764649796,
    38.422258054068));
#315 = CARTESIAN_POINT('',(88.83595916624,-61.40857726128,
    38.493317609555));
#316 = CARTESIAN_POINT('',(88.802325553918,-61.52152377548,
    38.532698430764));
#317 = CARTESIAN_POINT('',(88.776370280986,-61.63834382068,
    38.562859276614));
#318 = CARTESIAN_POINT('',(88.758786270935,-61.75793261526,
    38.583215030224));
#319 = CARTESIAN_POINT('',(88.75,-61.87898978453,38.593386622448));
#320 = CARTESIAN_POINT('',(88.75,-62.,38.593386622448));
#321 = ORIENTED_EDGE('',*,*,#322,.T.);
#322 = EDGE_CURVE('',#291,#323,#325,.T.);
#323 = VERTEX_POINT('',#324);
#324 = CARTESIAN_POINT('',(88.75,-62.,30.274917217635));
#325 = LINE('',#326,#327);
#326 = CARTESIAN_POINT('',(88.75,-62.,38.593386622448));
#327 = VECTOR('',#328,1.);
#328 = DIRECTION('',(0.,1.1E-16,-1.));
#329 = ORIENTED_EDGE('',*,*,#330,.F.);
#330 = EDGE_CURVE('',#245,#323,#331,.T.);
#331 = B_SPLINE_CURVE_WITH_KNOTS('',8,(#332,#333,#334,#335,#336,#337,
    #338,#339,#340,#341,#342,#343,#344,#345,#346,#347,#348,#349,#350,
    #351,#352,#353,#354,#355,#356,#357,#358,#359,#360,#361,#362,#363,
    #364,#365,#366,#367,#368),.UNSPECIFIED.,.F.,.F.,(9,7,7,7,7,9),(0.,
    0.458667273527,0.678247865265,0.876724776804,0.929642019725,1.),
  .UNSPECIFIED.);
#332 = CARTESIAN_POINT('',(89.25,-60.67712434446,26.5));
#333 = CARTESIAN_POINT('',(89.25,-60.67712434446,26.748581100601));
#334 = CARTESIAN_POINT('',(89.245129663505,-60.68264708584,
    26.997027852391));
#335 = CARTESIAN_POINT('',(89.235398100318,-60.69368001468,
    27.245266615479));
#336 = CARTESIAN_POINT('',(89.220813825646,-60.71045085943,
    27.493110080897));
#337 = CARTESIAN_POINT('',(89.201402411215,-60.73336951999,
    27.740265118068));
#338 = CARTESIAN_POINT('',(89.17722850001,-60.76314343997,
    27.986313995351));
#339 = CARTESIAN_POINT('',(89.148412812591,-60.80073016601,
    28.230722118604));
#340 = CARTESIAN_POINT('',(89.099259665535,-60.87047821369,
    28.588642485109));
#341 = CARTESIAN_POINT('',(89.082341630168,-60.89524157911,
    28.703909845492));
#342 = CARTESIAN_POINT('',(89.064441255506,-60.92238362291,
    28.818515930441));
#343 = CARTESIAN_POINT('',(89.045591282983,-60.95213176298,
    28.932348759733));
#344 = CARTESIAN_POINT('',(89.025841131226,-60.98476307059,
    29.045230599025));
#345 = CARTESIAN_POINT('',(89.005261633551,-61.02060650713,
    29.156917801005));
#346 = CARTESIAN_POINT('',(88.983952333097,-61.06007273904,
    29.267091302995));
#347 = CARTESIAN_POINT('',(88.942263364499,-61.14323924847,
    29.473150307131));
#348 = CARTESIAN_POINT('',(88.922070253296,-61.18601140152,
    29.569000731337));
#349 = CARTESIAN_POINT('',(88.90151127169,-61.23261018786,
    29.662956833642));
#350 = CARTESIAN_POINT('',(88.880711640319,-61.2836396704,
    29.754638867349));
#351 = CARTESIAN_POINT('',(88.859898863649,-61.33969811433,
    29.843280883802));
#352 = CARTESIAN_POINT('',(88.839470670802,-61.40153472794,
    29.927576745509));
#353 = CARTESIAN_POINT('',(88.819968782032,-61.46982849161,
    30.005873901407));
#354 = CARTESIAN_POINT('',(88.797503647086,-61.56618924345,
    30.094163188973));
#355 = CARTESIAN_POINT('',(88.792905727037,-61.58700332071,
    30.112115817325));
#356 = CARTESIAN_POINT('',(88.788456109845,-61.60836177935,30.1293817269
    ));
#357 = CARTESIAN_POINT('',(88.78417506339,-61.6302741175,30.145896600626
    ));
#358 = CARTESIAN_POINT('',(88.780085199552,-61.65274446817,
    30.161588400652));
#359 = CARTESIAN_POINT('',(88.776210971935,-61.67577050827,
    30.176379081779));
#360 = CARTESIAN_POINT('',(88.772578173606,-61.69934236753,
    30.190186304887));
#361 = CARTESIAN_POINT('',(88.764739728086,-61.755483436,30.219862530109
    ));
#362 = CARTESIAN_POINT('',(88.760736748637,-61.78847927876,
    30.234923119195));
#363 = CARTESIAN_POINT('',(88.757272531213,-61.82235333842,
    30.247885542526));
#364 = CARTESIAN_POINT('',(88.754413604082,-61.8570005198,
    30.258536524473));
#365 = CARTESIAN_POINT('',(88.752220118936,-61.89228341255,
    30.266683654201));
#366 = CARTESIAN_POINT('',(88.750739698239,-61.92802842833,
    30.272173806433));
#367 = CARTESIAN_POINT('',(88.75,-61.96402102246,30.274917217635));
#368 = CARTESIAN_POINT('',(88.75,-62.,30.274917217635));
#369 = ORIENTED_EDGE('',*,*,#252,.F.);
#370 = CYLINDRICAL_SURFACE('',#371,2.);
#371 = AXIS2_PLACEMENT_3D('',#372,#373,#374);
#372 = CARTESIAN_POINT('',(90.75,-62.,38.593386622448));
#373 = DIRECTION('',(0.,1.1E-16,-1.));
#374 = DIRECTION('',(0.,1.,1.1E-16));
#375 = ADVANCED_FACE('',(#376),#395,.T.);
#376 = FACE_BOUND('',#377,.F.);
#377 = EDGE_LOOP('',(#378,#387,#393,#394));
#378 = ORIENTED_EDGE('',*,*,#379,.T.);
#379 = EDGE_CURVE('',#126,#380,#382,.T.);
#380 = VERTEX_POINT('',#381);
#381 = CARTESIAN_POINT('',(89.217741895526,-50.,27.466666666667));
#382 = CIRCLE('',#383,0.5);
#383 = AXIS2_PLACEMENT_3D('',#384,#385,#386);
#384 = CARTESIAN_POINT('',(89.716629547096,-50.,27.5));
#385 = DIRECTION('',(-0.,1.,-4.4E-16));
#386 = DIRECTION('',(0.,-4.4E-16,-1.));
#387 = ORIENTED_EDGE('',*,*,#388,.T.);
#388 = EDGE_CURVE('',#380,#149,#389,.T.);
#389 = LINE('',#390,#391);
#390 = CARTESIAN_POINT('',(89.217741895526,-50.,27.466666666667));
#391 = VECTOR('',#392,1.);
#392 = DIRECTION('',(0.,-1.,4.4E-16));
#393 = ORIENTED_EDGE('',*,*,#148,.F.);
#394 = ORIENTED_EDGE('',*,*,#133,.F.);
#395 = CYLINDRICAL_SURFACE('',#396,0.5);
#396 = AXIS2_PLACEMENT_3D('',#397,#398,#399);
#397 = CARTESIAN_POINT('',(89.716629547096,-50.,27.5));
#398 = DIRECTION('',(0.,-1.,4.4E-16));
#399 = DIRECTION('',(0.,-4.4E-16,-1.));
#400 = ADVANCED_FACE('',(#401),#428,.F.);
#401 = FACE_BOUND('',#402,.F.);
#402 = EDGE_LOOP('',(#403,#413,#419,#420,#421));
#403 = ORIENTED_EDGE('',*,*,#404,.F.);
#404 = EDGE_CURVE('',#405,#407,#409,.T.);
#405 = VERTEX_POINT('',#406);
#406 = CARTESIAN_POINT('',(92.75,-60.,30.999999999996));
#407 = VERTEX_POINT('',#408);
#408 = CARTESIAN_POINT('',(92.694358444936,-60.,30.999999999996));
#409 = LINE('',#410,#411);
#410 = CARTESIAN_POINT('',(93.865005027534,-60.,30.999999999996));
#411 = VECTOR('',#412,1.);
#412 = DIRECTION('',(-1.,0.,-2.13E-15));
#413 = ORIENTED_EDGE('',*,*,#414,.T.);
#414 = EDGE_CURVE('',#405,#92,#415,.T.);
#415 = LINE('',#416,#417);
#416 = CARTESIAN_POINT('',(92.75,-60.,30.999999999996));
#417 = VECTOR('',#418,1.);
#418 = DIRECTION('',(0.,1.1E-16,-1.));
#419 = ORIENTED_EDGE('',*,*,#91,.T.);
#420 = ORIENTED_EDGE('',*,*,#282,.F.);
#421 = ORIENTED_EDGE('',*,*,#422,.T.);
#422 = EDGE_CURVE('',#283,#407,#423,.T.);
#423 = CIRCLE('',#424,18.5);
#424 = AXIS2_PLACEMENT_3D('',#425,#426,#427);
#425 = CARTESIAN_POINT('',(74.75,-60.,26.5));
#426 = DIRECTION('',(0.,1.,-4.4E-16));
#427 = DIRECTION('',(1.,0.,0.));
#428 = PLANE('',#429);
#429 = AXIS2_PLACEMENT_3D('',#430,#431,#432);
#430 = CARTESIAN_POINT('',(94.75,-60.,41.));
#431 = DIRECTION('',(0.,1.,1.1E-16));
#432 = DIRECTION('',(-1.,0.,0.));
#433 = ADVANCED_FACE('',(#434),#503,.T.);
#434 = FACE_BOUND('',#435,.T.);
#435 = EDGE_LOOP('',(#436,#437,#438,#447,#456,#464,#472,#480,#489,#497)
  );
#436 = ORIENTED_EDGE('',*,*,#125,.F.);
#437 = ORIENTED_EDGE('',*,*,#379,.T.);
#438 = ORIENTED_EDGE('',*,*,#439,.T.);
#439 = EDGE_CURVE('',#380,#440,#442,.T.);
#440 = VERTEX_POINT('',#441);
#441 = CARTESIAN_POINT('',(60.282258104474,-50.,27.466666666667));
#442 = CIRCLE('',#443,14.5);
#443 = AXIS2_PLACEMENT_3D('',#444,#445,#446);
#444 = CARTESIAN_POINT('',(74.75,-50.,26.5));
#445 = DIRECTION('',(0.,-1.,0.));
#446 = DIRECTION('',(1.,0.,0.));
#447 = ORIENTED_EDGE('',*,*,#448,.T.);
#448 = EDGE_CURVE('',#440,#449,#451,.T.);
#449 = VERTEX_POINT('',#450);
#450 = CARTESIAN_POINT('',(59.783370452904,-50.,27.));
#451 = CIRCLE('',#452,0.5);
#452 = AXIS2_PLACEMENT_3D('',#453,#454,#455);
#453 = CARTESIAN_POINT('',(59.783370452904,-50.,27.5));
#454 = DIRECTION('',(-0.,1.,-4.4E-16));
#455 = DIRECTION('',(0.,-4.4E-16,-1.));
#456 = ORIENTED_EDGE('',*,*,#457,.F.);
#457 = EDGE_CURVE('',#458,#449,#460,.T.);
#458 = VERTEX_POINT('',#459);
#459 = CARTESIAN_POINT('',(56.75,-50.,27.));
#460 = LINE('',#461,#462);
#461 = CARTESIAN_POINT('',(54.75,-50.,27.));
#462 = VECTOR('',#463,1.);
#463 = DIRECTION('',(1.,0.,0.));
#464 = ORIENTED_EDGE('',*,*,#465,.T.);
#465 = EDGE_CURVE('',#458,#466,#468,.T.);
#466 = VERTEX_POINT('',#467);
#467 = CARTESIAN_POINT('',(56.75,-50.,31.));
#468 = LINE('',#469,#470);
#469 = CARTESIAN_POINT('',(56.75,-50.,27.));
#470 = VECTOR('',#471,1.);
#471 = DIRECTION('',(0.,4.4E-16,1.));
#472 = ORIENTED_EDGE('',*,*,#473,.T.);
#473 = EDGE_CURVE('',#466,#474,#476,.T.);
#474 = VERTEX_POINT('',#475);
#475 = CARTESIAN_POINT('',(56.805641555064,-50.,30.999999999998));
#476 = LINE('',#477,#478);
#477 = CARTESIAN_POINT('',(54.75,-50.,31.));
#478 = VECTOR('',#479,1.);
#479 = DIRECTION('',(1.,0.,0.));
#480 = ORIENTED_EDGE('',*,*,#481,.F.);
#481 = EDGE_CURVE('',#482,#474,#484,.T.);
#482 = VERTEX_POINT('',#483);
#483 = CARTESIAN_POINT('',(92.694358444936,-50.,30.999999999996));
#484 = CIRCLE('',#485,18.5);
#485 = AXIS2_PLACEMENT_3D('',#486,#487,#488);
#486 = CARTESIAN_POINT('',(74.75,-50.,26.5));
#487 = DIRECTION('',(0.,-1.,0.));
#488 = DIRECTION('',(1.,0.,0.));
#489 = ORIENTED_EDGE('',*,*,#490,.F.);
#490 = EDGE_CURVE('',#491,#482,#493,.T.);
#491 = VERTEX_POINT('',#492);
#492 = CARTESIAN_POINT('',(92.75,-50.,30.999999999996));
#493 = LINE('',#494,#495);
#494 = CARTESIAN_POINT('',(94.75,-50.,30.999999999996));
#495 = VECTOR('',#496,1.);
#496 = DIRECTION('',(-1.,0.,0.));
#497 = ORIENTED_EDGE('',*,*,#498,.F.);
#498 = EDGE_CURVE('',#117,#491,#499,.T.);
#499 = LINE('',#500,#501);
#500 = CARTESIAN_POINT('',(92.75,-50.,27.));
#501 = VECTOR('',#502,1.);
#502 = DIRECTION('',(0.,4.4E-16,1.));
#503 = PLANE('',#504);
#504 = AXIS2_PLACEMENT_3D('',#505,#506,#507);
#505 = CARTESIAN_POINT('',(74.749999999999,-50.,35.426581600448));
#506 = DIRECTION('',(0.,1.,0.));
#507 = DIRECTION('',(0.,0.,1.));
#508 = ADVANCED_FACE('',(#509),#528,.T.);
#509 = FACE_BOUND('',#510,.T.);
#510 = EDGE_LOOP('',(#511,#520,#521,#522));
#511 = ORIENTED_EDGE('',*,*,#512,.T.);
#512 = EDGE_CURVE('',#513,#405,#515,.T.);
#513 = VERTEX_POINT('',#514);
#514 = CARTESIAN_POINT('',(94.75,-58.,30.999999999996));
#515 = CIRCLE('',#516,2.);
#516 = AXIS2_PLACEMENT_3D('',#517,#518,#519);
#517 = CARTESIAN_POINT('',(92.75,-58.,30.999999999996));
#518 = DIRECTION('',(0.,1.1E-16,-1.));
#519 = DIRECTION('',(0.,1.,1.1E-16));
#520 = ORIENTED_EDGE('',*,*,#414,.T.);
#521 = ORIENTED_EDGE('',*,*,#99,.F.);
#522 = ORIENTED_EDGE('',*,*,#523,.F.);
#523 = EDGE_CURVE('',#513,#100,#524,.T.);
#524 = LINE('',#525,#526);
#525 = CARTESIAN_POINT('',(94.75,-58.,30.999999999996));
#526 = VECTOR('',#527,1.);
#527 = DIRECTION('',(0.,1.1E-16,-1.));
#528 = CYLINDRICAL_SURFACE('',#529,2.);
#529 = AXIS2_PLACEMENT_3D('',#530,#531,#532);
#530 = CARTESIAN_POINT('',(92.75,-58.,30.999999999996));
#531 = DIRECTION('',(0.,1.1E-16,-1.));
#532 = DIRECTION('',(1.,0.,0.));
#533 = ADVANCED_FACE('',(#534),#553,.T.);
#534 = FACE_BOUND('',#535,.F.);
#535 = EDGE_LOOP('',(#536,#537,#545,#552));
#536 = ORIENTED_EDGE('',*,*,#116,.T.);
#537 = ORIENTED_EDGE('',*,*,#538,.T.);
#538 = EDGE_CURVE('',#109,#539,#541,.T.);
#539 = VERTEX_POINT('',#540);
#540 = CARTESIAN_POINT('',(94.75,-52.,30.999999999996));
#541 = LINE('',#542,#543);
#542 = CARTESIAN_POINT('',(94.75,-52.,27.));
#543 = VECTOR('',#544,1.);
#544 = DIRECTION('',(0.,4.4E-16,1.));
#545 = ORIENTED_EDGE('',*,*,#546,.F.);
#546 = EDGE_CURVE('',#491,#539,#547,.T.);
#547 = CIRCLE('',#548,2.);
#548 = AXIS2_PLACEMENT_3D('',#549,#550,#551);
#549 = CARTESIAN_POINT('',(92.75,-52.,30.999999999996));
#550 = DIRECTION('',(-0.,-4.4E-16,-1.));
#551 = DIRECTION('',(0.,-1.,4.4E-16));
#552 = ORIENTED_EDGE('',*,*,#498,.F.);
#553 = CYLINDRICAL_SURFACE('',#554,2.);
#554 = AXIS2_PLACEMENT_3D('',#555,#556,#557);
#555 = CARTESIAN_POINT('',(92.75,-52.,27.));
#556 = DIRECTION('',(0.,4.4E-16,1.));
#557 = DIRECTION('',(0.,1.,-4.4E-16));
#558 = ADVANCED_FACE('',(#559),#570,.F.);
#559 = FACE_BOUND('',#560,.F.);
#560 = EDGE_LOOP('',(#561,#567,#568,#569));
#561 = ORIENTED_EDGE('',*,*,#562,.F.);
#562 = EDGE_CURVE('',#539,#513,#563,.T.);
#563 = LINE('',#564,#565);
#564 = CARTESIAN_POINT('',(94.75,-50.,30.999999999996));
#565 = VECTOR('',#566,1.);
#566 = DIRECTION('',(0.,-1.,3.3E-16));
#567 = ORIENTED_EDGE('',*,*,#538,.F.);
#568 = ORIENTED_EDGE('',*,*,#108,.T.);
#569 = ORIENTED_EDGE('',*,*,#523,.F.);
#570 = PLANE('',#571);
#571 = AXIS2_PLACEMENT_3D('',#572,#573,#574);
#572 = CARTESIAN_POINT('',(94.75,-50.,27.));
#573 = DIRECTION('',(-1.,0.,0.));
#574 = DIRECTION('',(0.,1.1E-16,1.));
#575 = ADVANCED_FACE('',(#576),#931,.F.);
#576 = FACE_BOUND('',#577,.T.);
#577 = EDGE_LOOP('',(#578,#579,#587,#636,#644,#654,#662,#671,#679,#688,
    #697,#705,#796,#804,#895,#903,#912,#921,#927,#928,#929,#930));
#578 = ORIENTED_EDGE('',*,*,#330,.T.);
#579 = ORIENTED_EDGE('',*,*,#580,.F.);
#580 = EDGE_CURVE('',#581,#323,#583,.T.);
#581 = VERTEX_POINT('',#582);
#582 = CARTESIAN_POINT('',(88.75,-68.,30.274917217635));
#583 = LINE('',#584,#585);
#584 = CARTESIAN_POINT('',(88.75,-50.,30.274917217635));
#585 = VECTOR('',#586,1.);
#586 = DIRECTION('',(0.,1.,-4.4E-16));
#587 = ORIENTED_EDGE('',*,*,#588,.T.);
#588 = EDGE_CURVE('',#581,#589,#591,.T.);
#589 = VERTEX_POINT('',#590);
#590 = CARTESIAN_POINT('',(89.217741895526,-69.28537350451,
    27.466666666667));
#591 = B_SPLINE_CURVE_WITH_KNOTS('',8,(#592,#593,#594,#595,#596,#597,
    #598,#599,#600,#601,#602,#603,#604,#605,#606,#607,#608,#609,#610,
    #611,#612,#613,#614,#615,#616,#617,#618,#619,#620,#621,#622,#623,
    #624,#625,#626,#627,#628,#629,#630,#631,#632,#633,#634,#635),
  .UNSPECIFIED.,.F.,.F.,(9,7,7,7,7,7,9),(0.,7.178140558972E-02,
    0.124931134866,0.217052921778,0.324458156387,0.512401521305,1.),
  .UNSPECIFIED.);
#592 = CARTESIAN_POINT('',(88.75,-68.,30.274917217635));
#593 = CARTESIAN_POINT('',(88.75,-68.03671654307,30.274917217635));
#594 = CARTESIAN_POINT('',(88.750770339569,-68.07344767532,
    30.272060152717));
#595 = CARTESIAN_POINT('',(88.752312123111,-68.10991442713,
    30.266342462905));
#596 = CARTESIAN_POINT('',(88.754595223699,-68.1458899751,
    30.257861935333));
#597 = CARTESIAN_POINT('',(88.757568142344,-68.18119247075,
    30.246784123267));
#598 = CARTESIAN_POINT('',(88.761166274559,-68.21567912914,
    30.233315601788));
#599 = CARTESIAN_POINT('',(88.765318584194,-68.24924157751,
    30.217684060126));
#600 = CARTESIAN_POINT('',(88.773383951734,-68.30591180362,
    30.187123994116));
#601 = CARTESIAN_POINT('',(88.777081329752,-68.32948543675,
    30.17305867613));
#602 = CARTESIAN_POINT('',(88.781017934452,-68.3525062479,
    30.158014972158));
#603 = CARTESIAN_POINT('',(88.78516782916,-68.3749655667,30.142075655865
    ));
#604 = CARTESIAN_POINT('',(88.789506505881,-68.39686209789,
    30.12531892761));
#605 = CARTESIAN_POINT('',(88.794011366497,-68.41820085142,
    30.10781676293));
#606 = CARTESIAN_POINT('',(88.798662203956,-68.43899207252,
    30.089633261037));
#607 = CARTESIAN_POINT('',(88.811725717998,-68.49436252954,
    30.038220090147));
#608 = CARTESIAN_POINT('',(88.820391945096,-68.52785613613,
    30.003750871865));
#609 = CARTESIAN_POINT('',(88.82935118837,-68.55981986304,
    29.967694504714));
#610 = CARTESIAN_POINT('',(88.838528395832,-68.59033728874,
    29.930286778444));
#611 = CARTESIAN_POINT('',(88.847861510963,-68.61949055304,
    29.891724024453));
#612 = CARTESIAN_POINT('',(88.857300458944,-68.64736246709,
    29.852165244017));
#613 = CARTESIAN_POINT('',(88.866806248056,-68.67403687901,
    29.811732446592));
#614 = CARTESIAN_POINT('',(88.887477509709,-68.72939830738,
    29.722446814538));
#615 = CARTESIAN_POINT('',(88.898650681272,-68.75766916924,
    29.673335914877));
#616 = CARTESIAN_POINT('',(88.909819881911,-68.78453368084,
    29.623329448405));
#617 = CARTESIAN_POINT('',(88.920944624564,-68.81009483458,
    29.572553582738));
#618 = CARTESIAN_POINT('',(88.931992141609,-68.83444210055,
    29.521111895024));
#619 = CARTESIAN_POINT('',(88.942936110797,-68.85765623463,
    29.469088087909));
#620 = CARTESIAN_POINT('',(88.953755719624,-68.87981160937,
    29.416547230345));
#621 = CARTESIAN_POINT('',(88.98312235754,-68.93801075663,
    29.270772832072));
#622 = CARTESIAN_POINT('',(89.001371841509,-68.97199567877,
    29.176609650705));
#623 = CARTESIAN_POINT('',(89.019095272023,-69.00329062824,
    29.081314343744));
#624 = CARTESIAN_POINT('',(89.036227184416,-69.03216748601,
    28.985096365801));
#625 = CARTESIAN_POINT('',(89.052719314105,-69.05884421239,
    28.88811842402));
#626 = CARTESIAN_POINT('',(89.068536235497,-69.08350649264,
    28.790504003878));
#627 = CARTESIAN_POINT('',(89.083652223116,-69.10631703546,
    28.692340258295));
#628 = CARTESIAN_POINT('',(89.135401064983,-69.18214246039,
    28.337703321195));
#629 = CARTESIAN_POINT('',(89.167868382816,-69.22526555621,
    28.07867573029));
#630 = CARTESIAN_POINT('',(89.195139856884,-69.25921997636,
    27.817583771777));
#631 = CARTESIAN_POINT('',(89.217050719646,-69.28521588248,
    27.555127488626));
#632 = CARTESIAN_POINT('',(89.233513973445,-69.30418484272,
    27.291855533726));
#633 = CARTESIAN_POINT('',(89.244499989904,-69.31663872621,
    27.028129216054));
#634 = CARTESIAN_POINT('',(89.25,-69.32287565553,26.764162328642));
#635 = CARTESIAN_POINT('',(89.25,-69.32287565553,26.5));
#636 = ORIENTED_EDGE('',*,*,#637,.T.);
#637 = EDGE_CURVE('',#589,#638,#640,.T.);
#638 = VERTEX_POINT('',#639);
#639 = CARTESIAN_POINT('',(89.217741895526,-74.72392143363,
    27.466666666667));
#640 = LINE('',#641,#642);
#641 = CARTESIAN_POINT('',(89.217741895526,-69.31303308338,
    27.466666666667));
#642 = VECTOR('',#643,1.);
#643 = DIRECTION('',(0.,-1.,4.4E-16));
#644 = ORIENTED_EDGE('',*,*,#645,.T.);
#645 = EDGE_CURVE('',#638,#646,#648,.T.);
#646 = VERTEX_POINT('',#647);
#647 = CARTESIAN_POINT('',(89.217741895526,-75.27607856636,
    27.466666666667));
#648 = ( BOUNDED_CURVE() B_SPLINE_CURVE(4,(#649,#650,#651,#652,#653),
.UNSPECIFIED.,.F.,.F.) B_SPLINE_CURVE_WITH_KNOTS((5,5),(5.410888350256,
5.963045482977),.PIECEWISE_BEZIER_KNOTS.) CURVE() 
GEOMETRIC_REPRESENTATION_ITEM() RATIONAL_B_SPLINE_CURVE((1.,1.,1.,1.,1.)
) REPRESENTATION_ITEM('') );
#649 = CARTESIAN_POINT('',(89.217741895526,-74.72392143363,
    27.466666666667));
#650 = CARTESIAN_POINT('',(89.217741895526,-74.86196071682,
    27.466666666667));
#651 = CARTESIAN_POINT('',(89.217789659183,-75.,27.465951722161));
#652 = CARTESIAN_POINT('',(89.217741895526,-75.13803928318,
    27.466666666667));
#653 = CARTESIAN_POINT('',(89.217741895526,-75.27607856636,
    27.466666666667));
#654 = ORIENTED_EDGE('',*,*,#655,.T.);
#655 = EDGE_CURVE('',#646,#656,#658,.T.);
#656 = VERTEX_POINT('',#657);
#657 = CARTESIAN_POINT('',(89.217741895526,-80.,27.466666666667));
#658 = LINE('',#659,#660);
#659 = CARTESIAN_POINT('',(89.217741895526,-69.31303308338,
    27.466666666667));
#660 = VECTOR('',#661,1.);
#661 = DIRECTION('',(0.,-1.,4.4E-16));
#662 = ORIENTED_EDGE('',*,*,#663,.T.);
#663 = EDGE_CURVE('',#656,#664,#666,.T.);
#664 = VERTEX_POINT('',#665);
#665 = CARTESIAN_POINT('',(60.282258104474,-80.,27.466666666667));
#666 = CIRCLE('',#667,14.5);
#667 = AXIS2_PLACEMENT_3D('',#668,#669,#670);
#668 = CARTESIAN_POINT('',(74.75,-80.,26.5));
#669 = DIRECTION('',(0.,-1.,0.));
#670 = DIRECTION('',(1.,0.,0.));
#671 = ORIENTED_EDGE('',*,*,#672,.F.);
#672 = EDGE_CURVE('',#673,#664,#675,.T.);
#673 = VERTEX_POINT('',#674);
#674 = CARTESIAN_POINT('',(60.282258104474,-75.27607856636,
    27.466666666667));
#675 = LINE('',#676,#677);
#676 = CARTESIAN_POINT('',(60.282258104474,-69.31303308338,
    27.466666666667));
#677 = VECTOR('',#678,1.);
#678 = DIRECTION('',(0.,-1.,4.4E-16));
#679 = ORIENTED_EDGE('',*,*,#680,.F.);
#680 = EDGE_CURVE('',#681,#673,#683,.T.);
#681 = VERTEX_POINT('',#682);
#682 = CARTESIAN_POINT('',(60.282240200874,-75.,27.466398672805));
#683 = ( BOUNDED_CURVE() B_SPLINE_CURVE(3,(#684,#685,#686,#687),
.UNSPECIFIED.,.F.,.F.) B_SPLINE_CURVE_WITH_KNOTS((4,4),(5.686966916616,
5.963045482976),.PIECEWISE_BEZIER_KNOTS.) CURVE() 
GEOMETRIC_REPRESENTATION_ITEM() RATIONAL_B_SPLINE_CURVE((1.,1.,1.,1.)) 
REPRESENTATION_ITEM('') );
#684 = CARTESIAN_POINT('',(60.282240200874,-75.,27.466398672805));
#685 = CARTESIAN_POINT('',(60.282240200874,-75.09202618878,
    27.466398672805));
#686 = CARTESIAN_POINT('',(60.282258104474,-75.18405237757,
    27.466666666667));
#687 = CARTESIAN_POINT('',(60.282258104474,-75.27607856636,
    27.466666666667));
#688 = ORIENTED_EDGE('',*,*,#689,.F.);
#689 = EDGE_CURVE('',#690,#681,#692,.T.);
#690 = VERTEX_POINT('',#691);
#691 = CARTESIAN_POINT('',(60.282258104474,-74.72392143363,
    27.466666666667));
#692 = ( BOUNDED_CURVE() B_SPLINE_CURVE(3,(#693,#694,#695,#696),
.UNSPECIFIED.,.F.,.F.) B_SPLINE_CURVE_WITH_KNOTS((4,4),(5.410888350255,
5.686966916616),.PIECEWISE_BEZIER_KNOTS.) CURVE() 
GEOMETRIC_REPRESENTATION_ITEM() RATIONAL_B_SPLINE_CURVE((1.,1.,1.,1.)) 
REPRESENTATION_ITEM('') );
#693 = CARTESIAN_POINT('',(60.282258104474,-74.72392143363,
    27.466666666667));
#694 = CARTESIAN_POINT('',(60.282258104474,-74.81594762242,
    27.466666666667));
#695 = CARTESIAN_POINT('',(60.282240200874,-74.90797381121,
    27.466398672805));
#696 = CARTESIAN_POINT('',(60.282240200874,-75.,27.466398672805));
#697 = ORIENTED_EDGE('',*,*,#698,.F.);
#698 = EDGE_CURVE('',#699,#690,#701,.T.);
#699 = VERTEX_POINT('',#700);
#700 = CARTESIAN_POINT('',(60.282258104474,-69.28537354097,
    27.466666666667));
#701 = LINE('',#702,#703);
#702 = CARTESIAN_POINT('',(60.282258104474,-69.31303308338,
    27.466666666667));
#703 = VECTOR('',#704,1.);
#704 = DIRECTION('',(0.,-1.,4.4E-16));
#705 = ORIENTED_EDGE('',*,*,#706,.F.);
#706 = EDGE_CURVE('',#707,#699,#709,.T.);
#707 = VERTEX_POINT('',#708);
#708 = CARTESIAN_POINT('',(60.75,-68.,30.274917217635));
#709 = B_SPLINE_CURVE_WITH_KNOTS('',8,(#710,#711,#712,#713,#714,#715,
    #716,#717,#718,#719,#720,#721,#722,#723,#724,#725,#726,#727,#728,
    #729,#730,#731,#732,#733,#734,#735,#736,#737,#738,#739,#740,#741,
    #742,#743,#744,#745,#746,#747,#748,#749,#750,#751,#752,#753,#754,
    #755,#756,#757,#758,#759,#760,#761,#762,#763,#764,#765,#766,#767,
    #768,#769,#770,#771,#772,#773,#774,#775,#776,#777,#778,#779,#780,
    #781,#782,#783,#784,#785,#786,#787,#788,#789,#790,#791,#792,#793,
    #794,#795),.UNSPECIFIED.,.F.,.F.,(9,7,7,7,7,7,7,7,7,7,7,7,9),(0.,
    3.536803347858E-02,6.186065127874E-02,0.161275954884,0.220240118077,
    0.303477292087,0.500040776629,0.743820133355,0.837784152117,
    0.891482389798,0.937539526838,0.964112224209,1.),.UNSPECIFIED.);
#710 = CARTESIAN_POINT('',(60.75,-68.,30.274917217635));
#711 = CARTESIAN_POINT('',(60.75,-68.03616935159,30.274917217635));
#712 = CARTESIAN_POINT('',(60.749252450488,-68.07235282233,
    30.272144684643));
#713 = CARTESIAN_POINT('',(60.747756297521,-68.10828413254,
    30.266596195199));
#714 = CARTESIAN_POINT('',(60.745539853782,-68.14374571538,
    30.258363657137));
#715 = CARTESIAN_POINT('',(60.742651719594,-68.17856218262,
    30.247603329643));
#716 = CARTESIAN_POINT('',(60.739153131882,-68.21259492043,
    30.234511050273));
#717 = CARTESIAN_POINT('',(60.735111741095,-68.24573781519,
    30.219303668927));
#718 = CARTESIAN_POINT('',(60.72721488693,-68.30201593743,
    30.189400102827));
#719 = CARTESIAN_POINT('',(60.72356539801,-68.32558828077,
    30.175526240725));
#720 = CARTESIAN_POINT('',(60.719675046147,-68.34861299012,
    30.160670225667));
#721 = CARTESIAN_POINT('',(60.715569662296,-68.37108050527,
    30.144914511485));
#722 = CARTESIAN_POINT('',(60.711273714724,-68.39298876927,
    30.128337185318));
#723 = CARTESIAN_POINT('',(60.706809812214,-68.41434214255,
    30.111010270286));
#724 = CARTESIAN_POINT('',(60.702198207259,-68.43515031712,
    30.09299802815));
#725 = CARTESIAN_POINT('',(60.679661975333,-68.53151769234,
    30.004397046774));
#726 = CARTESIAN_POINT('',(60.660108477958,-68.59980873046,
    29.925856518861));
#727 = CARTESIAN_POINT('',(60.639635157782,-68.66163450006,
    29.841327023169));
#728 = CARTESIAN_POINT('',(60.618783100119,-68.71767654497,
    29.752459103729));
#729 = CARTESIAN_POINT('',(60.597949476665,-68.76868637232,
    29.66055732083));
#730 = CARTESIAN_POINT('',(60.577361243483,-68.81526294528,
    29.56638595682));
#731 = CARTESIAN_POINT('',(60.557143304152,-68.85801079526,
    29.470323674741));
#732 = CARTESIAN_POINT('',(60.525579418634,-68.92087105627,
    29.314138996746));
#733 = CARTESIAN_POINT('',(60.513997181303,-68.94306442893,
    29.255427393109));
#734 = CARTESIAN_POINT('',(60.5026069101,-68.96413640473,29.196222557032
    ));
#735 = CARTESIAN_POINT('',(60.491427731582,-68.984162827,29.136585269082
    ));
#736 = CARTESIAN_POINT('',(60.480475342484,-69.00320955313,
    29.07656656582));
#737 = CARTESIAN_POINT('',(60.469762524325,-69.02133452753,
    29.016208536005));
#738 = CARTESIAN_POINT('',(60.459299658009,-69.03858985467,
    28.955545116795));
#739 = CARTESIAN_POINT('',(60.434690098056,-69.07822306795,
    28.808573368541));
#740 = CARTESIAN_POINT('',(60.420801486185,-69.09978267602,
    28.721997314612));
#741 = CARTESIAN_POINT('',(60.407453590142,-69.11983585847,
    28.634953117575));
#742 = CARTESIAN_POINT('',(60.394665565871,-69.13849244487,
    28.54750661618));
#743 = CARTESIAN_POINT('',(60.382452504498,-69.15584542071,
    28.459712676255));
#744 = CARTESIAN_POINT('',(60.370826255405,-69.17197542714,
    28.371616260716));
#745 = CARTESIAN_POINT('',(60.359796105828,-69.18695327175,
    28.283252991858));
#746 = CARTESIAN_POINT('',(60.324746593124,-69.23363483978,
    27.98541253832));
#747 = CARTESIAN_POINT('',(60.303496466472,-69.26033715287,
    27.774901419405));
#748 = CARTESIAN_POINT('',(60.285709437798,-69.28176662255,
    27.563451942168));
#749 = CARTESIAN_POINT('',(60.271441476944,-69.2984405686,
    27.351336050635));
#750 = CARTESIAN_POINT('',(60.260724931181,-69.31071387679,
    27.138777236436));
#751 = CARTESIAN_POINT('',(60.253575844414,-69.31882127632,
    26.925953957688));
#752 = CARTESIAN_POINT('',(60.25,-69.32287565553,26.712998625067));
#753 = CARTESIAN_POINT('',(60.25,-69.32287565553,26.23583767136));
#754 = CARTESIAN_POINT('',(60.255500010096,-69.31663872621,
    25.97187078394));
#755 = CARTESIAN_POINT('',(60.266486026554,-69.30418484272,
    25.708144466285));
#756 = CARTESIAN_POINT('',(60.282949280355,-69.28521588248,
    25.44487251136));
#757 = CARTESIAN_POINT('',(60.304860143115,-69.25921997636,
    25.182416228233));
#758 = CARTESIAN_POINT('',(60.332131617185,-69.22526555621,
    24.921324269706));
#759 = CARTESIAN_POINT('',(60.364598935016,-69.18214246039,
    24.662296678806));
#760 = CARTESIAN_POINT('',(60.416347776884,-69.10631703546,
    24.307659741705));
#761 = CARTESIAN_POINT('',(60.431463764503,-69.08350649264,
    24.209495996122));
#762 = CARTESIAN_POINT('',(60.447280685895,-69.05884421239,
    24.11188157598));
#763 = CARTESIAN_POINT('',(60.463772815584,-69.03216748601,
    24.014903634199));
#764 = CARTESIAN_POINT('',(60.480904727977,-69.00329062824,
    23.918685656256));
#765 = CARTESIAN_POINT('',(60.498628158491,-68.97199567877,
    23.823390349295));
#766 = CARTESIAN_POINT('',(60.51687764246,-68.93801075663,
    23.729227167928));
#767 = CARTESIAN_POINT('',(60.546244280376,-68.87981160937,
    23.583452769655));
#768 = CARTESIAN_POINT('',(60.557063889203,-68.85765623463,
    23.530911912091));
#769 = CARTESIAN_POINT('',(60.568007858391,-68.83444210055,
    23.478888104976));
#770 = CARTESIAN_POINT('',(60.579055375436,-68.81009483458,
    23.427446417262));
#771 = CARTESIAN_POINT('',(60.590180118089,-68.78453368084,
    23.376670551595));
#772 = CARTESIAN_POINT('',(60.601349318728,-68.75766916924,
    23.326664085123));
#773 = CARTESIAN_POINT('',(60.612522490291,-68.72939830738,
    23.277553185462));
#774 = CARTESIAN_POINT('',(60.633193751944,-68.67403687901,
    23.188267553408));
#775 = CARTESIAN_POINT('',(60.642699541056,-68.64736246709,
    23.147834755983));
#776 = CARTESIAN_POINT('',(60.652138489037,-68.61949055304,
    23.108275975547));
#777 = CARTESIAN_POINT('',(60.661471604168,-68.59033728874,
    23.069713221556));
#778 = CARTESIAN_POINT('',(60.67064881163,-68.55981986304,
    23.032305495286));
#779 = CARTESIAN_POINT('',(60.679608054904,-68.52785613613,
    22.996249128135));
#780 = CARTESIAN_POINT('',(60.688274282002,-68.49436252954,
    22.961779909853));
#781 = CARTESIAN_POINT('',(60.701337796044,-68.43899207252,
    22.910366738963));
#782 = CARTESIAN_POINT('',(60.705988633503,-68.41820085142,
    22.89218323707));
#783 = CARTESIAN_POINT('',(60.710493494119,-68.39686209789,
    22.874681072391));
#784 = CARTESIAN_POINT('',(60.71483217084,-68.3749655667,22.857924344135
    ));
#785 = CARTESIAN_POINT('',(60.718982065548,-68.3525062479,
    22.841985027842));
#786 = CARTESIAN_POINT('',(60.722918670248,-68.32948543675,
    22.82694132387));
#787 = CARTESIAN_POINT('',(60.726616048266,-68.30591180362,
    22.812876005884));
#788 = CARTESIAN_POINT('',(60.734681415806,-68.24924157751,
    22.782315939874));
#789 = CARTESIAN_POINT('',(60.738833725441,-68.21567912914,
    22.766684398212));
#790 = CARTESIAN_POINT('',(60.742431857656,-68.18119247075,
    22.753215876733));
#791 = CARTESIAN_POINT('',(60.745404776301,-68.1458899751,
    22.742138064667));
#792 = CARTESIAN_POINT('',(60.747687876889,-68.10991442713,
    22.733657537095));
#793 = CARTESIAN_POINT('',(60.749229660431,-68.07344767532,
    22.727939847283));
#794 = CARTESIAN_POINT('',(60.75,-68.03671654307,22.725082782365));
#795 = CARTESIAN_POINT('',(60.75,-68.,22.725082782365));
#796 = ORIENTED_EDGE('',*,*,#797,.T.);
#797 = EDGE_CURVE('',#707,#798,#800,.T.);
#798 = VERTEX_POINT('',#799);
#799 = CARTESIAN_POINT('',(60.75,-62.,30.274917217635));
#800 = LINE('',#801,#802);
#801 = CARTESIAN_POINT('',(60.75,-50.,30.274917217635));
#802 = VECTOR('',#803,1.);
#803 = DIRECTION('',(0.,1.,-4.4E-16));
#804 = ORIENTED_EDGE('',*,*,#805,.F.);
#805 = EDGE_CURVE('',#806,#798,#808,.T.);
#806 = VERTEX_POINT('',#807);
#807 = CARTESIAN_POINT('',(60.282258104474,-60.71462647782,
    27.466666666667));
#808 = B_SPLINE_CURVE_WITH_KNOTS('',8,(#809,#810,#811,#812,#813,#814,
    #815,#816,#817,#818,#819,#820,#821,#822,#823,#824,#825,#826,#827,
    #828,#829,#830,#831,#832,#833,#834,#835,#836,#837,#838,#839,#840,
    #841,#842,#843,#844,#845,#846,#847,#848,#849,#850,#851,#852,#853,
    #854,#855,#856,#857,#858,#859,#860,#861,#862,#863,#864,#865,#866,
    #867,#868,#869,#870,#871,#872,#873,#874,#875,#876,#877,#878,#879,
    #880,#881,#882,#883,#884,#885,#886,#887,#888,#889,#890,#891,#892,
    #893,#894),.UNSPECIFIED.,.F.,.F.,(9,7,7,7,7,7,7,7,7,7,7,7,9),(0.,
    3.518325853895E-02,6.164509033887E-02,0.160895587135,0.219725475379,
    0.325231558251,0.500048405979,0.729453016151,0.837055681592,
    0.890940089328,0.937130024799,0.96376273684,1.),.UNSPECIFIED.);
#809 = CARTESIAN_POINT('',(60.75,-62.,22.725082782365));
#810 = CARTESIAN_POINT('',(60.75,-61.96402102248,22.725082782365));
#811 = CARTESIAN_POINT('',(60.749260301762,-61.92802842838,
    22.727826193564));
#812 = CARTESIAN_POINT('',(60.747779881067,-61.89228341262,
    22.733316345789));
#813 = CARTESIAN_POINT('',(60.745586395924,-61.85700051989,
    22.741463475506));
#814 = CARTESIAN_POINT('',(60.742727468796,-61.82235333853,
    22.752114457439));
#815 = CARTESIAN_POINT('',(60.739263251377,-61.78847927889,
    22.765076880754));
#816 = CARTESIAN_POINT('',(60.735260271933,-61.75548343615,
    22.780137469823));
#817 = CARTESIAN_POINT('',(60.72742182642,-61.6993423677,22.809813695017
    ));
#818 = CARTESIAN_POINT('',(60.723789028092,-61.67577050843,
    22.823620918117));
#819 = CARTESIAN_POINT('',(60.719914800478,-61.65274446834,
    22.838411599236));
#820 = CARTESIAN_POINT('',(60.715824936641,-61.63027411766,
    22.854103399254));
#821 = CARTESIAN_POINT('',(60.711543890188,-61.60836177952,
    22.870618272971));
#822 = CARTESIAN_POINT('',(60.707094272998,-61.58700332088,
    22.88788418254));
#823 = CARTESIAN_POINT('',(60.70249635295,-61.56618924361,
    22.905836810884));
#824 = CARTESIAN_POINT('',(60.680031218013,-61.46982849178,
    22.994126098413));
#825 = CARTESIAN_POINT('',(60.66052932925,-61.40153472811,
    23.072423254276));
#826 = CARTESIAN_POINT('',(60.640101136407,-61.33969811448,
    23.156719115967));
#827 = CARTESIAN_POINT('',(60.619288359745,-61.28363967057,
    23.245361132371));
#828 = CARTESIAN_POINT('',(60.598488728375,-61.23261018801,
    23.337043166073));
#829 = CARTESIAN_POINT('',(60.577929746775,-61.18601140168,
    23.430999268337));
#830 = CARTESIAN_POINT('',(60.557736635573,-61.14323924863,
    23.526849692523));
#831 = CARTESIAN_POINT('',(60.526212701024,-61.08035125478,
    23.682665266222));
#832 = CARTESIAN_POINT('',(60.514648192623,-61.05815451087,
    23.741217212337));
#833 = CARTESIAN_POINT('',(60.503273937178,-61.03707721937,
    23.800262747435));
#834 = CARTESIAN_POINT('',(60.492109067955,-61.01704371845,
    23.859741087026));
#835 = CARTESIAN_POINT('',(60.48116929042,-60.99798829751,
    23.919601188262));
#836 = CARTESIAN_POINT('',(60.470467395856,-60.97985313105,
    23.979800953743));
#837 = CARTESIAN_POINT('',(60.460013774977,-60.96258621258,
    24.040306435309));
#838 = CARTESIAN_POINT('',(60.43152981525,-60.91664321794,
    24.210102723971));
#839 = CARTESIAN_POINT('',(60.414071659509,-60.88979008951,
    24.319993648629));
#840 = CARTESIAN_POINT('',(60.397491159261,-60.86530634302,
    24.430607860425));
#841 = CARTESIAN_POINT('',(60.381824681417,-60.84297908166,
    24.541819159207));
#842 = CARTESIAN_POINT('',(60.36709911451,-60.82263595736,
    24.653526309434));
#843 = CARTESIAN_POINT('',(60.353334232833,-60.80413190711,
    24.765649975702));
#844 = CARTESIAN_POINT('',(60.340544575067,-60.78734274042,
    24.878131380437));
#845 = CARTESIAN_POINT('',(60.309182797182,-60.74701798768,
    25.177837246315));
#846 = CARTESIAN_POINT('',(60.292337135817,-60.72630201842,
    25.365566999262));
#847 = CARTESIAN_POINT('',(60.278252830154,-60.70954781071,
    25.553921366315));
#848 = CARTESIAN_POINT('',(60.266961916804,-60.69643437247,
    25.742730446177));
#849 = CARTESIAN_POINT('',(60.258483664915,-60.68674332208,
    25.931850738895));
#850 = CARTESIAN_POINT('',(60.252828260171,-60.68033177079,
    26.121162651918));
#851 = CARTESIAN_POINT('',(60.25,-60.67712434446,26.310569785867));
#852 = CARTESIAN_POINT('',(60.25,-60.67712434446,26.748581100693));
#853 = CARTESIAN_POINT('',(60.254870336498,-60.68264708584,
    26.99702785257));
#854 = CARTESIAN_POINT('',(60.264601899693,-60.6936800147,
    27.245266615756));
#855 = CARTESIAN_POINT('',(60.279186174374,-60.71045085945,
    27.493110081252));
#856 = CARTESIAN_POINT('',(60.298597588821,-60.73336952003,
    27.740265118524));
#857 = CARTESIAN_POINT('',(60.322771500043,-60.76314344003,
    27.986313995887));
#858 = CARTESIAN_POINT('',(60.351587187482,-60.80073016611,
    28.230722119229));
#859 = CARTESIAN_POINT('',(60.400418430902,-60.8700214343,
    28.586298467479));
#860 = CARTESIAN_POINT('',(60.416974798286,-60.89424131965,
    28.699249664223));
#861 = CARTESIAN_POINT('',(60.434474795305,-60.92074104156,
    28.811567643556));
#862 = CARTESIAN_POINT('',(60.452887505277,-60.94973377688,
    28.923146317373));
#863 = CARTESIAN_POINT('',(60.47216693351,-60.98147778192,
    29.033820589402));
#864 = CARTESIAN_POINT('',(60.492247744754,-61.01627932863,
    29.143365875032));
#865 = CARTESIAN_POINT('',(60.513038817277,-61.05451940836,
    29.251489656623));
#866 = CARTESIAN_POINT('',(60.5451136897,-61.11788411961,29.411039978993
    ));
#867 = CARTESIAN_POINT('',(60.555959001479,-61.14001994663,
    29.46380865313));
#868 = CARTESIAN_POINT('',(60.566931146664,-61.16321626603,
    29.516061776406));
#869 = CARTESIAN_POINT('',(60.578009371393,-61.18754762939,
    29.567734448669));
#870 = CARTESIAN_POINT('',(60.589167423062,-61.21309503004,
    29.618743167811));
#871 = CARTESIAN_POINT('',(60.600372612024,-61.23994825111,
    29.668984586472));
#872 = CARTESIAN_POINT('',(60.611584533741,-61.26821070427,
    29.71833279234));
#873 = CARTESIAN_POINT('',(60.63232749347,-61.32354805962,
    29.808040058746));
#874 = CARTESIAN_POINT('',(60.64186551319,-61.35020462551,
    29.848657350632));
#875 = CARTESIAN_POINT('',(60.651338929803,-61.37806017228,
    29.88840380447));
#876 = CARTESIAN_POINT('',(60.660708881883,-61.40719890892,
    29.927157839243));
#877 = CARTESIAN_POINT('',(60.669925440615,-61.43770416167,
    29.964760924494));
#878 = CARTESIAN_POINT('',(60.678926693694,-61.46965879403,
    30.001017198046));
#879 = CARTESIAN_POINT('',(60.687637699835,-61.50314742295,
    30.035691253104));
#880 = CARTESIAN_POINT('',(60.700773249558,-61.55850628411,
    30.087423691679));
#881 = CARTESIAN_POINT('',(60.70544962576,-61.5792864607,30.105718961705
    ));
#882 = CARTESIAN_POINT('',(60.70998115033,-61.60061567667,
    30.123335486011));
#883 = CARTESIAN_POINT('',(60.714347646823,-61.62250453438,
    30.140209274369));
#884 = CARTESIAN_POINT('',(60.718526525567,-61.64495846386,
    30.156268386913));
#885 = CARTESIAN_POINT('',(60.722493254724,-61.66797666383,
    30.171434555935));
#886 = CARTESIAN_POINT('',(60.726221831334,-61.69155104267,
    30.185624807678));
#887 = CARTESIAN_POINT('',(60.734397686439,-61.7484755467,
    30.216615809048));
#888 = CARTESIAN_POINT('',(60.73862289433,-61.78230986575,
    30.232526337391));
#889 = CARTESIAN_POINT('',(60.742286617272,-61.81709136784,
    30.246242890022));
#890 = CARTESIAN_POINT('',(60.745315521238,-61.85271051539,
    30.257530400351));
#891 = CARTESIAN_POINT('',(60.747642669521,-61.88902153405,
    30.266174817176));
#892 = CARTESIAN_POINT('',(60.749214598989,-61.9258378178,
    30.272004287261));
#893 = CARTESIAN_POINT('',(60.75,-61.96292618711,30.274917217635));
#894 = CARTESIAN_POINT('',(60.75,-62.,30.274917217635));
#895 = ORIENTED_EDGE('',*,*,#896,.F.);
#896 = EDGE_CURVE('',#897,#806,#899,.T.);
#897 = VERTEX_POINT('',#898);
#898 = CARTESIAN_POINT('',(60.282258104474,-55.27607856636,
    27.466666666667));
#899 = LINE('',#900,#901);
#900 = CARTESIAN_POINT('',(60.282258104474,-50.,27.466666666667));
#901 = VECTOR('',#902,1.);
#902 = DIRECTION('',(0.,-1.,4.4E-16));
#903 = ORIENTED_EDGE('',*,*,#904,.F.);
#904 = EDGE_CURVE('',#905,#897,#907,.T.);
#905 = VERTEX_POINT('',#906);
#906 = CARTESIAN_POINT('',(60.282240200874,-55.,27.466398672805));
#907 = ( BOUNDED_CURVE() B_SPLINE_CURVE(3,(#908,#909,#910,#911),
.UNSPECIFIED.,.F.,.F.) B_SPLINE_CURVE_WITH_KNOTS((4,4),(5.,
5.276078566361),.PIECEWISE_BEZIER_KNOTS.) CURVE() 
GEOMETRIC_REPRESENTATION_ITEM() RATIONAL_B_SPLINE_CURVE((1.,1.,1.,1.)) 
REPRESENTATION_ITEM('') );
#908 = CARTESIAN_POINT('',(60.282240200874,-55.,27.466398672805));
#909 = CARTESIAN_POINT('',(60.282240200874,-55.09202618878,
    27.466398672805));
#910 = CARTESIAN_POINT('',(60.282258104474,-55.18405237757,
    27.466666666667));
#911 = CARTESIAN_POINT('',(60.282258104474,-55.27607856636,
    27.466666666667));
#912 = ORIENTED_EDGE('',*,*,#913,.F.);
#913 = EDGE_CURVE('',#914,#905,#916,.T.);
#914 = VERTEX_POINT('',#915);
#915 = CARTESIAN_POINT('',(60.282258104474,-54.72392143363,
    27.466666666667));
#916 = ( BOUNDED_CURVE() B_SPLINE_CURVE(3,(#917,#918,#919,#920),
.UNSPECIFIED.,.F.,.F.) B_SPLINE_CURVE_WITH_KNOTS((4,4),(4.723921433639,
5.),.PIECEWISE_BEZIER_KNOTS.) CURVE() GEOMETRIC_REPRESENTATION_ITEM() 
RATIONAL_B_SPLINE_CURVE((1.,1.,1.,1.)) REPRESENTATION_ITEM('') );
#917 = CARTESIAN_POINT('',(60.282258104474,-54.72392143363,
    27.466666666667));
#918 = CARTESIAN_POINT('',(60.282258104474,-54.81594762242,
    27.466666666667));
#919 = CARTESIAN_POINT('',(60.282240200874,-54.90797381121,
    27.466398672805));
#920 = CARTESIAN_POINT('',(60.282240200874,-55.,27.466398672805));
#921 = ORIENTED_EDGE('',*,*,#922,.F.);
#922 = EDGE_CURVE('',#440,#914,#923,.T.);
#923 = LINE('',#924,#925);
#924 = CARTESIAN_POINT('',(60.282258104474,-50.,27.466666666667));
#925 = VECTOR('',#926,1.);
#926 = DIRECTION('',(0.,-1.,4.4E-16));
#927 = ORIENTED_EDGE('',*,*,#439,.F.);
#928 = ORIENTED_EDGE('',*,*,#388,.T.);
#929 = ORIENTED_EDGE('',*,*,#166,.T.);
#930 = ORIENTED_EDGE('',*,*,#244,.T.);
#931 = CYLINDRICAL_SURFACE('',#932,14.5);
#932 = AXIS2_PLACEMENT_3D('',#933,#934,#935);
#933 = CARTESIAN_POINT('',(74.75,-50.,26.5));
#934 = DIRECTION('',(0.,1.,-1.1E-16));
#935 = DIRECTION('',(1.,0.,0.));
#936 = ADVANCED_FACE('',(#937),#963,.F.);
#937 = FACE_BOUND('',#938,.F.);
#938 = EDGE_LOOP('',(#939,#947,#956,#962));
#939 = ORIENTED_EDGE('',*,*,#940,.F.);
#940 = EDGE_CURVE('',#941,#194,#943,.T.);
#941 = VERTEX_POINT('',#942);
#942 = CARTESIAN_POINT('',(94.3,-55.,30.999999999996));
#943 = LINE('',#944,#945);
#944 = CARTESIAN_POINT('',(93.8,-55.,30.499999999996));
#945 = VECTOR('',#946,1.);
#946 = DIRECTION('',(-0.707106781187,2.925E-14,-0.707106781187));
#947 = ORIENTED_EDGE('',*,*,#948,.T.);
#948 = EDGE_CURVE('',#941,#949,#951,.T.);
#949 = VERTEX_POINT('',#950);
#950 = CARTESIAN_POINT('',(92.887235790752,-57.12198318834,
    30.999999999996));
#951 = CIRCLE('',#952,2.3);
#952 = AXIS2_PLACEMENT_3D('',#953,#954,#955);
#953 = CARTESIAN_POINT('',(92.,-55.,30.999999999996));
#954 = DIRECTION('',(2.13E-15,-4.E-16,-1.));
#955 = DIRECTION('',(1.,-4.93E-15,2.13E-15));
#956 = ORIENTED_EDGE('',*,*,#957,.T.);
#957 = EDGE_CURVE('',#949,#213,#958,.T.);
#958 = LINE('',#959,#960);
#959 = CARTESIAN_POINT('',(92.694358444936,-56.66068249522,
    30.499999999996));
#960 = VECTOR('',#961,1.);
#961 = DIRECTION('',(-0.272769758327,0.65237769654,-0.707106781187));
#962 = ORIENTED_EDGE('',*,*,#228,.F.);
#963 = CONICAL_SURFACE('',#964,1.8,0.785398163397);
#964 = AXIS2_PLACEMENT_3D('',#965,#966,#967);
#965 = CARTESIAN_POINT('',(92.,-55.,30.499999999996));
#966 = DIRECTION('',(-2.13E-15,4.E-16,1.));
#967 = DIRECTION('',(1.,-4.93E-15,2.13E-15));
#968 = ADVANCED_FACE('',(#969),#995,.T.);
#969 = FACE_BOUND('',#970,.T.);
#970 = EDGE_LOOP('',(#971,#972,#973,#981));
#971 = ORIENTED_EDGE('',*,*,#957,.T.);
#972 = ORIENTED_EDGE('',*,*,#212,.T.);
#973 = ORIENTED_EDGE('',*,*,#974,.F.);
#974 = EDGE_CURVE('',#975,#204,#977,.T.);
#975 = VERTEX_POINT('',#976);
#976 = CARTESIAN_POINT('',(92.887235790752,-52.87801681165,
    30.999999999996));
#977 = LINE('',#978,#979);
#978 = CARTESIAN_POINT('',(92.694358444936,-53.33931750477,
    30.499999999996));
#979 = VECTOR('',#980,1.);
#980 = DIRECTION('',(-0.272769758327,-0.65237769654,-0.707106781187));
#981 = ORIENTED_EDGE('',*,*,#982,.F.);
#982 = EDGE_CURVE('',#949,#975,#983,.T.);
#983 = B_SPLINE_CURVE_WITH_KNOTS('',10,(#984,#985,#986,#987,#988,#989,
    #990,#991,#992,#993,#994),.UNSPECIFIED.,.F.,.F.,(11,11),(
    11.309733552923,18.390292801912),.PIECEWISE_BEZIER_KNOTS.);
#984 = CARTESIAN_POINT('',(92.887235790752,-57.12198318834,
    30.999999999996));
#985 = CARTESIAN_POINT('',(92.053383870314,-57.47063028039,
    30.999999999996));
#986 = CARTESIAN_POINT('',(91.06536666709,-57.45615311381,
    30.999999999994));
#987 = CARTESIAN_POINT('',(90.103364250412,-56.99849816229,
    30.999999999999));
#988 = CARTESIAN_POINT('',(89.395397434099,-56.13048993802,
    30.99999999999));
#989 = CARTESIAN_POINT('',(89.123813838795,-54.99999999999,
    31.000000000002));
#990 = CARTESIAN_POINT('',(89.395397434095,-53.86951006198,
    30.999999999989));
#991 = CARTESIAN_POINT('',(90.103364250416,-53.0015018377,31.));
#992 = CARTESIAN_POINT('',(91.065366667087,-52.54384688618,
    30.999999999994));
#993 = CARTESIAN_POINT('',(92.053383870315,-52.5293697196,
    30.999999999996));
#994 = CARTESIAN_POINT('',(92.887235790752,-52.87801681165,
    30.999999999996));
#995 = B_SPLINE_SURFACE_WITH_KNOTS('',1,10,(
    (#996,#997,#998,#999,#1000,#1001,#1002,#1003,#1004,#1005,#1006)
    ,(#1007,#1008,#1009,#1010,#1011,#1012,#1013,#1014,#1015,#1016,#1017
    )),.UNSPECIFIED.,.F.,.F.,.F.,(2,2),(11,11),(0.,7.080559248989),(
    11.309733552923,18.390292801912),.PIECEWISE_BEZIER_KNOTS.);
#996 = CARTESIAN_POINT('',(92.887235790752,-57.12198318834,
    30.999999999996));
#997 = CARTESIAN_POINT('',(92.053383870314,-57.47063028039,
    30.999999999996));
#998 = CARTESIAN_POINT('',(91.06536666709,-57.45615311381,
    30.999999999994));
#999 = CARTESIAN_POINT('',(90.103364250412,-56.99849816229,
    30.999999999999));
#1000 = CARTESIAN_POINT('',(89.395397434099,-56.13048993802,
    30.99999999999));
#1001 = CARTESIAN_POINT('',(89.123813838795,-54.99999999999,
    31.000000000002));
#1002 = CARTESIAN_POINT('',(89.395397434095,-53.86951006198,
    30.999999999989));
#1003 = CARTESIAN_POINT('',(90.103364250416,-53.0015018377,31.));
#1004 = CARTESIAN_POINT('',(91.065366667087,-52.54384688618,
    30.999999999994));
#1005 = CARTESIAN_POINT('',(92.053383870315,-52.5293697196,
    30.999999999996));
#1006 = CARTESIAN_POINT('',(92.887235790752,-52.87801681165,
    30.999999999996));
#1007 = CARTESIAN_POINT('',(92.694358444936,-56.66068249522,
    30.499999999996));
#1008 = CARTESIAN_POINT('',(92.041778681117,-56.93353674117,
    30.499999999996));
#1009 = CARTESIAN_POINT('',(91.268547826413,-56.92220678472,
    30.499999999995));
#1010 = CARTESIAN_POINT('',(90.515676369902,-56.56404204005,
    30.499999999998));
#1011 = CARTESIAN_POINT('',(89.961615383184,-55.88473125584,
    30.499999999991));
#1012 = CARTESIAN_POINT('',(89.749071699954,-55.,30.500000000001));
#1013 = CARTESIAN_POINT('',(89.961615383185,-54.11526874415,
    30.49999999999));
#1014 = CARTESIAN_POINT('',(90.515676369901,-53.43595795994,
    30.499999999999));
#1015 = CARTESIAN_POINT('',(91.268547826413,-53.07779321527,
    30.499999999994));
#1016 = CARTESIAN_POINT('',(92.041778681117,-53.06646325882,
    30.499999999996));
#1017 = CARTESIAN_POINT('',(92.694358444936,-53.33931750477,
    30.499999999996));
#1018 = ADVANCED_FACE('',(#1019),#1031,.F.);
#1019 = FACE_BOUND('',#1020,.F.);
#1020 = EDGE_LOOP('',(#1021,#1022,#1029,#1030));
#1021 = ORIENTED_EDGE('',*,*,#974,.F.);
#1022 = ORIENTED_EDGE('',*,*,#1023,.T.);
#1023 = EDGE_CURVE('',#975,#941,#1024,.T.);
#1024 = CIRCLE('',#1025,2.3);
#1025 = AXIS2_PLACEMENT_3D('',#1026,#1027,#1028);
#1026 = CARTESIAN_POINT('',(92.,-55.,30.999999999996));
#1027 = DIRECTION('',(2.13E-15,-4.E-16,-1.));
#1028 = DIRECTION('',(0.385754691631,0.922601386236,4.526169386805E-16)
  );
#1029 = ORIENTED_EDGE('',*,*,#940,.T.);
#1030 = ORIENTED_EDGE('',*,*,#203,.F.);
#1031 = CONICAL_SURFACE('',#1032,1.8,0.785398163397);
#1032 = AXIS2_PLACEMENT_3D('',#1033,#1034,#1035);
#1033 = CARTESIAN_POINT('',(92.,-55.,30.499999999996));
#1034 = DIRECTION('',(-2.13E-15,4.E-16,1.));
#1035 = DIRECTION('',(0.385754691631,0.922601386236,4.526169386805E-16)
  );
#1036 = ADVANCED_FACE('',(#1037),#1614,.T.);
#1037 = FACE_BOUND('',#1038,.F.);
#1038 = EDGE_LOOP('',(#1039,#1040,#1041,#1049,#1081,#1090,#1098,#1140,
    #1182,#1190,#1199,#1207,#1305,#1313,#1322,#1354,#1362,#1394,#1403,
    #1411,#1509,#1515,#1516,#1524,#1566,#1608));
#1039 = ORIENTED_EDGE('',*,*,#422,.F.);
#1040 = ORIENTED_EDGE('',*,*,#290,.T.);
#1041 = ORIENTED_EDGE('',*,*,#1042,.F.);
#1042 = EDGE_CURVE('',#1043,#291,#1045,.T.);
#1043 = VERTEX_POINT('',#1044);
#1044 = CARTESIAN_POINT('',(88.75,-68.,38.593386622448));
#1045 = LINE('',#1046,#1047);
#1046 = CARTESIAN_POINT('',(88.75,-50.,38.593386622448));
#1047 = VECTOR('',#1048,1.);
#1048 = DIRECTION('',(0.,1.,-4.4E-16));
#1049 = ORIENTED_EDGE('',*,*,#1050,.T.);
#1050 = EDGE_CURVE('',#1043,#1051,#1053,.T.);
#1051 = VERTEX_POINT('',#1052);
#1052 = CARTESIAN_POINT('',(90.75,-70.,35.787087810503));
#1053 = B_SPLINE_CURVE_WITH_KNOTS('',6,(#1054,#1055,#1056,#1057,#1058,
    #1059,#1060,#1061,#1062,#1063,#1064,#1065,#1066,#1067,#1068,#1069,
    #1070,#1071,#1072,#1073,#1074,#1075,#1076,#1077,#1078,#1079,#1080),
  .UNSPECIFIED.,.F.,.F.,(7,5,5,5,5,7),(0.,0.177529572552,0.264995016854,
    0.427888651888,0.687158615702,1.),.UNSPECIFIED.);
#1054 = CARTESIAN_POINT('',(88.75,-68.,38.593386622448));
#1055 = CARTESIAN_POINT('',(88.75,-68.11963867407,38.593386622448));
#1056 = CARTESIAN_POINT('',(88.758588243747,-68.23932553132,
    38.583444273557));
#1057 = CARTESIAN_POINT('',(88.77577637749,-68.35759286108,
    38.563546803112));
#1058 = CARTESIAN_POINT('',(88.801156173641,-68.47318121278,
    38.534057226274));
#1059 = CARTESIAN_POINT('',(88.834063797546,-68.58501957802,
    38.495536555379));
#1060 = CARTESIAN_POINT('',(88.893104600493,-68.7450566772,
    38.425749560847));
#1061 = CARTESIAN_POINT('',(88.914209759304,-68.79676942175,
    38.400711576169));
#1062 = CARTESIAN_POINT('',(88.936832856052,-68.84727796185,
    38.373758654225));
#1063 = CARTESIAN_POINT('',(88.960867512608,-68.8965076801,
    38.344985872205));
#1064 = CARTESIAN_POINT('',(88.986204775661,-68.94440144645,
    38.314491486471));
#1065 = CARTESIAN_POINT('',(89.062149922704,-69.07754746304,
    38.222558768316));
#1066 = CARTESIAN_POINT('',(89.115704192788,-69.15939289091,
    38.157117475055));
#1067 = CARTESIAN_POINT('',(89.172710306428,-69.23619859228,
    38.086677891516));
#1068 = CARTESIAN_POINT('',(89.232500199308,-69.3078940899,
    38.011859699762));
#1069 = CARTESIAN_POINT('',(89.294484990068,-69.37453325693,
    37.933229232458));
#1070 = CARTESIAN_POINT('',(89.459545788036,-69.5344882981,
    37.720809144874));
#1071 = CARTESIAN_POINT('',(89.565185404646,-69.62021172295,
    37.581974037654));
#1072 = CARTESIAN_POINT('',(89.673198219411,-69.69408061813,
    37.436593472958));
#1073 = CARTESIAN_POINT('',(89.782131350766,-69.75698487927,
    37.286182070074));
#1074 = CARTESIAN_POINT('',(89.890987778692,-69.80989534318,
    37.131885868966));
#1075 = CARTESIAN_POINT('',(90.129702753442,-69.90658486239,
    36.784352036032));
#1076 = CARTESIAN_POINT('',(90.259160464712,-69.94618132639,
    36.589791160593));
#1077 = CARTESIAN_POINT('',(90.386458564812,-69.97410461445,
    36.391975734628));
#1078 = CARTESIAN_POINT('',(90.510915357068,-69.9916660854,
    36.191866734311));
#1079 = CARTESIAN_POINT('',(90.632147546049,-70.,35.990126621128));
#1080 = CARTESIAN_POINT('',(90.75,-70.,35.787087810503));
#1081 = ORIENTED_EDGE('',*,*,#1082,.T.);
#1082 = EDGE_CURVE('',#1051,#1083,#1085,.T.);
#1083 = VERTEX_POINT('',#1084);
#1084 = CARTESIAN_POINT('',(92.694358444936,-70.,30.999999999996));
#1085 = CIRCLE('',#1086,18.5);
#1086 = AXIS2_PLACEMENT_3D('',#1087,#1088,#1089);
#1087 = CARTESIAN_POINT('',(74.75,-70.,26.5));
#1088 = DIRECTION('',(0.,1.,-4.4E-16));
#1089 = DIRECTION('',(1.,0.,0.));
#1090 = ORIENTED_EDGE('',*,*,#1091,.T.);
#1091 = EDGE_CURVE('',#1083,#1092,#1094,.T.);
#1092 = VERTEX_POINT('',#1093);
#1093 = CARTESIAN_POINT('',(92.694358444936,-72.2101090792,
    30.999999999996));
#1094 = LINE('',#1095,#1096);
#1095 = CARTESIAN_POINT('',(92.694358444936,-50.,30.999999999996));
#1096 = VECTOR('',#1097,1.);
#1097 = DIRECTION('',(0.,-1.,1.1E-16));
#1098 = ORIENTED_EDGE('',*,*,#1099,.T.);
#1099 = EDGE_CURVE('',#1092,#1100,#1102,.T.);
#1100 = VERTEX_POINT('',#1101);
#1101 = CARTESIAN_POINT('',(89.125,-75.,38.145143837669));
#1102 = B_SPLINE_CURVE_WITH_KNOTS('',8,(#1103,#1104,#1105,#1106,#1107,
    #1108,#1109,#1110,#1111,#1112,#1113,#1114,#1115,#1116,#1117,#1118,
    #1119,#1120,#1121,#1122,#1123,#1124,#1125,#1126,#1127,#1128,#1129,
    #1130,#1131,#1132,#1133,#1134,#1135,#1136,#1137,#1138,#1139),
  .UNSPECIFIED.,.F.,.F.,(9,7,7,7,7,9),(0.,0.491967647804,0.752670232908,
    0.84274882862,0.894128994863,1.),.UNSPECIFIED.);
#1103 = CARTESIAN_POINT('',(92.694358444927,-72.2101090792,
    30.999999999996));
#1104 = CARTESIAN_POINT('',(92.556160293495,-72.17571380847,
    31.551083814603));
#1105 = CARTESIAN_POINT('',(92.399099020288,-72.14493229369,
    32.095408047376));
#1106 = CARTESIAN_POINT('',(92.222451950279,-72.12114254345,
    32.636847339008));
#1107 = CARTESIAN_POINT('',(92.025200593661,-72.10835793614,
    33.176784236438));
#1108 = CARTESIAN_POINT('',(91.806680606333,-72.11169953479,
    33.714523045246));
#1109 = CARTESIAN_POINT('',(91.567030800845,-72.13767586287,
    34.247623137248));
#1110 = CARTESIAN_POINT('',(91.307793901337,-72.19443416292,
    34.771825464973));
#1111 = CARTESIAN_POINT('',(90.888383864982,-72.34411480379,
    35.549654991554));
#1112 = CARTESIAN_POINT('',(90.738325186221,-72.40770974312,
    35.815756533118));
#1113 = CARTESIAN_POINT('',(90.58414115981,-72.48474768175,
    36.077401554969));
#1114 = CARTESIAN_POINT('',(90.426858228396,-72.57709785102,
    36.33305708939));
#1115 = CARTESIAN_POINT('',(90.267932908081,-72.68681071058,
    36.580824906558));
#1116 = CARTESIAN_POINT('',(90.109395933682,-72.81608303262,
    36.818384197759));
#1117 = CARTESIAN_POINT('',(89.954069920194,-72.9671682835,
    37.042832246838));
#1118 = CARTESIAN_POINT('',(89.754644372401,-73.20270092853,
    37.322126120593));
#1119 = CARTESIAN_POINT('',(89.704321859102,-73.26599827795,
    37.391776866694));
#1120 = CARTESIAN_POINT('',(89.655096450385,-73.3321324326,
    37.459137413546));
#1121 = CARTESIAN_POINT('',(89.607182922727,-73.40111212041,
    37.523992530171));
#1122 = CARTESIAN_POINT('',(89.56080119741,-73.47293173189,
    37.586131103127));
#1123 = CARTESIAN_POINT('',(89.516174989642,-73.5475711432,
    37.645345604857));
#1124 = CARTESIAN_POINT('',(89.47353045767,-73.62499553927,
    37.701431562039));
#1125 = CARTESIAN_POINT('',(89.410030680778,-73.75087773677,
    37.784278350101));
#1126 = CARTESIAN_POINT('',(89.387690280903,-73.79748010874,
    37.813279415353));
#1127 = CARTESIAN_POINT('',(89.366121555927,-73.84494008957,
    37.841145315665));
#1128 = CARTESIAN_POINT('',(89.345371207006,-73.89323293296,
    37.867833259293));
#1129 = CARTESIAN_POINT('',(89.325484558203,-73.94233141154,
    37.893302504616));
#1130 = CARTESIAN_POINT('',(89.306505381894,-73.99220581896,
    37.917514297966));
#1131 = CARTESIAN_POINT('',(89.288475724166,-74.04282397199,
    37.940431811457));
#1132 = CARTESIAN_POINT('',(89.236324102169,-74.19991316212,
    38.006503622684));
#1133 = CARTESIAN_POINT('',(89.205398399077,-74.30873389789,
    38.045363774698));
#1134 = CARTESIAN_POINT('',(89.179052849356,-74.4202060269,
    38.07823940564));
#1135 = CARTESIAN_POINT('',(89.157620226831,-74.53386960796,
    38.104840659344));
#1136 = CARTESIAN_POINT('',(89.141361143852,-74.64922266181,
    38.12494738447));
#1137 = CARTESIAN_POINT('',(89.130456059088,-74.76573207377,
    38.138408720174));
#1138 = CARTESIAN_POINT('',(89.125,-74.88284488893,38.145143837669));
#1139 = CARTESIAN_POINT('',(89.125,-75.,38.145143837669));
#1140 = ORIENTED_EDGE('',*,*,#1141,.T.);
#1141 = EDGE_CURVE('',#1100,#1142,#1144,.T.);
#1142 = VERTEX_POINT('',#1143);
#1143 = CARTESIAN_POINT('',(92.694358444936,-77.78989092079,
    30.999999999996));
#1144 = B_SPLINE_CURVE_WITH_KNOTS('',8,(#1145,#1146,#1147,#1148,#1149,
    #1150,#1151,#1152,#1153,#1154,#1155,#1156,#1157,#1158,#1159,#1160,
    #1161,#1162,#1163,#1164,#1165,#1166,#1167,#1168,#1169,#1170,#1171,
    #1172,#1173,#1174,#1175,#1176,#1177,#1178,#1179,#1180,#1181),
  .UNSPECIFIED.,.F.,.F.,(9,7,7,7,7,9),(0.,0.120522551491,0.180010428276,
    0.295762800355,0.459727999021,1.),.UNSPECIFIED.);
#1145 = CARTESIAN_POINT('',(89.125,-75.,38.145143837669));
#1146 = CARTESIAN_POINT('',(89.125,-75.13315553061,38.145143837669));
#1147 = CARTESIAN_POINT('',(89.132048184114,-75.26623182965,
    38.136443293121));
#1148 = CARTESIAN_POINT('',(89.146129531642,-75.39841428196,
    38.119061304967));
#1149 = CARTESIAN_POINT('',(89.167085201644,-75.52890454229,
    38.09313276361));
#1150 = CARTESIAN_POINT('',(89.194618151603,-75.65694135406,
    38.058904736361));
#1151 = CARTESIAN_POINT('',(89.228303995613,-75.78182033658,
    38.016735162369));
#1152 = CARTESIAN_POINT('',(89.267607102109,-75.90291274061,
    37.967093855041));
#1153 = CARTESIAN_POINT('',(89.333765103584,-76.07731906683,
    37.882664533542));
#1154 = CARTESIAN_POINT('',(89.356852582765,-76.13392358226,
    37.853074979631));
#1155 = CARTESIAN_POINT('',(89.381099667462,-76.18945433942,
    37.821853815812));
#1156 = CARTESIAN_POINT('',(89.406439382298,-76.24387309105,
    37.789060169011));
#1157 = CARTESIAN_POINT('',(89.432802797357,-76.29714571684,
    37.754755741082));
#1158 = CARTESIAN_POINT('',(89.460119347825,-76.3492422184,
    37.719004922414));
#1159 = CARTESIAN_POINT('',(89.488317153628,-76.40013671421,
    37.681874905525));
#1160 = CARTESIAN_POINT('',(89.573763994756,-76.54645744147,
    37.568640427933));
#1161 = CARTESIAN_POINT('',(89.633227261495,-76.63840851394,
    37.488939325112));
#1162 = CARTESIAN_POINT('',(89.695253823237,-76.72565732412,
    37.404747230533));
#1163 = CARTESIAN_POINT('',(89.759407560583,-76.80823399837,
    37.316466054565));
#1164 = CARTESIAN_POINT('',(89.825275009935,-76.88619805115,
    37.224489696564));
#1165 = CARTESIAN_POINT('',(89.892464822634,-76.95963431886,
    37.129208863827));
#1166 = CARTESIAN_POINT('',(89.960607224099,-77.02864889377,
    37.031015890531));
#1167 = CARTESIAN_POINT('',(90.126733700684,-77.18503660212,
    36.787657326418));
#1168 = CARTESIAN_POINT('',(90.225386963435,-77.26814172337,
    36.639871579069));
#1169 = CARTESIAN_POINT('',(90.324573964278,-77.34324708256,
    36.487706322177));
#1170 = CARTESIAN_POINT('',(90.42368988605,-77.41090961128,
    36.33181543291));
#1171 = CARTESIAN_POINT('',(90.522244724686,-77.47167053639,
    36.172764486589));
#1172 = CARTESIAN_POINT('',(90.619844707212,-77.52604980541,
    36.011042288016));
#1173 = CARTESIAN_POINT('',(90.71617479441,-77.5745409127,
    35.847072105596));
#1174 = CARTESIAN_POINT('',(91.123376751602,-77.75950775804,
    35.134741766481));
#1175 = CARTESIAN_POINT('',(91.421584050492,-77.84356675919,
    34.56375739482));
#1176 = CARTESIAN_POINT('',(91.696778630146,-77.88507538187,
    33.979801314711));
#1177 = CARTESIAN_POINT('',(91.946165390828,-77.89599397354,
    33.389705985929));
#1178 = CARTESIAN_POINT('',(92.169392585871,-77.88565883957,
    32.797386000003));
#1179 = CARTESIAN_POINT('',(92.367482516154,-77.86116119452,
    32.203970598067));
#1180 = CARTESIAN_POINT('',(92.542113066828,-77.82778231762,
    31.607099030264));
#1181 = CARTESIAN_POINT('',(92.694358444927,-77.78989092079,
    30.999999999996));
#1182 = ORIENTED_EDGE('',*,*,#1183,.T.);
#1183 = EDGE_CURVE('',#1142,#1184,#1186,.T.);
#1184 = VERTEX_POINT('',#1185);
#1185 = CARTESIAN_POINT('',(92.694358444936,-80.,30.999999999996));
#1186 = LINE('',#1187,#1188);
#1187 = CARTESIAN_POINT('',(92.694358444936,-50.,30.999999999996));
#1188 = VECTOR('',#1189,1.);
#1189 = DIRECTION('',(0.,-1.,1.1E-16));
#1190 = ORIENTED_EDGE('',*,*,#1191,.T.);
#1191 = EDGE_CURVE('',#1184,#1192,#1194,.T.);
#1192 = VERTEX_POINT('',#1193);
#1193 = CARTESIAN_POINT('',(56.805641555064,-80.,30.999999999998));
#1194 = CIRCLE('',#1195,18.5);
#1195 = AXIS2_PLACEMENT_3D('',#1196,#1197,#1198);
#1196 = CARTESIAN_POINT('',(74.75,-80.,26.5));
#1197 = DIRECTION('',(0.,-1.,0.));
#1198 = DIRECTION('',(1.,0.,0.));
#1199 = ORIENTED_EDGE('',*,*,#1200,.F.);
#1200 = EDGE_CURVE('',#1201,#1192,#1203,.T.);
#1201 = VERTEX_POINT('',#1202);
#1202 = CARTESIAN_POINT('',(56.805641555064,-77.78989092079,
    30.999999999997));
#1203 = LINE('',#1204,#1205);
#1204 = CARTESIAN_POINT('',(56.805641555064,-50.,30.999999999998));
#1205 = VECTOR('',#1206,1.);
#1206 = DIRECTION('',(0.,-1.,1.1E-16));
#1207 = ORIENTED_EDGE('',*,*,#1208,.T.);
#1208 = EDGE_CURVE('',#1201,#1209,#1211,.T.);
#1209 = VERTEX_POINT('',#1210);
#1210 = CARTESIAN_POINT('',(56.805641555064,-72.2101090792,
    30.999999999997));
#1211 = B_SPLINE_CURVE_WITH_KNOTS('',8,(#1212,#1213,#1214,#1215,#1216,
    #1217,#1218,#1219,#1220,#1221,#1222,#1223,#1224,#1225,#1226,#1227,
    #1228,#1229,#1230,#1231,#1232,#1233,#1234,#1235,#1236,#1237,#1238,
    #1239,#1240,#1241,#1242,#1243,#1244,#1245,#1246,#1247,#1248,#1249,
    #1250,#1251,#1252,#1253,#1254,#1255,#1256,#1257,#1258,#1259,#1260,
    #1261,#1262,#1263,#1264,#1265,#1266,#1267,#1268,#1269,#1270,#1271,
    #1272,#1273,#1274,#1275,#1276,#1277,#1278,#1279,#1280,#1281,#1282,
    #1283,#1284,#1285,#1286,#1287,#1288,#1289,#1290,#1291,#1292,#1293,
    #1294,#1295,#1296,#1297,#1298,#1299,#1300,#1301,#1302,#1303,#1304),
  .UNSPECIFIED.,.F.,.F.,(9,7,7,7,7,7,7,7,7,7,7,7,7,9),(0.,0.246231030934
    ,0.376713322979,0.421797884095,0.447513785043,0.463311977523,
    0.500518948032,0.529256752811,0.542010690871,0.560750410992,
    0.590461264264,0.648273072798,0.7301644803,1.),.UNSPECIFIED.);
#1212 = CARTESIAN_POINT('',(56.805641555073,-77.78989092079,
    30.999999999996));
#1213 = CARTESIAN_POINT('',(56.943839706506,-77.82428619152,
    31.551083814606));
#1214 = CARTESIAN_POINT('',(57.10090097971,-77.8550677063,
    32.095408047369));
#1215 = CARTESIAN_POINT('',(57.277548049723,-77.87885745654,
    32.636847339015));
#1216 = CARTESIAN_POINT('',(57.474799406337,-77.89164206386,
    33.176784236434));
#1217 = CARTESIAN_POINT('',(57.693319393671,-77.88830046519,
    33.714523045253));
#1218 = CARTESIAN_POINT('',(57.932969199152,-77.86232413713,
    34.247623137242));
#1219 = CARTESIAN_POINT('',(58.192206098664,-77.80556583707,
    34.771825464975));
#1220 = CARTESIAN_POINT('',(58.611616135019,-77.6558851962,
    35.549654991555));
#1221 = CARTESIAN_POINT('',(58.76167481378,-77.59229025687,
    35.815756533119));
#1222 = CARTESIAN_POINT('',(58.915858840191,-77.51525231824,
    36.077401554969));
#1223 = CARTESIAN_POINT('',(59.073141771604,-77.42290214897,
    36.333057089391));
#1224 = CARTESIAN_POINT('',(59.23206709192,-77.31318928941,
    36.580824906558));
#1225 = CARTESIAN_POINT('',(59.390604066319,-77.18391696737,
    36.81838419776));
#1226 = CARTESIAN_POINT('',(59.545930079806,-77.03283171649,
    37.042832246838));
#1227 = CARTESIAN_POINT('',(59.745355627594,-76.79729907146,
    37.322126120585));
#1228 = CARTESIAN_POINT('',(59.795678140896,-76.73400172204,
    37.391776866692));
#1229 = CARTESIAN_POINT('',(59.844903549618,-76.66786756738,
    37.459137413551));
#1230 = CARTESIAN_POINT('',(59.892817077278,-76.59888787957,
    37.523992530178));
#1231 = CARTESIAN_POINT('',(59.939198802592,-76.5270682681,
    37.586131103131));
#1232 = CARTESIAN_POINT('',(59.983825010356,-76.45242885679,
    37.645345604854));
#1233 = CARTESIAN_POINT('',(60.026469542326,-76.37500446073,
    37.701431562033));
#1234 = CARTESIAN_POINT('',(60.089969319223,-76.24912226322,
    37.784278350101));
#1235 = CARTESIAN_POINT('',(60.112309719098,-76.20251989125,
    37.813279415353));
#1236 = CARTESIAN_POINT('',(60.133878444073,-76.15505991042,
    37.841145315665));
#1237 = CARTESIAN_POINT('',(60.154628792994,-76.10676706703,
    37.867833259293));
#1238 = CARTESIAN_POINT('',(60.174515441797,-76.05766858846,
    37.893302504616));
#1239 = CARTESIAN_POINT('',(60.193494618106,-76.00779418103,
    37.917514297966));
#1240 = CARTESIAN_POINT('',(60.211524275834,-75.957176028,
    37.940431811458));
#1241 = CARTESIAN_POINT('',(60.239032544047,-75.87431663821,
    37.975282522422));
#1242 = CARTESIAN_POINT('',(60.249126656251,-75.84251898354,
    37.988042441728));
#1243 = CARTESIAN_POINT('',(60.258836929719,-75.81046503102,
    38.00029132293));
#1244 = CARTESIAN_POINT('',(60.268154069218,-75.77816456589,
    38.012021009598));
#1245 = CARTESIAN_POINT('',(60.277069160961,-75.74562795108,
    38.023223704674));
#1246 = CARTESIAN_POINT('',(60.285573672596,-75.71286612712,
    38.033891970475));
#1247 = CARTESIAN_POINT('',(60.293659453219,-75.67989061225,
    38.044018728689));
#1248 = CARTESIAN_POINT('',(60.319357417895,-75.56857673123,
    38.076156052888));
#1249 = CARTESIAN_POINT('',(60.335034357145,-75.48930539945,
    38.095678624277));
#1250 = CARTESIAN_POINT('',(60.348244043608,-75.40907321285,
    38.112071955954));
#1251 = CARTESIAN_POINT('',(60.358900567958,-75.32806011969,
    38.125261774792));
#1252 = CARTESIAN_POINT('',(60.366938283438,-75.24645202258,
    38.135192326115));
#1253 = CARTESIAN_POINT('',(60.372312470259,-75.16444049043,
    38.14182614668));
#1254 = CARTESIAN_POINT('',(60.375,-75.08222247044,38.145143837669));
#1255 = CARTESIAN_POINT('',(60.375,-74.93649326264,38.145143837669));
#1256 = CARTESIAN_POINT('',(60.373396751558,-74.87298769622,
    38.143164721808));
#1257 = CARTESIAN_POINT('',(60.370190442888,-74.80957643223,
    38.139206830755));
#1258 = CARTESIAN_POINT('',(60.36538926991,-74.74635113323,
    38.133277076848));
#1259 = CARTESIAN_POINT('',(60.359009291979,-74.68340192638,
    38.125388995742));
#1260 = CARTESIAN_POINT('',(60.351074287621,-74.6208173369,
    38.115562798072));
#1261 = CARTESIAN_POINT('',(60.341615610274,-74.55868422157,
    38.103825421103));
#1262 = CARTESIAN_POINT('',(60.325815251115,-74.46975095198,
    38.084168266563));
#1263 = CARTESIAN_POINT('',(60.320665818251,-74.44251895749,
    38.077755962385));
#1264 = CARTESIAN_POINT('',(60.31522706313,-74.41539876858,
    38.07097651816));
#1265 = CARTESIAN_POINT('',(60.309502519075,-74.38839722189,
    38.063832978124));
#1266 = CARTESIAN_POINT('',(60.303495935021,-74.3615209408,
    38.056328580455));
#1267 = CARTESIAN_POINT('',(60.297211275521,-74.33477633548,
    38.048466757264));
#1268 = CARTESIAN_POINT('',(60.290652720739,-74.30816960288,
    38.040251134598));
#1269 = CARTESIAN_POINT('',(60.273792014141,-74.24282407805,
    38.019099852142));
#1270 = CARTESIAN_POINT('',(60.263177370154,-74.20425191573,
    38.005758463353));
#1271 = CARTESIAN_POINT('',(60.251994806086,-74.16600919053,
    37.991673579682));
#1272 = CARTESIAN_POINT('',(60.240258998936,-74.12811365934,
    37.976858008987));
#1273 = CARTESIAN_POINT('',(60.227985231114,-74.09058188521,
    37.961325153376));
#1274 = CARTESIAN_POINT('',(60.215189390441,-74.05342923731,
    37.945089009212));
#1275 = CARTESIAN_POINT('',(60.201887970151,-74.01666989096,
    37.928164167112));
#1276 = CARTESIAN_POINT('',(60.166234896416,-73.92268093316,
    37.882664533542));
#1277 = CARTESIAN_POINT('',(60.143147417235,-73.86607641773,
    37.853074979631));
#1278 = CARTESIAN_POINT('',(60.118900332538,-73.81054566057,
    37.821853815812));
#1279 = CARTESIAN_POINT('',(60.093560617702,-73.75612690895,
    37.789060169011));
#1280 = CARTESIAN_POINT('',(60.067197202643,-73.70285428315,
    37.754755741083));
#1281 = CARTESIAN_POINT('',(60.039880652175,-73.65075778159,
    37.719004922414));
#1282 = CARTESIAN_POINT('',(60.011682846372,-73.59986328578,
    37.681874905525));
#1283 = CARTESIAN_POINT('',(59.926236005244,-73.45354255852,
    37.568640427933));
#1284 = CARTESIAN_POINT('',(59.866772738505,-73.36159148605,
    37.488939325112));
#1285 = CARTESIAN_POINT('',(59.804746176763,-73.27434267587,
    37.404747230533));
#1286 = CARTESIAN_POINT('',(59.740592439418,-73.19176600162,
    37.316466054565));
#1287 = CARTESIAN_POINT('',(59.674724990065,-73.11380194885,
    37.224489696565));
#1288 = CARTESIAN_POINT('',(59.607535177366,-73.04036568113,
    37.129208863827));
#1289 = CARTESIAN_POINT('',(59.539392775901,-72.97135110622,
    37.031015890531));
#1290 = CARTESIAN_POINT('',(59.373266299316,-72.81496339787,
    36.787657326418));
#1291 = CARTESIAN_POINT('',(59.274613036565,-72.73185827662,
    36.639871579069));
#1292 = CARTESIAN_POINT('',(59.175426035722,-72.65675291743,
    36.487706322177));
#1293 = CARTESIAN_POINT('',(59.07631011395,-72.58909038871,
    36.33181543291));
#1294 = CARTESIAN_POINT('',(58.977755275315,-72.5283294636,
    36.17276448659));
#1295 = CARTESIAN_POINT('',(58.880155292788,-72.47395019459,
    36.011042288016));
#1296 = CARTESIAN_POINT('',(58.783825205591,-72.42545908729,
    35.847072105596));
#1297 = CARTESIAN_POINT('',(58.376623248398,-72.24049224195,
    35.134741766482));
#1298 = CARTESIAN_POINT('',(58.078415949509,-72.1564332408,
    34.563757394821));
#1299 = CARTESIAN_POINT('',(57.803221369852,-72.11492461813,
    33.979801314707));
#1300 = CARTESIAN_POINT('',(57.553834609176,-72.10400602645,
    33.389705985936));
#1301 = CARTESIAN_POINT('',(57.330607414126,-72.11434116042,
    32.797385999999));
#1302 = CARTESIAN_POINT('',(57.132517483847,-72.13883880547,
    32.203970598066));
#1303 = CARTESIAN_POINT('',(56.957886933172,-72.17221768237,
    31.607099030265));
#1304 = CARTESIAN_POINT('',(56.805641555073,-72.2101090792,
    30.999999999996));
#1305 = ORIENTED_EDGE('',*,*,#1306,.F.);
#1306 = EDGE_CURVE('',#1307,#1209,#1309,.T.);
#1307 = VERTEX_POINT('',#1308);
#1308 = CARTESIAN_POINT('',(56.805641555064,-70.,30.999999999998));
#1309 = LINE('',#1310,#1311);
#1310 = CARTESIAN_POINT('',(56.805641555064,-50.,30.999999999998));
#1311 = VECTOR('',#1312,1.);
#1312 = DIRECTION('',(0.,-1.,1.1E-16));
#1313 = ORIENTED_EDGE('',*,*,#1314,.T.);
#1314 = EDGE_CURVE('',#1307,#1315,#1317,.T.);
#1315 = VERTEX_POINT('',#1316);
#1316 = CARTESIAN_POINT('',(58.75,-70.,35.787087810503));
#1317 = CIRCLE('',#1318,18.5);
#1318 = AXIS2_PLACEMENT_3D('',#1319,#1320,#1321);
#1319 = CARTESIAN_POINT('',(74.75,-70.,26.5));
#1320 = DIRECTION('',(0.,1.,-4.4E-16));
#1321 = DIRECTION('',(1.,0.,0.));
#1322 = ORIENTED_EDGE('',*,*,#1323,.F.);
#1323 = EDGE_CURVE('',#1324,#1315,#1326,.T.);
#1324 = VERTEX_POINT('',#1325);
#1325 = CARTESIAN_POINT('',(60.75,-68.,38.593386622448));
#1326 = B_SPLINE_CURVE_WITH_KNOTS('',6,(#1327,#1328,#1329,#1330,#1331,
    #1332,#1333,#1334,#1335,#1336,#1337,#1338,#1339,#1340,#1341,#1342,
    #1343,#1344,#1345,#1346,#1347,#1348,#1349,#1350,#1351,#1352,#1353),
  .UNSPECIFIED.,.F.,.F.,(7,5,5,5,5,7),(0.,0.179561017377,0.267132041068,
    0.427887226643,0.684251839636,1.),.UNSPECIFIED.);
#1327 = CARTESIAN_POINT('',(60.75,-68.,38.593386622448));
#1328 = CARTESIAN_POINT('',(60.75,-68.12101014563,38.593386622448));
#1329 = CARTESIAN_POINT('',(60.741213739416,-68.24206733535,
    38.583215042167));
#1330 = CARTESIAN_POINT('',(60.723629724054,-68.36165617034,
    38.562859282605));
#1331 = CARTESIAN_POINT('',(60.697674444826,-68.47847621997,
    38.532698429194));
#1332 = CARTESIAN_POINT('',(60.664040840272,-68.59142272127,
    38.493317617256));
#1333 = CARTESIAN_POINT('',(60.603951309076,-68.75235350203,
    38.422258054068));
#1334 = CARTESIAN_POINT('',(60.58264035254,-68.80398851436,
    38.396963056754));
#1335 = CARTESIAN_POINT('',(60.559817736239,-68.85440895193,
    38.369757382046));
#1336 = CARTESIAN_POINT('',(60.535590479206,-68.90354122058,
    38.34073673552));
#1337 = CARTESIAN_POINT('',(60.510068005154,-68.95132919389,
    38.309999872578));
#1338 = CARTESIAN_POINT('',(60.434327029088,-69.08291389288,
    38.218252387093));
#1339 = CARTESIAN_POINT('',(60.381297829525,-69.16342296342,
    38.153412053662));
#1340 = CARTESIAN_POINT('',(60.324932588231,-69.23902106553,
    38.083727767997));
#1341 = CARTESIAN_POINT('',(60.265871276519,-69.30964371904,
    38.009793641114));
#1342 = CARTESIAN_POINT('',(60.204678557596,-69.37534383564,
    37.932152784988));
#1343 = CARTESIAN_POINT('',(60.041590718401,-69.53338694674,
    37.722271738051));
#1344 = CARTESIAN_POINT('',(59.93718126244,-69.61828946006,
    37.585084076593));
#1345 = CARTESIAN_POINT('',(59.830431027869,-69.69159343542,
    37.441477038649));
#1346 = CARTESIAN_POINT('',(59.722750337088,-69.75415706755,
    37.292919617932));
#1347 = CARTESIAN_POINT('',(59.615111909758,-69.80691813915,
    37.14052679069));
#1348 = CARTESIAN_POINT('',(59.376310986506,-69.90473583408,
    36.793384354122));
#1349 = CARTESIAN_POINT('',(59.245569670574,-69.94513882983,
    36.597138184966));
#1350 = CARTESIAN_POINT('',(59.117008987651,-69.97361313627,
    36.397549352181));
#1351 = CARTESIAN_POINT('',(58.991336304017,-69.99151049522,
    36.195613009373));
#1352 = CARTESIAN_POINT('',(58.868947349676,-70.,35.992012931666));
#1353 = CARTESIAN_POINT('',(58.75,-70.,35.787087810503));
#1354 = ORIENTED_EDGE('',*,*,#1355,.T.);
#1355 = EDGE_CURVE('',#1324,#1356,#1358,.T.);
#1356 = VERTEX_POINT('',#1357);
#1357 = CARTESIAN_POINT('',(60.75,-62.,38.593386622448));
#1358 = LINE('',#1359,#1360);
#1359 = CARTESIAN_POINT('',(60.75,-50.,38.593386622448));
#1360 = VECTOR('',#1361,1.);
#1361 = DIRECTION('',(0.,1.,-4.4E-16));
#1362 = ORIENTED_EDGE('',*,*,#1363,.F.);
#1363 = EDGE_CURVE('',#1364,#1356,#1366,.T.);
#1364 = VERTEX_POINT('',#1365);
#1365 = CARTESIAN_POINT('',(58.75,-60.,35.787087810503));
#1366 = B_SPLINE_CURVE_WITH_KNOTS('',6,(#1367,#1368,#1369,#1370,#1371,
    #1372,#1373,#1374,#1375,#1376,#1377,#1378,#1379,#1380,#1381,#1382,
    #1383,#1384,#1385,#1386,#1387,#1388,#1389,#1390,#1391,#1392,#1393),
  .UNSPECIFIED.,.F.,.F.,(7,5,5,5,5,7),(0.,0.312842380102,0.572113332919,
    0.732868319145,0.820439234242,1.),.UNSPECIFIED.);
#1367 = CARTESIAN_POINT('',(58.75,-60.,35.787087810503));
#1368 = CARTESIAN_POINT('',(58.867852478558,-60.,35.990126663522));
#1369 = CARTESIAN_POINT('',(58.989084686644,-60.00833391807,
    36.191866806638));
#1370 = CARTESIAN_POINT('',(59.113541489303,-60.0258953947,
    36.391975820492));
#1371 = CARTESIAN_POINT('',(59.240839588213,-60.05381868797,
    36.589791241001));
#1372 = CARTESIAN_POINT('',(59.370297282465,-60.09341515215,
    36.784352088307));
#1373 = CARTESIAN_POINT('',(59.609012259863,-60.19010467243,
    37.131885925096));
#1374 = CARTESIAN_POINT('',(59.717868715131,-60.2430151537,
    37.286182163027));
#1375 = CARTESIAN_POINT('',(59.826801857902,-60.3059194297,
    37.436593578476));
#1376 = CARTESIAN_POINT('',(59.934814665663,-60.37978833083,
    37.581974130625));
#1377 = CARTESIAN_POINT('',(60.040454255642,-60.46551174422,
    37.720809201084));
#1378 = CARTESIAN_POINT('',(60.204678557596,-60.62465616435,
    37.932152784988));
#1379 = CARTESIAN_POINT('',(60.265871276519,-60.69035628095,
    38.009793641115));
#1380 = CARTESIAN_POINT('',(60.324932588231,-60.76097893446,
    38.083727767997));
#1381 = CARTESIAN_POINT('',(60.381297829526,-60.83657703657,
    38.153412053662));
#1382 = CARTESIAN_POINT('',(60.434327029088,-60.91708610711,
    38.218252387093));
#1383 = CARTESIAN_POINT('',(60.510068005154,-61.04867080611,
    38.309999872578));
#1384 = CARTESIAN_POINT('',(60.535590479206,-61.09645877941,
    38.34073673552));
#1385 = CARTESIAN_POINT('',(60.559817736239,-61.14559104806,
    38.369757382046));
#1386 = CARTESIAN_POINT('',(60.58264035254,-61.19601148563,
    38.396963056754));
#1387 = CARTESIAN_POINT('',(60.603951309076,-61.24764649796,
    38.422258054068));
#1388 = CARTESIAN_POINT('',(60.66404083376,-61.40857726128,
    38.493317609555));
#1389 = CARTESIAN_POINT('',(60.697674446082,-61.52152377548,
    38.532698430764));
#1390 = CARTESIAN_POINT('',(60.723629719013,-61.63834382068,
    38.562859276614));
#1391 = CARTESIAN_POINT('',(60.741213729065,-61.75793261526,
    38.583215030224));
#1392 = CARTESIAN_POINT('',(60.75,-61.87898978453,38.593386622448));
#1393 = CARTESIAN_POINT('',(60.75,-62.,38.593386622448));
#1394 = ORIENTED_EDGE('',*,*,#1395,.F.);
#1395 = EDGE_CURVE('',#1396,#1364,#1398,.T.);
#1396 = VERTEX_POINT('',#1397);
#1397 = CARTESIAN_POINT('',(56.805641555064,-60.,30.999999999998));
#1398 = CIRCLE('',#1399,18.5);
#1399 = AXIS2_PLACEMENT_3D('',#1400,#1401,#1402);
#1400 = CARTESIAN_POINT('',(74.75,-60.,26.5));
#1401 = DIRECTION('',(0.,1.,-4.4E-16));
#1402 = DIRECTION('',(1.,0.,0.));
#1403 = ORIENTED_EDGE('',*,*,#1404,.F.);
#1404 = EDGE_CURVE('',#1405,#1396,#1407,.T.);
#1405 = VERTEX_POINT('',#1406);
#1406 = CARTESIAN_POINT('',(56.805641555064,-57.78989092079,
    30.999999999997));
#1407 = LINE('',#1408,#1409);
#1408 = CARTESIAN_POINT('',(56.805641555064,-50.,30.999999999998));
#1409 = VECTOR('',#1410,1.);
#1410 = DIRECTION('',(0.,-1.,1.1E-16));
#1411 = ORIENTED_EDGE('',*,*,#1412,.T.);
#1412 = EDGE_CURVE('',#1405,#1413,#1415,.T.);
#1413 = VERTEX_POINT('',#1414);
#1414 = CARTESIAN_POINT('',(56.805641555064,-52.2101090792,
    30.999999999997));
#1415 = B_SPLINE_CURVE_WITH_KNOTS('',8,(#1416,#1417,#1418,#1419,#1420,
    #1421,#1422,#1423,#1424,#1425,#1426,#1427,#1428,#1429,#1430,#1431,
    #1432,#1433,#1434,#1435,#1436,#1437,#1438,#1439,#1440,#1441,#1442,
    #1443,#1444,#1445,#1446,#1447,#1448,#1449,#1450,#1451,#1452,#1453,
    #1454,#1455,#1456,#1457,#1458,#1459,#1460,#1461,#1462,#1463,#1464,
    #1465,#1466,#1467,#1468,#1469,#1470,#1471,#1472,#1473,#1474,#1475,
    #1476,#1477,#1478,#1479,#1480,#1481,#1482,#1483,#1484,#1485,#1486,
    #1487,#1488,#1489,#1490,#1491,#1492,#1493,#1494,#1495,#1496,#1497,
    #1498,#1499,#1500,#1501,#1502,#1503,#1504,#1505,#1506,#1507,#1508),
  .UNSPECIFIED.,.F.,.F.,(9,7,7,7,7,7,7,7,7,7,7,7,7,9),(0.,0.246231031258
    ,0.376713323475,0.421797884651,0.447513785632,0.463311978134,
    0.500518948691,0.529256753508,0.542010691585,0.560750411731,
    0.590461265042,0.648273070936,0.730164478872,1.),.UNSPECIFIED.);
#1416 = CARTESIAN_POINT('',(56.805641555073,-57.78989092079,
    30.999999999996));
#1417 = CARTESIAN_POINT('',(56.943839706506,-57.82428619152,
    31.551083814607));
#1418 = CARTESIAN_POINT('',(57.100900979708,-57.8550677063,
    32.095408047365));
#1419 = CARTESIAN_POINT('',(57.277548049726,-57.87885745654,
    32.636847339024));
#1420 = CARTESIAN_POINT('',(57.474799406333,-57.89164206386,
    33.176784236424));
#1421 = CARTESIAN_POINT('',(57.693319393673,-57.88830046519,
    33.714523045259));
#1422 = CARTESIAN_POINT('',(57.93296919915,-57.86232413713,
    34.247623137239));
#1423 = CARTESIAN_POINT('',(58.192206098665,-57.80556583707,
    34.771825464976));
#1424 = CARTESIAN_POINT('',(58.611616135019,-57.6558851962,
    35.549654991555));
#1425 = CARTESIAN_POINT('',(58.761674813779,-57.59229025687,
    35.815756533118));
#1426 = CARTESIAN_POINT('',(58.915858840191,-57.51525231824,
    36.07740155497));
#1427 = CARTESIAN_POINT('',(59.073141771604,-57.42290214897,
    36.333057089391));
#1428 = CARTESIAN_POINT('',(59.232067091919,-57.31318928941,
    36.580824906558));
#1429 = CARTESIAN_POINT('',(59.390604066319,-57.18391696737,
    36.81838419776));
#1430 = CARTESIAN_POINT('',(59.545930079806,-57.03283171649,
    37.042832246838));
#1431 = CARTESIAN_POINT('',(59.745355627594,-56.79729907146,
    37.322126120585));
#1432 = CARTESIAN_POINT('',(59.795678140896,-56.73400172204,
    37.391776866692));
#1433 = CARTESIAN_POINT('',(59.844903549618,-56.66786756738,
    37.459137413551));
#1434 = CARTESIAN_POINT('',(59.892817077278,-56.59888787957,
    37.523992530178));
#1435 = CARTESIAN_POINT('',(59.939198802592,-56.5270682681,
    37.586131103131));
#1436 = CARTESIAN_POINT('',(59.983825010356,-56.45242885679,
    37.645345604854));
#1437 = CARTESIAN_POINT('',(60.026469542326,-56.37500446073,
    37.701431562033));
#1438 = CARTESIAN_POINT('',(60.089969319223,-56.24912226322,
    37.784278350101));
#1439 = CARTESIAN_POINT('',(60.112309719098,-56.20251989125,
    37.813279415353));
#1440 = CARTESIAN_POINT('',(60.133878444073,-56.15505991042,
    37.841145315665));
#1441 = CARTESIAN_POINT('',(60.154628792994,-56.10676706703,
    37.867833259293));
#1442 = CARTESIAN_POINT('',(60.174515441797,-56.05766858846,
    37.893302504616));
#1443 = CARTESIAN_POINT('',(60.193494618106,-56.00779418103,
    37.917514297966));
#1444 = CARTESIAN_POINT('',(60.211524275834,-55.957176028,
    37.940431811458));
#1445 = CARTESIAN_POINT('',(60.239032544047,-55.87431663821,
    37.975282522422));
#1446 = CARTESIAN_POINT('',(60.249126656251,-55.84251898354,
    37.988042441728));
#1447 = CARTESIAN_POINT('',(60.258836929719,-55.81046503102,
    38.00029132293));
#1448 = CARTESIAN_POINT('',(60.268154069218,-55.77816456589,
    38.012021009598));
#1449 = CARTESIAN_POINT('',(60.277069160961,-55.74562795107,
    38.023223704674));
#1450 = CARTESIAN_POINT('',(60.285573672596,-55.71286612712,
    38.033891970475));
#1451 = CARTESIAN_POINT('',(60.293659453219,-55.67989061225,
    38.044018728689));
#1452 = CARTESIAN_POINT('',(60.319357417895,-55.56857673123,
    38.076156052888));
#1453 = CARTESIAN_POINT('',(60.335034357145,-55.48930539945,
    38.095678624276));
#1454 = CARTESIAN_POINT('',(60.348244043608,-55.40907321285,
    38.112071955954));
#1455 = CARTESIAN_POINT('',(60.358900567958,-55.32806011969,
    38.125261774792));
#1456 = CARTESIAN_POINT('',(60.366938283438,-55.24645202258,
    38.135192326115));
#1457 = CARTESIAN_POINT('',(60.372312470259,-55.16444049043,
    38.14182614668));
#1458 = CARTESIAN_POINT('',(60.375,-55.08222247044,38.145143837669));
#1459 = CARTESIAN_POINT('',(60.375,-54.93649326264,38.145143837669));
#1460 = CARTESIAN_POINT('',(60.373396751558,-54.87298769622,
    38.143164721807));
#1461 = CARTESIAN_POINT('',(60.370190442888,-54.80957643223,
    38.139206830755));
#1462 = CARTESIAN_POINT('',(60.36538926991,-54.74635113323,
    38.133277076848));
#1463 = CARTESIAN_POINT('',(60.359009291978,-54.68340192638,
    38.125388995742));
#1464 = CARTESIAN_POINT('',(60.351074287621,-54.6208173369,
    38.115562798072));
#1465 = CARTESIAN_POINT('',(60.341615610274,-54.55868422157,
    38.103825421103));
#1466 = CARTESIAN_POINT('',(60.325815251115,-54.46975095198,
    38.084168266563));
#1467 = CARTESIAN_POINT('',(60.320665818251,-54.44251895749,
    38.077755962385));
#1468 = CARTESIAN_POINT('',(60.31522706313,-54.41539876858,
    38.07097651816));
#1469 = CARTESIAN_POINT('',(60.309502519075,-54.38839722189,
    38.063832978124));
#1470 = CARTESIAN_POINT('',(60.303495935021,-54.3615209408,
    38.056328580455));
#1471 = CARTESIAN_POINT('',(60.297211275521,-54.33477633548,
    38.048466757264));
#1472 = CARTESIAN_POINT('',(60.290652720739,-54.30816960288,
    38.040251134598));
#1473 = CARTESIAN_POINT('',(60.273792014141,-54.24282407805,
    38.019099852142));
#1474 = CARTESIAN_POINT('',(60.263177370154,-54.20425191573,
    38.005758463353));
#1475 = CARTESIAN_POINT('',(60.251994806086,-54.16600919053,
    37.991673579682));
#1476 = CARTESIAN_POINT('',(60.240258998936,-54.12811365934,
    37.976858008987));
#1477 = CARTESIAN_POINT('',(60.227985231114,-54.09058188521,
    37.961325153376));
#1478 = CARTESIAN_POINT('',(60.215189390441,-54.05342923731,
    37.945089009212));
#1479 = CARTESIAN_POINT('',(60.201887970151,-54.01666989096,
    37.928164167112));
#1480 = CARTESIAN_POINT('',(60.166234896416,-53.92268093316,
    37.882664533542));
#1481 = CARTESIAN_POINT('',(60.143147417235,-53.86607641773,
    37.853074979631));
#1482 = CARTESIAN_POINT('',(60.118900332538,-53.81054566057,
    37.821853815812));
#1483 = CARTESIAN_POINT('',(60.093560617702,-53.75612690895,
    37.789060169011));
#1484 = CARTESIAN_POINT('',(60.067197202642,-53.70285428315,
    37.754755741082));
#1485 = CARTESIAN_POINT('',(60.039880652175,-53.65075778159,
    37.719004922414));
#1486 = CARTESIAN_POINT('',(60.011682846372,-53.59986328578,
    37.681874905525));
#1487 = CARTESIAN_POINT('',(59.926236007895,-53.45354256305,
    37.568640431446));
#1488 = CARTESIAN_POINT('',(59.866772736558,-53.36159148401,
    37.488939322312));
#1489 = CARTESIAN_POINT('',(59.804746173874,-53.27434267162,
    37.404747226591));
#1490 = CARTESIAN_POINT('',(59.740592439783,-53.19176600112,
    37.316466055253));
#1491 = CARTESIAN_POINT('',(59.674724993361,-53.11380195256,
    37.224489701268));
#1492 = CARTESIAN_POINT('',(59.607535178967,-53.0403656837,
    37.129208865967));
#1493 = CARTESIAN_POINT('',(59.539392772399,-52.97135110292,
    37.0310158854));
#1494 = CARTESIAN_POINT('',(59.373266299316,-52.81496339787,
    36.787657326418));
#1495 = CARTESIAN_POINT('',(59.274613036565,-52.73185827662,
    36.639871579069));
#1496 = CARTESIAN_POINT('',(59.175426035722,-52.65675291743,
    36.487706322177));
#1497 = CARTESIAN_POINT('',(59.07631011395,-52.58909038871,
    36.33181543291));
#1498 = CARTESIAN_POINT('',(58.977755275314,-52.5283294636,
    36.172764486589));
#1499 = CARTESIAN_POINT('',(58.880155292788,-52.47395019459,
    36.011042288016));
#1500 = CARTESIAN_POINT('',(58.78382520559,-52.42545908729,
    35.847072105596));
#1501 = CARTESIAN_POINT('',(58.376623248398,-52.24049224195,
    35.134741766482));
#1502 = CARTESIAN_POINT('',(58.078415949507,-52.1564332408,
    34.563757394818));
#1503 = CARTESIAN_POINT('',(57.803221369855,-52.11492461813,
    33.979801314714));
#1504 = CARTESIAN_POINT('',(57.553834609172,-52.10400602645,
    33.389705985926));
#1505 = CARTESIAN_POINT('',(57.330607414129,-52.11434116042,
    32.797386000008));
#1506 = CARTESIAN_POINT('',(57.132517483846,-52.13883880547,
    32.203970598063));
#1507 = CARTESIAN_POINT('',(56.957886933172,-52.17221768237,
    31.607099030265));
#1508 = CARTESIAN_POINT('',(56.805641555073,-52.2101090792,
    30.999999999996));
#1509 = ORIENTED_EDGE('',*,*,#1510,.F.);
#1510 = EDGE_CURVE('',#474,#1413,#1511,.T.);
#1511 = LINE('',#1512,#1513);
#1512 = CARTESIAN_POINT('',(56.805641555064,-50.,30.999999999998));
#1513 = VECTOR('',#1514,1.);
#1514 = DIRECTION('',(0.,-1.,1.1E-16));
#1515 = ORIENTED_EDGE('',*,*,#481,.F.);
#1516 = ORIENTED_EDGE('',*,*,#1517,.T.);
#1517 = EDGE_CURVE('',#482,#1518,#1520,.T.);
#1518 = VERTEX_POINT('',#1519);
#1519 = CARTESIAN_POINT('',(92.694358444936,-52.2101090792,
    30.999999999996));
#1520 = LINE('',#1521,#1522);
#1521 = CARTESIAN_POINT('',(92.694358444936,-50.,30.999999999996));
#1522 = VECTOR('',#1523,1.);
#1523 = DIRECTION('',(0.,-1.,1.1E-16));
#1524 = ORIENTED_EDGE('',*,*,#1525,.T.);
#1525 = EDGE_CURVE('',#1518,#1526,#1528,.T.);
#1526 = VERTEX_POINT('',#1527);
#1527 = CARTESIAN_POINT('',(89.125,-55.,38.145143837669));
#1528 = B_SPLINE_CURVE_WITH_KNOTS('',8,(#1529,#1530,#1531,#1532,#1533,
    #1534,#1535,#1536,#1537,#1538,#1539,#1540,#1541,#1542,#1543,#1544,
    #1545,#1546,#1547,#1548,#1549,#1550,#1551,#1552,#1553,#1554,#1555,
    #1556,#1557,#1558,#1559,#1560,#1561,#1562,#1563,#1564,#1565),
  .UNSPECIFIED.,.F.,.F.,(9,7,7,7,7,9),(0.,0.491967647805,0.752670232908,
    0.842748828621,0.894128994863,1.),.UNSPECIFIED.);
#1529 = CARTESIAN_POINT('',(92.694358444927,-52.2101090792,
    30.999999999996));
#1530 = CARTESIAN_POINT('',(92.556160293495,-52.17571380847,
    31.551083814604));
#1531 = CARTESIAN_POINT('',(92.399099020289,-52.14493229369,
    32.095408047373));
#1532 = CARTESIAN_POINT('',(92.222451950277,-52.12114254345,
    32.636847339012));
#1533 = CARTESIAN_POINT('',(92.025200593663,-52.10835793614,
    33.176784236432));
#1534 = CARTESIAN_POINT('',(91.806680606331,-52.11169953479,
    33.714523045252));
#1535 = CARTESIAN_POINT('',(91.567030800846,-52.13767586287,
    34.247623137246));
#1536 = CARTESIAN_POINT('',(91.307793901337,-52.19443416292,
    34.771825464972));
#1537 = CARTESIAN_POINT('',(90.888383864982,-52.34411480379,
    35.549654991554));
#1538 = CARTESIAN_POINT('',(90.73832518622,-52.40770974312,
    35.815756533119));
#1539 = CARTESIAN_POINT('',(90.58414115981,-52.48474768175,
    36.077401554968));
#1540 = CARTESIAN_POINT('',(90.426858228396,-52.57709785102,
    36.33305708939));
#1541 = CARTESIAN_POINT('',(90.26793290808,-52.68681071059,
    36.580824906559));
#1542 = CARTESIAN_POINT('',(90.109395933682,-52.81608303262,
    36.818384197759));
#1543 = CARTESIAN_POINT('',(89.954069920194,-52.9671682835,
    37.042832246838));
#1544 = CARTESIAN_POINT('',(89.754644372401,-53.20270092853,
    37.322126120593));
#1545 = CARTESIAN_POINT('',(89.704321859102,-53.26599827795,
    37.391776866694));
#1546 = CARTESIAN_POINT('',(89.655096450385,-53.3321324326,
    37.459137413546));
#1547 = CARTESIAN_POINT('',(89.607182922727,-53.40111212041,
    37.523992530171));
#1548 = CARTESIAN_POINT('',(89.56080119741,-53.47293173189,
    37.586131103127));
#1549 = CARTESIAN_POINT('',(89.516174989642,-53.5475711432,
    37.645345604857));
#1550 = CARTESIAN_POINT('',(89.47353045767,-53.62499553927,
    37.701431562039));
#1551 = CARTESIAN_POINT('',(89.410030680778,-53.75087773677,
    37.784278350101));
#1552 = CARTESIAN_POINT('',(89.387690280903,-53.79748010874,
    37.813279415353));
#1553 = CARTESIAN_POINT('',(89.366121555927,-53.84494008957,
    37.841145315665));
#1554 = CARTESIAN_POINT('',(89.345371207006,-53.89323293296,
    37.867833259293));
#1555 = CARTESIAN_POINT('',(89.325484558203,-53.94233141154,
    37.893302504616));
#1556 = CARTESIAN_POINT('',(89.306505381894,-53.99220581896,
    37.917514297966));
#1557 = CARTESIAN_POINT('',(89.288475724166,-54.04282397199,
    37.940431811457));
#1558 = CARTESIAN_POINT('',(89.236324102169,-54.19991316212,
    38.006503622684));
#1559 = CARTESIAN_POINT('',(89.205398399077,-54.30873389789,
    38.045363774697));
#1560 = CARTESIAN_POINT('',(89.179052849356,-54.4202060269,
    38.07823940564));
#1561 = CARTESIAN_POINT('',(89.157620226831,-54.53386960796,
    38.104840659344));
#1562 = CARTESIAN_POINT('',(89.141361143852,-54.64922266182,
    38.12494738447));
#1563 = CARTESIAN_POINT('',(89.130456059088,-54.76573207377,
    38.138408720174));
#1564 = CARTESIAN_POINT('',(89.125,-54.88284488893,38.145143837669));
#1565 = CARTESIAN_POINT('',(89.125,-55.,38.145143837669));
#1566 = ORIENTED_EDGE('',*,*,#1567,.T.);
#1567 = EDGE_CURVE('',#1526,#1568,#1570,.T.);
#1568 = VERTEX_POINT('',#1569);
#1569 = CARTESIAN_POINT('',(92.694358444936,-57.78989092079,
    30.999999999996));
#1570 = B_SPLINE_CURVE_WITH_KNOTS('',8,(#1571,#1572,#1573,#1574,#1575,
    #1576,#1577,#1578,#1579,#1580,#1581,#1582,#1583,#1584,#1585,#1586,
    #1587,#1588,#1589,#1590,#1591,#1592,#1593,#1594,#1595,#1596,#1597,
    #1598,#1599,#1600,#1601,#1602,#1603,#1604,#1605,#1606,#1607),
  .UNSPECIFIED.,.F.,.F.,(9,7,7,7,7,9),(0.,0.120522551468,0.180010428253,
    0.295762800332,0.459727999016,1.),.UNSPECIFIED.);
#1571 = CARTESIAN_POINT('',(89.125,-55.,38.145143837669));
#1572 = CARTESIAN_POINT('',(89.125,-55.13315553059,38.145143837669));
#1573 = CARTESIAN_POINT('',(89.132048184112,-55.26623182966,
    38.136443293124));
#1574 = CARTESIAN_POINT('',(89.146129531646,-55.39841428198,
    38.119061304962));
#1575 = CARTESIAN_POINT('',(89.167085201648,-55.52890454229,
    38.093132763605));
#1576 = CARTESIAN_POINT('',(89.194618151598,-55.65694135404,
    38.058904736368));
#1577 = CARTESIAN_POINT('',(89.228303995606,-55.78182033657,
    38.016735162379));
#1578 = CARTESIAN_POINT('',(89.267607102118,-55.90291274064,
    37.96709385503));
#1579 = CARTESIAN_POINT('',(89.333765103584,-56.07731906683,
    37.882664533542));
#1580 = CARTESIAN_POINT('',(89.356852582765,-56.13392358226,
    37.853074979631));
#1581 = CARTESIAN_POINT('',(89.381099667462,-56.18945433942,
    37.821853815812));
#1582 = CARTESIAN_POINT('',(89.406439382298,-56.24387309105,
    37.789060169011));
#1583 = CARTESIAN_POINT('',(89.432802797358,-56.29714571684,
    37.754755741082));
#1584 = CARTESIAN_POINT('',(89.460119347825,-56.3492422184,
    37.719004922414));
#1585 = CARTESIAN_POINT('',(89.488317153628,-56.40013671421,
    37.681874905525));
#1586 = CARTESIAN_POINT('',(89.573763994756,-56.54645744147,
    37.568640427933));
#1587 = CARTESIAN_POINT('',(89.633227261495,-56.63840851394,
    37.488939325112));
#1588 = CARTESIAN_POINT('',(89.695253823237,-56.72565732412,
    37.404747230533));
#1589 = CARTESIAN_POINT('',(89.759407560583,-56.80823399837,
    37.316466054565));
#1590 = CARTESIAN_POINT('',(89.825275009935,-56.88619805115,
    37.224489696564));
#1591 = CARTESIAN_POINT('',(89.892464822634,-56.95963431886,
    37.129208863827));
#1592 = CARTESIAN_POINT('',(89.960607224099,-57.02864889377,
    37.031015890531));
#1593 = CARTESIAN_POINT('',(90.126733700695,-57.18503660213,
    36.787657326402));
#1594 = CARTESIAN_POINT('',(90.22538696343,-57.26814172336,
    36.639871579076));
#1595 = CARTESIAN_POINT('',(90.324573964268,-57.34324708255,
    36.487706322194));
#1596 = CARTESIAN_POINT('',(90.42368988605,-57.41090961129,
    36.331815432912));
#1597 = CARTESIAN_POINT('',(90.522244724696,-57.4716705364,
    36.172764486573));
#1598 = CARTESIAN_POINT('',(90.619844707218,-57.52604980541,
    36.011042288005));
#1599 = CARTESIAN_POINT('',(90.7161747944,-57.5745409127,35.847072105612
    ));
#1600 = CARTESIAN_POINT('',(91.123376751602,-57.75950775804,
    35.134741766482));
#1601 = CARTESIAN_POINT('',(91.421584050493,-57.84356675919,
    34.563757394819));
#1602 = CARTESIAN_POINT('',(91.696778630146,-57.88507538187,
    33.979801314711));
#1603 = CARTESIAN_POINT('',(91.946165390826,-57.89599397354,
    33.389705985931));
#1604 = CARTESIAN_POINT('',(92.169392585872,-57.88565883957,
    32.797386000003));
#1605 = CARTESIAN_POINT('',(92.367482516154,-57.86116119452,
    32.203970598065));
#1606 = CARTESIAN_POINT('',(92.542113066828,-57.82778231762,
    31.607099030265));
#1607 = CARTESIAN_POINT('',(92.694358444927,-57.78989092079,
    30.999999999996));
#1608 = ORIENTED_EDGE('',*,*,#1609,.T.);
#1609 = EDGE_CURVE('',#1568,#407,#1610,.T.);
#1610 = LINE('',#1611,#1612);
#1611 = CARTESIAN_POINT('',(92.694358444936,-50.,30.999999999996));
#1612 = VECTOR('',#1613,1.);
#1613 = DIRECTION('',(0.,-1.,1.1E-16));
#1614 = CYLINDRICAL_SURFACE('',#1615,18.5);
#1615 = AXIS2_PLACEMENT_3D('',#1616,#1617,#1618);
#1616 = CARTESIAN_POINT('',(74.75,-50.,26.5));
#1617 = DIRECTION('',(0.,1.,-1.1E-16));
#1618 = DIRECTION('',(1.,0.,0.));
#1619 = ADVANCED_FACE('',(#1620),#1631,.F.);
#1620 = FACE_BOUND('',#1621,.F.);
#1621 = EDGE_LOOP('',(#1622,#1623,#1624,#1625));
#1622 = ORIENTED_EDGE('',*,*,#1042,.T.);
#1623 = ORIENTED_EDGE('',*,*,#322,.T.);
#1624 = ORIENTED_EDGE('',*,*,#580,.F.);
#1625 = ORIENTED_EDGE('',*,*,#1626,.F.);
#1626 = EDGE_CURVE('',#1043,#581,#1627,.T.);
#1627 = LINE('',#1628,#1629);
#1628 = CARTESIAN_POINT('',(88.75,-68.,38.593386622448));
#1629 = VECTOR('',#1630,1.);
#1630 = DIRECTION('',(0.,1.1E-16,-1.));
#1631 = PLANE('',#1632);
#1632 = AXIS2_PLACEMENT_3D('',#1633,#1634,#1635);
#1633 = CARTESIAN_POINT('',(88.75,-60.,41.));
#1634 = DIRECTION('',(-1.,0.,0.));
#1635 = DIRECTION('',(-0.,-1.,-1.1E-16));
#1636 = ADVANCED_FACE('',(#1637,#1642),#1667,.T.);
#1637 = FACE_BOUND('',#1638,.T.);
#1638 = EDGE_LOOP('',(#1639,#1640,#1641));
#1639 = ORIENTED_EDGE('',*,*,#1023,.T.);
#1640 = ORIENTED_EDGE('',*,*,#948,.T.);
#1641 = ORIENTED_EDGE('',*,*,#982,.T.);
#1642 = FACE_BOUND('',#1643,.T.);
#1643 = EDGE_LOOP('',(#1644,#1645,#1646,#1647,#1648,#1657,#1664,#1665,
    #1666));
#1644 = ORIENTED_EDGE('',*,*,#562,.F.);
#1645 = ORIENTED_EDGE('',*,*,#546,.F.);
#1646 = ORIENTED_EDGE('',*,*,#490,.T.);
#1647 = ORIENTED_EDGE('',*,*,#1517,.T.);
#1648 = ORIENTED_EDGE('',*,*,#1649,.T.);
#1649 = EDGE_CURVE('',#1518,#1650,#1652,.T.);
#1650 = VERTEX_POINT('',#1651);
#1651 = CARTESIAN_POINT('',(89.125,-55.,30.999999999996));
#1652 = CIRCLE('',#1653,2.875);
#1653 = AXIS2_PLACEMENT_3D('',#1654,#1655,#1656);
#1654 = CARTESIAN_POINT('',(92.,-55.,30.999999999996));
#1655 = DIRECTION('',(0.,0.,1.));
#1656 = DIRECTION('',(-1.,0.,0.));
#1657 = ORIENTED_EDGE('',*,*,#1658,.T.);
#1658 = EDGE_CURVE('',#1650,#1568,#1659,.T.);
#1659 = CIRCLE('',#1660,2.875);
#1660 = AXIS2_PLACEMENT_3D('',#1661,#1662,#1663);
#1661 = CARTESIAN_POINT('',(92.,-55.,30.999999999996));
#1662 = DIRECTION('',(0.,0.,1.));
#1663 = DIRECTION('',(-1.,0.,0.));
#1664 = ORIENTED_EDGE('',*,*,#1609,.T.);
#1665 = ORIENTED_EDGE('',*,*,#404,.F.);
#1666 = ORIENTED_EDGE('',*,*,#512,.F.);
#1667 = PLANE('',#1668);
#1668 = AXIS2_PLACEMENT_3D('',#1669,#1670,#1671);
#1669 = CARTESIAN_POINT('',(92.980010055069,-65.,30.999999999996));
#1670 = DIRECTION('',(-2.13E-15,2.9E-16,1.));
#1671 = DIRECTION('',(1.,0.,2.13E-15));
#1672 = ADVANCED_FACE('',(#1673),#1692,.T.);
#1673 = FACE_BOUND('',#1674,.F.);
#1674 = EDGE_LOOP('',(#1675,#1676,#1684,#1691));
#1675 = ORIENTED_EDGE('',*,*,#448,.T.);
#1676 = ORIENTED_EDGE('',*,*,#1677,.T.);
#1677 = EDGE_CURVE('',#449,#1678,#1680,.T.);
#1678 = VERTEX_POINT('',#1679);
#1679 = CARTESIAN_POINT('',(59.783370452904,-54.72392143363,27.));
#1680 = LINE('',#1681,#1682);
#1681 = CARTESIAN_POINT('',(59.783370452904,-50.,27.));
#1682 = VECTOR('',#1683,1.);
#1683 = DIRECTION('',(0.,-1.,4.4E-16));
#1684 = ORIENTED_EDGE('',*,*,#1685,.F.);
#1685 = EDGE_CURVE('',#914,#1678,#1686,.T.);
#1686 = CIRCLE('',#1687,0.5);
#1687 = AXIS2_PLACEMENT_3D('',#1688,#1689,#1690);
#1688 = CARTESIAN_POINT('',(59.783370452904,-54.72392143363,27.5));
#1689 = DIRECTION('',(0.,1.,-4.4E-16));
#1690 = DIRECTION('',(0.99777530314,-2.933333333333E-17,
    -6.666666666666E-02));
#1691 = ORIENTED_EDGE('',*,*,#922,.F.);
#1692 = CYLINDRICAL_SURFACE('',#1693,0.5);
#1693 = AXIS2_PLACEMENT_3D('',#1694,#1695,#1696);
#1694 = CARTESIAN_POINT('',(59.783370452904,-50.,27.5));
#1695 = DIRECTION('',(0.,-1.,4.4E-16));
#1696 = DIRECTION('',(0.99777530314,-2.933333333333E-17,
    -6.666666666666E-02));
#1697 = ADVANCED_FACE('',(#1698),#1760,.F.);
#1698 = FACE_BOUND('',#1699,.F.);
#1699 = EDGE_LOOP('',(#1700,#1709,#1710,#1711,#1720,#1728,#1737,#1745,
    #1754));
#1700 = ORIENTED_EDGE('',*,*,#1701,.T.);
#1701 = EDGE_CURVE('',#1702,#1678,#1704,.T.);
#1702 = VERTEX_POINT('',#1703);
#1703 = CARTESIAN_POINT('',(59.783370452904,-55.27607856636,27.));
#1704 = CIRCLE('',#1705,2.3);
#1705 = AXIS2_PLACEMENT_3D('',#1706,#1707,#1708);
#1706 = CARTESIAN_POINT('',(57.5,-55.,27.));
#1707 = DIRECTION('',(0.,-4.4E-16,-1.));
#1708 = DIRECTION('',(1.,-4.44E-15,1.9536E-30));
#1709 = ORIENTED_EDGE('',*,*,#1677,.F.);
#1710 = ORIENTED_EDGE('',*,*,#457,.F.);
#1711 = ORIENTED_EDGE('',*,*,#1712,.F.);
#1712 = EDGE_CURVE('',#1713,#458,#1715,.T.);
#1713 = VERTEX_POINT('',#1714);
#1714 = CARTESIAN_POINT('',(54.75,-52.,27.));
#1715 = CIRCLE('',#1716,2.);
#1716 = AXIS2_PLACEMENT_3D('',#1717,#1718,#1719);
#1717 = CARTESIAN_POINT('',(56.75,-52.,27.));
#1718 = DIRECTION('',(-0.,-4.4E-16,-1.));
#1719 = DIRECTION('',(0.,-1.,4.4E-16));
#1720 = ORIENTED_EDGE('',*,*,#1721,.T.);
#1721 = EDGE_CURVE('',#1713,#1722,#1724,.T.);
#1722 = VERTEX_POINT('',#1723);
#1723 = CARTESIAN_POINT('',(54.75,-58.,27.));
#1724 = LINE('',#1725,#1726);
#1725 = CARTESIAN_POINT('',(54.75,-50.,27.));
#1726 = VECTOR('',#1727,1.);
#1727 = DIRECTION('',(0.,-1.,1.1E-16));
#1728 = ORIENTED_EDGE('',*,*,#1729,.T.);
#1729 = EDGE_CURVE('',#1722,#1730,#1732,.T.);
#1730 = VERTEX_POINT('',#1731);
#1731 = CARTESIAN_POINT('',(56.75,-60.,27.));
#1732 = CIRCLE('',#1733,2.);
#1733 = AXIS2_PLACEMENT_3D('',#1734,#1735,#1736);
#1734 = CARTESIAN_POINT('',(56.75,-58.,27.));
#1735 = DIRECTION('',(0.,-1.1E-16,1.));
#1736 = DIRECTION('',(0.,1.,1.1E-16));
#1737 = ORIENTED_EDGE('',*,*,#1738,.F.);
#1738 = EDGE_CURVE('',#1739,#1730,#1741,.T.);
#1739 = VERTEX_POINT('',#1740);
#1740 = CARTESIAN_POINT('',(58.75,-60.,27.));
#1741 = LINE('',#1742,#1743);
#1742 = CARTESIAN_POINT('',(57.75,-60.,27.));
#1743 = VECTOR('',#1744,1.);
#1744 = DIRECTION('',(-1.,0.,0.));
#1745 = ORIENTED_EDGE('',*,*,#1746,.T.);
#1746 = EDGE_CURVE('',#1739,#1747,#1749,.T.);
#1747 = VERTEX_POINT('',#1748);
#1748 = CARTESIAN_POINT('',(59.783370452904,-60.28764912851,27.));
#1749 = CIRCLE('',#1750,2.);
#1750 = AXIS2_PLACEMENT_3D('',#1751,#1752,#1753);
#1751 = CARTESIAN_POINT('',(58.75,-62.,27.));
#1752 = DIRECTION('',(0.,1.1E-16,-1.));
#1753 = DIRECTION('',(0.,1.,1.1E-16));
#1754 = ORIENTED_EDGE('',*,*,#1755,.F.);
#1755 = EDGE_CURVE('',#1702,#1747,#1756,.T.);
#1756 = LINE('',#1757,#1758);
#1757 = CARTESIAN_POINT('',(59.783370452904,-50.,27.));
#1758 = VECTOR('',#1759,1.);
#1759 = DIRECTION('',(0.,-1.,4.4E-16));
#1760 = PLANE('',#1761);
#1761 = AXIS2_PLACEMENT_3D('',#1762,#1763,#1764);
#1762 = CARTESIAN_POINT('',(54.75,-50.,27.));
#1763 = DIRECTION('',(0.,1.1E-16,1.));
#1764 = DIRECTION('',(1.,0.,0.));
#1765 = ADVANCED_FACE('',(#1766,#1795),#1839,.T.);
#1766 = FACE_BOUND('',#1767,.T.);
#1767 = EDGE_LOOP('',(#1768,#1779,#1788));
#1768 = ORIENTED_EDGE('',*,*,#1769,.T.);
#1769 = EDGE_CURVE('',#1770,#1772,#1774,.T.);
#1770 = VERTEX_POINT('',#1771);
#1771 = CARTESIAN_POINT('',(59.800000000028,-55.,30.999999999995));
#1772 = VERTEX_POINT('',#1773);
#1773 = CARTESIAN_POINT('',(56.612764209276,-57.12198318834,
    30.999999999998));
#1774 = CIRCLE('',#1775,2.3);
#1775 = AXIS2_PLACEMENT_3D('',#1776,#1777,#1778);
#1776 = CARTESIAN_POINT('',(57.500000000028,-55.,30.999999999997));
#1777 = DIRECTION('',(-8.9884E-13,-4.1E-16,-1.));
#1778 = DIRECTION('',(1.,-4.93E-15,-8.9884E-13));
#1779 = ORIENTED_EDGE('',*,*,#1780,.T.);
#1780 = EDGE_CURVE('',#1772,#1781,#1783,.T.);
#1781 = VERTEX_POINT('',#1782);
#1782 = CARTESIAN_POINT('',(56.612764209306,-52.87801681164,
    30.999999999998));
#1783 = CIRCLE('',#1784,2.3);
#1784 = AXIS2_PLACEMENT_3D('',#1785,#1786,#1787);
#1785 = CARTESIAN_POINT('',(57.500000000028,-55.,30.999999999997));
#1786 = DIRECTION('',(-8.9884E-13,-4.1E-16,-1.));
#1787 = DIRECTION('',(-0.385754691644,-0.92260138623,3.471100136061E-13)
  );
#1788 = ORIENTED_EDGE('',*,*,#1789,.T.);
#1789 = EDGE_CURVE('',#1781,#1770,#1790,.T.);
#1790 = CIRCLE('',#1791,2.3);
#1791 = AXIS2_PLACEMENT_3D('',#1792,#1793,#1794);
#1792 = CARTESIAN_POINT('',(57.500000000028,-55.,30.999999999997));
#1793 = DIRECTION('',(-8.9884E-13,-4.1E-16,-1.));
#1794 = DIRECTION('',(-0.385754691644,0.92260138623,3.463534804694E-13)
  );
#1795 = FACE_BOUND('',#1796,.T.);
#1796 = EDGE_LOOP('',(#1797,#1798,#1807,#1815,#1824,#1830,#1831,#1838));
#1797 = ORIENTED_EDGE('',*,*,#473,.F.);
#1798 = ORIENTED_EDGE('',*,*,#1799,.F.);
#1799 = EDGE_CURVE('',#1800,#466,#1802,.T.);
#1800 = VERTEX_POINT('',#1801);
#1801 = CARTESIAN_POINT('',(54.75,-52.,31.));
#1802 = CIRCLE('',#1803,2.);
#1803 = AXIS2_PLACEMENT_3D('',#1804,#1805,#1806);
#1804 = CARTESIAN_POINT('',(56.75,-52.,30.999999999998));
#1805 = DIRECTION('',(-0.,-4.4E-16,-1.));
#1806 = DIRECTION('',(0.,-1.,4.4E-16));
#1807 = ORIENTED_EDGE('',*,*,#1808,.T.);
#1808 = EDGE_CURVE('',#1800,#1809,#1811,.T.);
#1809 = VERTEX_POINT('',#1810);
#1810 = CARTESIAN_POINT('',(54.75,-58.,31.));
#1811 = LINE('',#1812,#1813);
#1812 = CARTESIAN_POINT('',(54.75,-50.,31.));
#1813 = VECTOR('',#1814,1.);
#1814 = DIRECTION('',(0.,-1.,3.3E-16));
#1815 = ORIENTED_EDGE('',*,*,#1816,.T.);
#1816 = EDGE_CURVE('',#1809,#1817,#1819,.T.);
#1817 = VERTEX_POINT('',#1818);
#1818 = CARTESIAN_POINT('',(56.75,-60.,30.999999999998));
#1819 = CIRCLE('',#1820,2.);
#1820 = AXIS2_PLACEMENT_3D('',#1821,#1822,#1823);
#1821 = CARTESIAN_POINT('',(56.75,-58.,30.999999999998));
#1822 = DIRECTION('',(0.,-1.1E-16,1.));
#1823 = DIRECTION('',(0.,1.,1.1E-16));
#1824 = ORIENTED_EDGE('',*,*,#1825,.F.);
#1825 = EDGE_CURVE('',#1396,#1817,#1826,.T.);
#1826 = LINE('',#1827,#1828);
#1827 = CARTESIAN_POINT('',(58.599505418847,-60.,30.999999999996));
#1828 = VECTOR('',#1829,1.);
#1829 = DIRECTION('',(-1.,0.,8.9884E-13));
#1830 = ORIENTED_EDGE('',*,*,#1404,.F.);
#1831 = ORIENTED_EDGE('',*,*,#1832,.T.);
#1832 = EDGE_CURVE('',#1405,#1413,#1833,.T.);
#1833 = CIRCLE('',#1834,2.875);
#1834 = AXIS2_PLACEMENT_3D('',#1835,#1836,#1837);
#1835 = CARTESIAN_POINT('',(57.5,-55.,30.999999999996));
#1836 = DIRECTION('',(0.,0.,1.));
#1837 = DIRECTION('',(-1.,0.,0.));
#1838 = ORIENTED_EDGE('',*,*,#1510,.F.);
#1839 = PLANE('',#1840);
#1840 = AXIS2_PLACEMENT_3D('',#1841,#1842,#1843);
#1841 = CARTESIAN_POINT('',(56.449010837704,-65.,30.999999999998));
#1842 = DIRECTION('',(8.9884E-13,2.9E-16,1.));
#1843 = DIRECTION('',(1.,0.,-8.9884E-13));
#1844 = ADVANCED_FACE('',(#1845),#1856,.T.);
#1845 = FACE_BOUND('',#1846,.F.);
#1846 = EDGE_LOOP('',(#1847,#1848,#1849,#1850));
#1847 = ORIENTED_EDGE('',*,*,#1712,.T.);
#1848 = ORIENTED_EDGE('',*,*,#465,.T.);
#1849 = ORIENTED_EDGE('',*,*,#1799,.F.);
#1850 = ORIENTED_EDGE('',*,*,#1851,.F.);
#1851 = EDGE_CURVE('',#1713,#1800,#1852,.T.);
#1852 = LINE('',#1853,#1854);
#1853 = CARTESIAN_POINT('',(54.75,-52.,27.));
#1854 = VECTOR('',#1855,1.);
#1855 = DIRECTION('',(0.,4.4E-16,1.));
#1856 = CYLINDRICAL_SURFACE('',#1857,2.);
#1857 = AXIS2_PLACEMENT_3D('',#1858,#1859,#1860);
#1858 = CARTESIAN_POINT('',(56.75,-52.,27.));
#1859 = DIRECTION('',(0.,4.4E-16,1.));
#1860 = DIRECTION('',(-1.,0.,0.));
#1861 = ADVANCED_FACE('',(#1862),#1904,.F.);
#1862 = FACE_BOUND('',#1863,.T.);
#1863 = EDGE_LOOP('',(#1864,#1865,#1866,#1867,#1875,#1884));
#1864 = ORIENTED_EDGE('',*,*,#588,.F.);
#1865 = ORIENTED_EDGE('',*,*,#1626,.F.);
#1866 = ORIENTED_EDGE('',*,*,#1050,.T.);
#1867 = ORIENTED_EDGE('',*,*,#1868,.T.);
#1868 = EDGE_CURVE('',#1051,#1869,#1871,.T.);
#1869 = VERTEX_POINT('',#1870);
#1870 = CARTESIAN_POINT('',(90.75,-70.,27.));
#1871 = LINE('',#1872,#1873);
#1872 = CARTESIAN_POINT('',(90.75,-70.,38.593386622448));
#1873 = VECTOR('',#1874,1.);
#1874 = DIRECTION('',(0.,1.1E-16,-1.));
#1875 = ORIENTED_EDGE('',*,*,#1876,.F.);
#1876 = EDGE_CURVE('',#1877,#1869,#1879,.T.);
#1877 = VERTEX_POINT('',#1878);
#1878 = CARTESIAN_POINT('',(89.716629547096,-69.71235087148,27.));
#1879 = CIRCLE('',#1880,2.);
#1880 = AXIS2_PLACEMENT_3D('',#1881,#1882,#1883);
#1881 = CARTESIAN_POINT('',(90.75,-68.,27.));
#1882 = DIRECTION('',(0.,-1.1E-16,1.));
#1883 = DIRECTION('',(0.,1.,1.1E-16));
#1884 = ORIENTED_EDGE('',*,*,#1885,.F.);
#1885 = EDGE_CURVE('',#589,#1877,#1886,.T.);
#1886 = B_SPLINE_CURVE_WITH_KNOTS('',6,(#1887,#1888,#1889,#1890,#1891,
    #1892,#1893,#1894,#1895,#1896,#1897,#1898,#1899,#1900,#1901,#1902,
    #1903),.UNSPECIFIED.,.F.,.F.,(7,5,5,7),(0.,0.235185006125,
    0.58237428088,1.),.UNSPECIFIED.);
#1887 = CARTESIAN_POINT('',(89.217741895526,-69.28537352597,
    27.466666666667));
#1888 = CARTESIAN_POINT('',(89.219770797883,-69.28779212416,
    27.436300836697));
#1889 = CARTESIAN_POINT('',(89.224014169286,-69.29284101189,
    27.406139918945));
#1890 = CARTESIAN_POINT('',(89.230435119285,-69.30043952715,
    27.376478055577));
#1891 = CARTESIAN_POINT('',(89.23893577969,-69.31036163731,
    27.347552470707));
#1892 = CARTESIAN_POINT('',(89.24938857912,-69.32230981769,
    27.319549822721));
#1893 = CARTESIAN_POINT('',(89.279794165174,-69.35618256944,
    27.25284671421));
#1894 = CARTESIAN_POINT('',(89.301893989093,-69.38014131169,
    27.215416250001));
#1895 = CARTESIAN_POINT('',(89.327587516063,-69.40694194192,
    27.180698053872));
#1896 = CARTESIAN_POINT('',(89.356517238404,-69.43567786348,
    27.148960189542));
#1897 = CARTESIAN_POINT('',(89.388371990988,-69.46563888461,
    27.120439882556));
#1898 = CARTESIAN_POINT('',(89.464399015905,-69.53307188021,
    27.065245408987));
#1899 = CARTESIAN_POINT('',(89.509731965734,-69.57081053204,
    27.040139561506));
#1900 = CARTESIAN_POINT('',(89.558371211554,-69.6084355215,
    27.020515444163));
#1901 = CARTESIAN_POINT('',(89.609706356975,-69.64506008492,
    27.006941633417));
#1902 = CARTESIAN_POINT('',(89.662849766345,-69.67989581959,27.));
#1903 = CARTESIAN_POINT('',(89.716629547096,-69.71235087148,27.));
#1904 = CYLINDRICAL_SURFACE('',#1905,2.);
#1905 = AXIS2_PLACEMENT_3D('',#1906,#1907,#1908);
#1906 = CARTESIAN_POINT('',(90.75,-68.,38.593386622448));
#1907 = DIRECTION('',(0.,1.1E-16,-1.));
#1908 = DIRECTION('',(-1.,0.,0.));
#1909 = ADVANCED_FACE('',(#1910),#1929,.T.);
#1910 = FACE_BOUND('',#1911,.T.);
#1911 = EDGE_LOOP('',(#1912,#1913,#1921,#1928));
#1912 = ORIENTED_EDGE('',*,*,#1885,.T.);
#1913 = ORIENTED_EDGE('',*,*,#1914,.T.);
#1914 = EDGE_CURVE('',#1877,#1915,#1917,.T.);
#1915 = VERTEX_POINT('',#1916);
#1916 = CARTESIAN_POINT('',(89.716629547096,-74.72392143363,27.));
#1917 = LINE('',#1918,#1919);
#1918 = CARTESIAN_POINT('',(89.716629547096,-69.31303308338,27.));
#1919 = VECTOR('',#1920,1.);
#1920 = DIRECTION('',(0.,-1.,4.4E-16));
#1921 = ORIENTED_EDGE('',*,*,#1922,.F.);
#1922 = EDGE_CURVE('',#638,#1915,#1923,.T.);
#1923 = CIRCLE('',#1924,0.5);
#1924 = AXIS2_PLACEMENT_3D('',#1925,#1926,#1927);
#1925 = CARTESIAN_POINT('',(89.716629547096,-74.72392143363,27.5));
#1926 = DIRECTION('',(0.,-1.,4.4E-16));
#1927 = DIRECTION('',(-0.99777530314,-2.933333333333E-17,
    -6.666666666666E-02));
#1928 = ORIENTED_EDGE('',*,*,#637,.F.);
#1929 = CYLINDRICAL_SURFACE('',#1930,0.5);
#1930 = AXIS2_PLACEMENT_3D('',#1931,#1932,#1933);
#1931 = CARTESIAN_POINT('',(89.716629547096,-69.31303308338,27.5));
#1932 = DIRECTION('',(0.,-1.,4.4E-16));
#1933 = DIRECTION('',(-0.99777530314,-2.933333333333E-17,
    -6.666666666666E-02));
#1934 = ADVANCED_FACE('',(#1935),#1955,.T.);
#1935 = FACE_BOUND('',#1936,.T.);
#1936 = EDGE_LOOP('',(#1937,#1938,#1948,#1954));
#1937 = ORIENTED_EDGE('',*,*,#1922,.T.);
#1938 = ORIENTED_EDGE('',*,*,#1939,.T.);
#1939 = EDGE_CURVE('',#1915,#1940,#1942,.T.);
#1940 = VERTEX_POINT('',#1941);
#1941 = CARTESIAN_POINT('',(89.716629547096,-75.27607856636,27.));
#1942 = ( BOUNDED_CURVE() B_SPLINE_CURVE(4,(#1943,#1944,#1945,#1946,
#1947),.UNSPECIFIED.,.F.,.F.) B_SPLINE_CURVE_WITH_KNOTS((5,5),(
5.410888350256,5.963045482977),.PIECEWISE_BEZIER_KNOTS.) CURVE() 
GEOMETRIC_REPRESENTATION_ITEM() RATIONAL_B_SPLINE_CURVE((1.,1.,1.,1.,1.)
) REPRESENTATION_ITEM('') );
#1943 = CARTESIAN_POINT('',(89.716629547096,-74.72392143363,27.));
#1944 = CARTESIAN_POINT('',(89.699939444378,-74.86196071682,27.));
#1945 = CARTESIAN_POINT('',(89.694537664827,-75.,27.));
#1946 = CARTESIAN_POINT('',(89.699939444378,-75.13803928318,27.));
#1947 = CARTESIAN_POINT('',(89.716629547096,-75.27607856636,27.));
#1948 = ORIENTED_EDGE('',*,*,#1949,.F.);
#1949 = EDGE_CURVE('',#646,#1940,#1950,.T.);
#1950 = ( BOUNDED_CURVE() B_SPLINE_CURVE(2,(#1951,#1952,#1953),
.UNSPECIFIED.,.F.,.F.) B_SPLINE_CURVE_WITH_KNOTS((3,3),(0.,
0.552157132722),.PIECEWISE_BEZIER_KNOTS.) CURVE() 
GEOMETRIC_REPRESENTATION_ITEM() RATIONAL_B_SPLINE_CURVE((1.,
0.73029674334,1.)) REPRESENTATION_ITEM('') );
#1951 = CARTESIAN_POINT('',(89.217741895526,-75.27607856636,
    27.466666666667));
#1952 = CARTESIAN_POINT('',(89.248922373749,-75.27607856636,27.));
#1953 = CARTESIAN_POINT('',(89.716629547096,-75.27607856636,27.));
#1954 = ORIENTED_EDGE('',*,*,#645,.F.);
#1955 = ( BOUNDED_SURFACE() B_SPLINE_SURFACE(2,4,(
    (#1956,#1957,#1958,#1959,#1960)
    ,(#1961,#1962,#1963,#1964,#1965)
    ,(#1966,#1967,#1968,#1969,#1970
)),.UNSPECIFIED.,.F.,.F.,.F.) B_SPLINE_SURFACE_WITH_KNOTS((3,3),(5,5),(
    0.,0.552157132722),(5.410888350256,5.963045482977),
.PIECEWISE_BEZIER_KNOTS.) GEOMETRIC_REPRESENTATION_ITEM() 
RATIONAL_B_SPLINE_SURFACE((
    (1.,1.,1.,1.,1.)
    ,(0.73029674334,0.741698254062,0.745139267914,0.741698254062
      ,0.73029674334)
,(1.,1.,1.,1.,1.))) REPRESENTATION_ITEM('') SURFACE() );
#1956 = CARTESIAN_POINT('',(89.217741895526,-74.72392143363,
    27.466666666667));
#1957 = CARTESIAN_POINT('',(89.217741895526,-74.86196071682,
    27.466666666667));
#1958 = CARTESIAN_POINT('',(89.217789659183,-75.,27.465951722161));
#1959 = CARTESIAN_POINT('',(89.217741895526,-75.13803928318,
    27.466666666667));
#1960 = CARTESIAN_POINT('',(89.217741895526,-75.27607856636,
    27.466666666667));
#1961 = CARTESIAN_POINT('',(89.248922373749,-74.72392143363,27.));
#1962 = CARTESIAN_POINT('',(89.247895277521,-74.85983875366,
    27.015372168749));
#1963 = CARTESIAN_POINT('',(89.247592513947,-75.,27.019569190887));
#1964 = CARTESIAN_POINT('',(89.247895277521,-75.14016124633,
    27.015372168749));
#1965 = CARTESIAN_POINT('',(89.248922373749,-75.27607856636,27.));
#1966 = CARTESIAN_POINT('',(89.716629547096,-74.72392143363,27.));
#1967 = CARTESIAN_POINT('',(89.699939444378,-74.86196071682,27.));
#1968 = CARTESIAN_POINT('',(89.694537664827,-75.,27.));
#1969 = CARTESIAN_POINT('',(89.699939444378,-75.13803928318,27.));
#1970 = CARTESIAN_POINT('',(89.716629547096,-75.27607856636,27.));
#1971 = ADVANCED_FACE('',(#1972),#1991,.T.);
#1972 = FACE_BOUND('',#1973,.T.);
#1973 = EDGE_LOOP('',(#1974,#1975,#1983,#1990));
#1974 = ORIENTED_EDGE('',*,*,#1949,.T.);
#1975 = ORIENTED_EDGE('',*,*,#1976,.T.);
#1976 = EDGE_CURVE('',#1940,#1977,#1979,.T.);
#1977 = VERTEX_POINT('',#1978);
#1978 = CARTESIAN_POINT('',(89.716629547096,-80.,27.));
#1979 = LINE('',#1980,#1981);
#1980 = CARTESIAN_POINT('',(89.716629547096,-69.31303308338,27.));
#1981 = VECTOR('',#1982,1.);
#1982 = DIRECTION('',(0.,-1.,4.4E-16));
#1983 = ORIENTED_EDGE('',*,*,#1984,.F.);
#1984 = EDGE_CURVE('',#656,#1977,#1985,.T.);
#1985 = CIRCLE('',#1986,0.5);
#1986 = AXIS2_PLACEMENT_3D('',#1987,#1988,#1989);
#1987 = CARTESIAN_POINT('',(89.716629547096,-80.,27.5));
#1988 = DIRECTION('',(0.,-1.,4.4E-16));
#1989 = DIRECTION('',(0.,-4.4E-16,-1.));
#1990 = ORIENTED_EDGE('',*,*,#655,.F.);
#1991 = CYLINDRICAL_SURFACE('',#1992,0.5);
#1992 = AXIS2_PLACEMENT_3D('',#1993,#1994,#1995);
#1993 = CARTESIAN_POINT('',(89.716629547096,-69.31303308338,27.5));
#1994 = DIRECTION('',(0.,-1.,4.4E-16));
#1995 = DIRECTION('',(-0.99777530314,-2.933333333333E-17,
    -6.666666666666E-02));
#1996 = ADVANCED_FACE('',(#1997),#2016,.F.);
#1997 = FACE_BOUND('',#1998,.F.);
#1998 = EDGE_LOOP('',(#1999,#2000,#2009,#2015));
#1999 = ORIENTED_EDGE('',*,*,#1685,.T.);
#2000 = ORIENTED_EDGE('',*,*,#2001,.T.);
#2001 = EDGE_CURVE('',#1678,#2002,#2004,.T.);
#2002 = VERTEX_POINT('',#2003);
#2003 = CARTESIAN_POINT('',(59.8,-55.,27.));
#2004 = ( BOUNDED_CURVE() B_SPLINE_CURVE(3,(#2005,#2006,#2007,#2008),
.UNSPECIFIED.,.F.,.F.) B_SPLINE_CURVE_WITH_KNOTS((4,4),(4.723921433639,
5.),.PIECEWISE_BEZIER_KNOTS.) CURVE() GEOMETRIC_REPRESENTATION_ITEM() 
RATIONAL_B_SPLINE_CURVE((1.,1.,1.,1.)) REPRESENTATION_ITEM('') );
#2005 = CARTESIAN_POINT('',(59.783370452904,-54.72392143363,27.));
#2006 = CARTESIAN_POINT('',(59.794497188049,-54.81594762242,27.));
#2007 = CARTESIAN_POINT('',(59.8,-54.90797381121,27.));
#2008 = CARTESIAN_POINT('',(59.8,-55.,27.));
#2009 = ORIENTED_EDGE('',*,*,#2010,.F.);
#2010 = EDGE_CURVE('',#905,#2002,#2011,.T.);
#2011 = ( BOUNDED_CURVE() B_SPLINE_CURVE(2,(#2012,#2013,#2014),
.UNSPECIFIED.,.F.,.F.) B_SPLINE_CURVE_WITH_KNOTS((3,3),(0.,
0.276078566361),.PIECEWISE_BEZIER_KNOTS.) CURVE() 
GEOMETRIC_REPRESENTATION_ITEM() RATIONAL_B_SPLINE_CURVE((1.,
0.741563663259,1.)) REPRESENTATION_ITEM('') );
#2012 = CARTESIAN_POINT('',(60.282240200874,-55.,27.466398672805));
#2013 = CARTESIAN_POINT('',(60.252092350484,-55.,27.01506127947));
#2014 = CARTESIAN_POINT('',(59.8,-55.,27.));
#2015 = ORIENTED_EDGE('',*,*,#913,.F.);
#2016 = ( BOUNDED_SURFACE() B_SPLINE_SURFACE(2,3,(
    (#2017,#2018,#2019,#2020)
    ,(#2021,#2022,#2023,#2024)
    ,(#2025,#2026,#2027,#2028
)),.UNSPECIFIED.,.F.,.F.,.F.) B_SPLINE_SURFACE_WITH_KNOTS((3,3),(4,4),(
    0.,0.276078566361),(4.723921433639,5.),.PIECEWISE_BEZIER_KNOTS.) 
GEOMETRIC_REPRESENTATION_ITEM() RATIONAL_B_SPLINE_SURFACE((
    (1.,1.,1.,1.)
    ,(0.73029674334,0.737897750488,0.741563663259,0.741563663259)
,(1.,1.,1.,1.))) REPRESENTATION_ITEM('') SURFACE() );
#2017 = CARTESIAN_POINT('',(60.282258104474,-54.72392143363,
    27.466666666667));
#2018 = CARTESIAN_POINT('',(60.282258104474,-54.81594762242,
    27.466666666667));
#2019 = CARTESIAN_POINT('',(60.282240200874,-54.90797381121,
    27.466398672805));
#2020 = CARTESIAN_POINT('',(60.282240200874,-55.,27.466398672805));
#2021 = CARTESIAN_POINT('',(60.251077626251,-54.72392143363,27.));
#2022 = CARTESIAN_POINT('',(60.25176588374,-54.81499967033,
    27.010300894864));
#2023 = CARTESIAN_POINT('',(60.252092350484,-54.90797381121,
    27.01506127947));
#2024 = CARTESIAN_POINT('',(60.252092350484,-55.,27.01506127947));
#2025 = CARTESIAN_POINT('',(59.783370452904,-54.72392143363,27.));
#2026 = CARTESIAN_POINT('',(59.794497188049,-54.81594762242,27.));
#2027 = CARTESIAN_POINT('',(59.8,-54.90797381121,27.));
#2028 = CARTESIAN_POINT('',(59.8,-55.,27.));
#2029 = ADVANCED_FACE('',(#2030),#2088,.F.);
#2030 = FACE_BOUND('',#2031,.F.);
#2031 = EDGE_LOOP('',(#2032,#2040,#2041,#2042,#2051,#2059,#2067,#2073,
    #2074,#2082));
#2032 = ORIENTED_EDGE('',*,*,#2033,.F.);
#2033 = EDGE_CURVE('',#1977,#2034,#2036,.T.);
#2034 = VERTEX_POINT('',#2035);
#2035 = CARTESIAN_POINT('',(92.75,-80.,27.));
#2036 = LINE('',#2037,#2038);
#2037 = CARTESIAN_POINT('',(89.241376746189,-80.,27.));
#2038 = VECTOR('',#2039,1.);
#2039 = DIRECTION('',(1.,0.,0.));
#2040 = ORIENTED_EDGE('',*,*,#1984,.F.);
#2041 = ORIENTED_EDGE('',*,*,#663,.T.);
#2042 = ORIENTED_EDGE('',*,*,#2043,.T.);
#2043 = EDGE_CURVE('',#664,#2044,#2046,.T.);
#2044 = VERTEX_POINT('',#2045);
#2045 = CARTESIAN_POINT('',(59.783370452904,-80.,27.));
#2046 = CIRCLE('',#2047,0.5);
#2047 = AXIS2_PLACEMENT_3D('',#2048,#2049,#2050);
#2048 = CARTESIAN_POINT('',(59.783370452904,-80.,27.5));
#2049 = DIRECTION('',(-0.,1.,-4.4E-16));
#2050 = DIRECTION('',(0.,-4.4E-16,-1.));
#2051 = ORIENTED_EDGE('',*,*,#2052,.F.);
#2052 = EDGE_CURVE('',#2053,#2044,#2055,.T.);
#2053 = VERTEX_POINT('',#2054);
#2054 = CARTESIAN_POINT('',(56.75,-80.,27.));
#2055 = LINE('',#2056,#2057);
#2056 = CARTESIAN_POINT('',(54.75,-80.,27.));
#2057 = VECTOR('',#2058,1.);
#2058 = DIRECTION('',(1.,0.,0.));
#2059 = ORIENTED_EDGE('',*,*,#2060,.T.);
#2060 = EDGE_CURVE('',#2053,#2061,#2063,.T.);
#2061 = VERTEX_POINT('',#2062);
#2062 = CARTESIAN_POINT('',(56.75,-80.,31.));
#2063 = LINE('',#2064,#2065);
#2064 = CARTESIAN_POINT('',(56.75,-80.,27.));
#2065 = VECTOR('',#2066,1.);
#2066 = DIRECTION('',(0.,4.4E-16,1.));
#2067 = ORIENTED_EDGE('',*,*,#2068,.T.);
#2068 = EDGE_CURVE('',#2061,#1192,#2069,.T.);
#2069 = LINE('',#2070,#2071);
#2070 = CARTESIAN_POINT('',(54.75,-80.,31.));
#2071 = VECTOR('',#2072,1.);
#2072 = DIRECTION('',(1.,0.,0.));
#2073 = ORIENTED_EDGE('',*,*,#1191,.F.);
#2074 = ORIENTED_EDGE('',*,*,#2075,.F.);
#2075 = EDGE_CURVE('',#2076,#1184,#2078,.T.);
#2076 = VERTEX_POINT('',#2077);
#2077 = CARTESIAN_POINT('',(92.75,-80.,30.999999999996));
#2078 = LINE('',#2079,#2080);
#2079 = CARTESIAN_POINT('',(94.75,-80.,30.999999999996));
#2080 = VECTOR('',#2081,1.);
#2081 = DIRECTION('',(-1.,0.,0.));
#2082 = ORIENTED_EDGE('',*,*,#2083,.F.);
#2083 = EDGE_CURVE('',#2034,#2076,#2084,.T.);
#2084 = LINE('',#2085,#2086);
#2085 = CARTESIAN_POINT('',(92.75,-80.,27.));
#2086 = VECTOR('',#2087,1.);
#2087 = DIRECTION('',(0.,4.4E-16,1.));
#2088 = PLANE('',#2089);
#2089 = AXIS2_PLACEMENT_3D('',#2090,#2091,#2092);
#2090 = CARTESIAN_POINT('',(74.749999999999,-80.,35.426581600448));
#2091 = DIRECTION('',(0.,1.,0.));
#2092 = DIRECTION('',(0.,0.,1.));
#2093 = ADVANCED_FACE('',(#2094),#2111,.F.);
#2094 = FACE_BOUND('',#2095,.F.);
#2095 = EDGE_LOOP('',(#2096,#2097,#2104,#2110));
#2096 = ORIENTED_EDGE('',*,*,#2010,.T.);
#2097 = ORIENTED_EDGE('',*,*,#2098,.T.);
#2098 = EDGE_CURVE('',#2002,#1702,#2099,.T.);
#2099 = ( BOUNDED_CURVE() B_SPLINE_CURVE(3,(#2100,#2101,#2102,#2103),
.UNSPECIFIED.,.F.,.F.) B_SPLINE_CURVE_WITH_KNOTS((4,4),(5.,
5.276078566361),.PIECEWISE_BEZIER_KNOTS.) CURVE() 
GEOMETRIC_REPRESENTATION_ITEM() RATIONAL_B_SPLINE_CURVE((1.,1.,1.,1.)) 
REPRESENTATION_ITEM('') );
#2100 = CARTESIAN_POINT('',(59.8,-55.,27.));
#2101 = CARTESIAN_POINT('',(59.8,-55.09202618878,27.));
#2102 = CARTESIAN_POINT('',(59.794497188049,-55.18405237757,27.));
#2103 = CARTESIAN_POINT('',(59.783370452904,-55.27607856636,27.));
#2104 = ORIENTED_EDGE('',*,*,#2105,.F.);
#2105 = EDGE_CURVE('',#897,#1702,#2106,.T.);
#2106 = ( BOUNDED_CURVE() B_SPLINE_CURVE(2,(#2107,#2108,#2109),
.UNSPECIFIED.,.F.,.F.) B_SPLINE_CURVE_WITH_KNOTS((3,3),(0.,
0.276078566361),.PIECEWISE_BEZIER_KNOTS.) CURVE() 
GEOMETRIC_REPRESENTATION_ITEM() RATIONAL_B_SPLINE_CURVE((1.,
0.73029674334,1.)) REPRESENTATION_ITEM('') );
#2107 = CARTESIAN_POINT('',(60.282258104474,-55.27607856636,
    27.466666666667));
#2108 = CARTESIAN_POINT('',(60.251077626251,-55.27607856636,27.));
#2109 = CARTESIAN_POINT('',(59.783370452904,-55.27607856636,27.));
#2110 = ORIENTED_EDGE('',*,*,#904,.F.);
#2111 = ( BOUNDED_SURFACE() B_SPLINE_SURFACE(2,3,(
    (#2112,#2113,#2114,#2115)
    ,(#2116,#2117,#2118,#2119)
    ,(#2120,#2121,#2122,#2123
)),.UNSPECIFIED.,.F.,.F.,.F.) B_SPLINE_SURFACE_WITH_KNOTS((3,3),(4,4),(
    0.,0.276078566361),(5.,5.276078566361),.PIECEWISE_BEZIER_KNOTS.) 
GEOMETRIC_REPRESENTATION_ITEM() RATIONAL_B_SPLINE_SURFACE((
    (1.,1.,1.,1.)
    ,(0.741563663259,0.741563663259,0.737897750488,0.73029674334)
,(1.,1.,1.,1.))) REPRESENTATION_ITEM('') SURFACE() );
#2112 = CARTESIAN_POINT('',(60.282240200874,-55.,27.466398672805));
#2113 = CARTESIAN_POINT('',(60.282240200874,-55.09202618878,
    27.466398672805));
#2114 = CARTESIAN_POINT('',(60.282258104474,-55.18405237757,
    27.466666666667));
#2115 = CARTESIAN_POINT('',(60.282258104474,-55.27607856636,
    27.466666666667));
#2116 = CARTESIAN_POINT('',(60.252092350484,-55.,27.01506127947));
#2117 = CARTESIAN_POINT('',(60.252092350484,-55.09202618878,
    27.01506127947));
#2118 = CARTESIAN_POINT('',(60.25176588374,-55.18500032966,
    27.010300894864));
#2119 = CARTESIAN_POINT('',(60.251077626251,-55.27607856636,27.));
#2120 = CARTESIAN_POINT('',(59.8,-55.,27.));
#2121 = CARTESIAN_POINT('',(59.8,-55.09202618878,27.));
#2122 = CARTESIAN_POINT('',(59.794497188049,-55.18405237757,27.));
#2123 = CARTESIAN_POINT('',(59.783370452904,-55.27607856636,27.));
#2124 = ADVANCED_FACE('',(#2125),#2143,.T.);
#2125 = FACE_BOUND('',#2126,.F.);
#2126 = EDGE_LOOP('',(#2127,#2135,#2141,#2142));
#2127 = ORIENTED_EDGE('',*,*,#2128,.T.);
#2128 = EDGE_CURVE('',#673,#2129,#2131,.T.);
#2129 = VERTEX_POINT('',#2130);
#2130 = CARTESIAN_POINT('',(59.783370452904,-75.27607856636,27.));
#2131 = ( BOUNDED_CURVE() B_SPLINE_CURVE(2,(#2132,#2133,#2134),
.UNSPECIFIED.,.F.,.F.) B_SPLINE_CURVE_WITH_KNOTS((3,3),(0.,
0.276078566361),.PIECEWISE_BEZIER_KNOTS.) CURVE() 
GEOMETRIC_REPRESENTATION_ITEM() RATIONAL_B_SPLINE_CURVE((1.,
0.73029674334,1.)) REPRESENTATION_ITEM('') );
#2132 = CARTESIAN_POINT('',(60.282258104474,-75.27607856636,
    27.466666666667));
#2133 = CARTESIAN_POINT('',(60.251077626251,-75.27607856636,27.));
#2134 = CARTESIAN_POINT('',(59.783370452904,-75.27607856636,27.));
#2135 = ORIENTED_EDGE('',*,*,#2136,.T.);
#2136 = EDGE_CURVE('',#2129,#2044,#2137,.T.);
#2137 = LINE('',#2138,#2139);
#2138 = CARTESIAN_POINT('',(59.783370452904,-69.31303308338,27.));
#2139 = VECTOR('',#2140,1.);
#2140 = DIRECTION('',(0.,-1.,4.4E-16));
#2141 = ORIENTED_EDGE('',*,*,#2043,.F.);
#2142 = ORIENTED_EDGE('',*,*,#672,.F.);
#2143 = CYLINDRICAL_SURFACE('',#2144,0.5);
#2144 = AXIS2_PLACEMENT_3D('',#2145,#2146,#2147);
#2145 = CARTESIAN_POINT('',(59.783370452904,-69.31303308338,27.5));
#2146 = DIRECTION('',(0.,-1.,4.4E-16));
#2147 = DIRECTION('',(0.99777530314,-2.933333333333E-17,
    -6.666666666666E-02));
#2148 = ADVANCED_FACE('',(#2149),#2174,.T.);
#2149 = FACE_BOUND('',#2150,.F.);
#2150 = EDGE_LOOP('',(#2151,#2152,#2153,#2173));
#2151 = ORIENTED_EDGE('',*,*,#2105,.T.);
#2152 = ORIENTED_EDGE('',*,*,#1755,.T.);
#2153 = ORIENTED_EDGE('',*,*,#2154,.F.);
#2154 = EDGE_CURVE('',#806,#1747,#2155,.T.);
#2155 = B_SPLINE_CURVE_WITH_KNOTS('',6,(#2156,#2157,#2158,#2159,#2160,
    #2161,#2162,#2163,#2164,#2165,#2166,#2167,#2168,#2169,#2170,#2171,
    #2172),.UNSPECIFIED.,.F.,.F.,(7,5,5,7),(0.,0.235185006125,
    0.58237428088,1.),.UNSPECIFIED.);
#2156 = CARTESIAN_POINT('',(60.282258104474,-60.71462647402,
    27.466666666667));
#2157 = CARTESIAN_POINT('',(60.280229202117,-60.71220787583,
    27.436300836697));
#2158 = CARTESIAN_POINT('',(60.275985830714,-60.7071589881,
    27.406139918945));
#2159 = CARTESIAN_POINT('',(60.269564880715,-60.69956047284,
    27.376478055577));
#2160 = CARTESIAN_POINT('',(60.26106422031,-60.68963836268,
    27.347552470707));
#2161 = CARTESIAN_POINT('',(60.25061142088,-60.6776901823,
    27.319549822721));
#2162 = CARTESIAN_POINT('',(60.220205834826,-60.64381743055,
    27.25284671421));
#2163 = CARTESIAN_POINT('',(60.198106010907,-60.6198586883,
    27.215416250002));
#2164 = CARTESIAN_POINT('',(60.172412483937,-60.59305805807,
    27.180698053872));
#2165 = CARTESIAN_POINT('',(60.143482761596,-60.56432213651,
    27.148960189542));
#2166 = CARTESIAN_POINT('',(60.111628009012,-60.53436111538,
    27.120439882556));
#2167 = CARTESIAN_POINT('',(60.035600984095,-60.46692811978,
    27.065245408987));
#2168 = CARTESIAN_POINT('',(59.990268034266,-60.42918946795,
    27.040139561506));
#2169 = CARTESIAN_POINT('',(59.941628788446,-60.39156447849,
    27.020515444163));
#2170 = CARTESIAN_POINT('',(59.890293643025,-60.35493991507,
    27.006941633417));
#2171 = CARTESIAN_POINT('',(59.837150233655,-60.32010418041,27.));
#2172 = CARTESIAN_POINT('',(59.783370452904,-60.28764912851,27.));
#2173 = ORIENTED_EDGE('',*,*,#896,.F.);
#2174 = CYLINDRICAL_SURFACE('',#2175,0.5);
#2175 = AXIS2_PLACEMENT_3D('',#2176,#2177,#2178);
#2176 = CARTESIAN_POINT('',(59.783370452904,-50.,27.5));
#2177 = DIRECTION('',(0.,-1.,4.4E-16));
#2178 = DIRECTION('',(0.99777530314,-2.933333333333E-17,
    -6.666666666666E-02));
#2179 = ADVANCED_FACE('',(#2180),#2199,.F.);
#2180 = FACE_BOUND('',#2181,.F.);
#2181 = EDGE_LOOP('',(#2182,#2190,#2197,#2198));
#2182 = ORIENTED_EDGE('',*,*,#2183,.T.);
#2183 = EDGE_CURVE('',#681,#2184,#2186,.T.);
#2184 = VERTEX_POINT('',#2185);
#2185 = CARTESIAN_POINT('',(59.8,-75.,27.));
#2186 = ( BOUNDED_CURVE() B_SPLINE_CURVE(2,(#2187,#2188,#2189),
.UNSPECIFIED.,.F.,.F.) B_SPLINE_CURVE_WITH_KNOTS((3,3),(0.,
0.276078566361),.PIECEWISE_BEZIER_KNOTS.) CURVE() 
GEOMETRIC_REPRESENTATION_ITEM() RATIONAL_B_SPLINE_CURVE((1.,
0.741563663259,1.)) REPRESENTATION_ITEM('') );
#2187 = CARTESIAN_POINT('',(60.282240200874,-75.,27.466398672805));
#2188 = CARTESIAN_POINT('',(60.252092350484,-75.,27.01506127947));
#2189 = CARTESIAN_POINT('',(59.8,-75.,27.));
#2190 = ORIENTED_EDGE('',*,*,#2191,.T.);
#2191 = EDGE_CURVE('',#2184,#2129,#2192,.T.);
#2192 = ( BOUNDED_CURVE() B_SPLINE_CURVE(3,(#2193,#2194,#2195,#2196),
.UNSPECIFIED.,.F.,.F.) B_SPLINE_CURVE_WITH_KNOTS((4,4),(5.686966916616,
5.963045482976),.PIECEWISE_BEZIER_KNOTS.) CURVE() 
GEOMETRIC_REPRESENTATION_ITEM() RATIONAL_B_SPLINE_CURVE((1.,1.,1.,1.)) 
REPRESENTATION_ITEM('') );
#2193 = CARTESIAN_POINT('',(59.8,-75.,27.));
#2194 = CARTESIAN_POINT('',(59.8,-75.09202618878,27.));
#2195 = CARTESIAN_POINT('',(59.794497188049,-75.18405237757,27.));
#2196 = CARTESIAN_POINT('',(59.783370452904,-75.27607856636,27.));
#2197 = ORIENTED_EDGE('',*,*,#2128,.F.);
#2198 = ORIENTED_EDGE('',*,*,#680,.F.);
#2199 = ( BOUNDED_SURFACE() B_SPLINE_SURFACE(2,3,(
    (#2200,#2201,#2202,#2203)
    ,(#2204,#2205,#2206,#2207)
    ,(#2208,#2209,#2210,#2211
)),.UNSPECIFIED.,.F.,.F.,.F.) B_SPLINE_SURFACE_WITH_KNOTS((3,3),(4,4),(
    0.,0.276078566361),(5.686966916616,5.963045482976),
.PIECEWISE_BEZIER_KNOTS.) GEOMETRIC_REPRESENTATION_ITEM() 
RATIONAL_B_SPLINE_SURFACE((
    (1.,1.,1.,1.)
    ,(0.741563663259,0.741563663259,0.737897750488,0.73029674334)
,(1.,1.,1.,1.))) REPRESENTATION_ITEM('') SURFACE() );
#2200 = CARTESIAN_POINT('',(60.282240200874,-75.,27.466398672805));
#2201 = CARTESIAN_POINT('',(60.282240200874,-75.09202618878,
    27.466398672805));
#2202 = CARTESIAN_POINT('',(60.282258104474,-75.18405237757,
    27.466666666667));
#2203 = CARTESIAN_POINT('',(60.282258104474,-75.27607856636,
    27.466666666667));
#2204 = CARTESIAN_POINT('',(60.252092350484,-75.,27.01506127947));
#2205 = CARTESIAN_POINT('',(60.252092350484,-75.09202618878,
    27.01506127947));
#2206 = CARTESIAN_POINT('',(60.25176588374,-75.18500032966,
    27.010300894864));
#2207 = CARTESIAN_POINT('',(60.251077626251,-75.27607856636,27.));
#2208 = CARTESIAN_POINT('',(59.8,-75.,27.));
#2209 = CARTESIAN_POINT('',(59.8,-75.09202618878,27.));
#2210 = CARTESIAN_POINT('',(59.794497188049,-75.18405237757,27.));
#2211 = CARTESIAN_POINT('',(59.783370452904,-75.27607856636,27.));
#2212 = ADVANCED_FACE('',(#2213),#2231,.F.);
#2213 = FACE_BOUND('',#2214,.F.);
#2214 = EDGE_LOOP('',(#2215,#2216,#2222,#2223,#2229,#2230));
#2215 = ORIENTED_EDGE('',*,*,#1746,.F.);
#2216 = ORIENTED_EDGE('',*,*,#2217,.F.);
#2217 = EDGE_CURVE('',#1364,#1739,#2218,.T.);
#2218 = LINE('',#2219,#2220);
#2219 = CARTESIAN_POINT('',(58.75,-60.,38.593386622448));
#2220 = VECTOR('',#2221,1.);
#2221 = DIRECTION('',(0.,1.1E-16,-1.));
#2222 = ORIENTED_EDGE('',*,*,#1363,.T.);
#2223 = ORIENTED_EDGE('',*,*,#2224,.T.);
#2224 = EDGE_CURVE('',#1356,#798,#2225,.T.);
#2225 = LINE('',#2226,#2227);
#2226 = CARTESIAN_POINT('',(60.75,-62.,38.593386622448));
#2227 = VECTOR('',#2228,1.);
#2228 = DIRECTION('',(0.,1.1E-16,-1.));
#2229 = ORIENTED_EDGE('',*,*,#805,.F.);
#2230 = ORIENTED_EDGE('',*,*,#2154,.T.);
#2231 = CYLINDRICAL_SURFACE('',#2232,2.);
#2232 = AXIS2_PLACEMENT_3D('',#2233,#2234,#2235);
#2233 = CARTESIAN_POINT('',(58.75,-62.,38.593386622448));
#2234 = DIRECTION('',(0.,1.1E-16,-1.));
#2235 = DIRECTION('',(0.,1.,1.1E-16));
#2236 = ADVANCED_FACE('',(#2237),#2257,.F.);
#2237 = FACE_BOUND('',#2238,.F.);
#2238 = EDGE_LOOP('',(#2239,#2248,#2255,#2256));
#2239 = ORIENTED_EDGE('',*,*,#2240,.T.);
#2240 = EDGE_CURVE('',#690,#2241,#2243,.T.);
#2241 = VERTEX_POINT('',#2242);
#2242 = CARTESIAN_POINT('',(59.783370452904,-74.72392143363,27.));
#2243 = CIRCLE('',#2244,0.5);
#2244 = AXIS2_PLACEMENT_3D('',#2245,#2246,#2247);
#2245 = CARTESIAN_POINT('',(59.783370452904,-74.72392143363,27.5));
#2246 = DIRECTION('',(0.,1.,-4.4E-16));
#2247 = DIRECTION('',(0.99777530314,-2.933333333333E-17,
    -6.666666666666E-02));
#2248 = ORIENTED_EDGE('',*,*,#2249,.T.);
#2249 = EDGE_CURVE('',#2241,#2184,#2250,.T.);
#2250 = ( BOUNDED_CURVE() B_SPLINE_CURVE(3,(#2251,#2252,#2253,#2254),
.UNSPECIFIED.,.F.,.F.) B_SPLINE_CURVE_WITH_KNOTS((4,4),(5.410888350255,
5.686966916616),.PIECEWISE_BEZIER_KNOTS.) CURVE() 
GEOMETRIC_REPRESENTATION_ITEM() RATIONAL_B_SPLINE_CURVE((1.,1.,1.,1.)) 
REPRESENTATION_ITEM('') );
#2251 = CARTESIAN_POINT('',(59.783370452904,-74.72392143363,27.));
#2252 = CARTESIAN_POINT('',(59.794497188049,-74.81594762242,27.));
#2253 = CARTESIAN_POINT('',(59.8,-74.90797381121,27.));
#2254 = CARTESIAN_POINT('',(59.8,-75.,27.));
#2255 = ORIENTED_EDGE('',*,*,#2183,.F.);
#2256 = ORIENTED_EDGE('',*,*,#689,.F.);
#2257 = ( BOUNDED_SURFACE() B_SPLINE_SURFACE(2,3,(
    (#2258,#2259,#2260,#2261)
    ,(#2262,#2263,#2264,#2265)
    ,(#2266,#2267,#2268,#2269
)),.UNSPECIFIED.,.F.,.F.,.F.) B_SPLINE_SURFACE_WITH_KNOTS((3,3),(4,4),(
    0.,0.276078566361),(5.410888350255,5.686966916616),
.PIECEWISE_BEZIER_KNOTS.) GEOMETRIC_REPRESENTATION_ITEM() 
RATIONAL_B_SPLINE_SURFACE((
    (1.,1.,1.,1.)
    ,(0.73029674334,0.737897750488,0.741563663259,0.741563663259)
,(1.,1.,1.,1.))) REPRESENTATION_ITEM('') SURFACE() );
#2258 = CARTESIAN_POINT('',(60.282258104474,-74.72392143363,
    27.466666666667));
#2259 = CARTESIAN_POINT('',(60.282258104474,-74.81594762242,
    27.466666666667));
#2260 = CARTESIAN_POINT('',(60.282240200874,-74.90797381121,
    27.466398672805));
#2261 = CARTESIAN_POINT('',(60.282240200874,-75.,27.466398672805));
#2262 = CARTESIAN_POINT('',(60.251077626251,-74.72392143363,27.));
#2263 = CARTESIAN_POINT('',(60.25176588374,-74.81499967033,
    27.010300894864));
#2264 = CARTESIAN_POINT('',(60.252092350484,-74.90797381121,
    27.01506127947));
#2265 = CARTESIAN_POINT('',(60.252092350484,-75.,27.01506127947));
#2266 = CARTESIAN_POINT('',(59.783370452904,-74.72392143363,27.));
#2267 = CARTESIAN_POINT('',(59.794497188049,-74.81594762242,27.));
#2268 = CARTESIAN_POINT('',(59.8,-74.90797381121,27.));
#2269 = CARTESIAN_POINT('',(59.8,-75.,27.));
#2270 = ADVANCED_FACE('',(#2271),#2282,.F.);
#2271 = FACE_BOUND('',#2272,.F.);
#2272 = EDGE_LOOP('',(#2273,#2274,#2280,#2281));
#2273 = ORIENTED_EDGE('',*,*,#1355,.F.);
#2274 = ORIENTED_EDGE('',*,*,#2275,.T.);
#2275 = EDGE_CURVE('',#1324,#707,#2276,.T.);
#2276 = LINE('',#2277,#2278);
#2277 = CARTESIAN_POINT('',(60.75,-68.,38.593386622448));
#2278 = VECTOR('',#2279,1.);
#2279 = DIRECTION('',(0.,1.1E-16,-1.));
#2280 = ORIENTED_EDGE('',*,*,#797,.T.);
#2281 = ORIENTED_EDGE('',*,*,#2224,.F.);
#2282 = PLANE('',#2283);
#2283 = AXIS2_PLACEMENT_3D('',#2284,#2285,#2286);
#2284 = CARTESIAN_POINT('',(60.75,-70.,41.));
#2285 = DIRECTION('',(1.,0.,0.));
#2286 = DIRECTION('',(0.,1.,1.1E-16));
#2287 = ADVANCED_FACE('',(#2288),#2320,.T.);
#2288 = FACE_BOUND('',#2289,.F.);
#2289 = EDGE_LOOP('',(#2290,#2312,#2318,#2319));
#2290 = ORIENTED_EDGE('',*,*,#2291,.T.);
#2291 = EDGE_CURVE('',#699,#2292,#2294,.T.);
#2292 = VERTEX_POINT('',#2293);
#2293 = CARTESIAN_POINT('',(59.783370452904,-69.71235087148,27.));
#2294 = B_SPLINE_CURVE_WITH_KNOTS('',6,(#2295,#2296,#2297,#2298,#2299,
    #2300,#2301,#2302,#2303,#2304,#2305,#2306,#2307,#2308,#2309,#2310,
    #2311),.UNSPECIFIED.,.F.,.F.,(7,5,5,7),(0.,0.235185006125,
    0.582374280881,1.),.UNSPECIFIED.);
#2295 = CARTESIAN_POINT('',(60.282258104474,-69.28537352597,
    27.466666666667));
#2296 = CARTESIAN_POINT('',(60.280229202117,-69.28779212416,
    27.436300836697));
#2297 = CARTESIAN_POINT('',(60.275985830714,-69.29284101189,
    27.406139918945));
#2298 = CARTESIAN_POINT('',(60.269564880715,-69.30043952715,
    27.376478055577));
#2299 = CARTESIAN_POINT('',(60.26106422031,-69.31036163731,
    27.347552470707));
#2300 = CARTESIAN_POINT('',(60.25061142088,-69.32230981769,
    27.319549822721));
#2301 = CARTESIAN_POINT('',(60.220205834826,-69.35618256944,
    27.25284671421));
#2302 = CARTESIAN_POINT('',(60.198106010907,-69.38014131169,
    27.215416250002));
#2303 = CARTESIAN_POINT('',(60.172412483937,-69.40694194192,
    27.180698053872));
#2304 = CARTESIAN_POINT('',(60.143482761596,-69.43567786348,
    27.148960189542));
#2305 = CARTESIAN_POINT('',(60.111628009012,-69.46563888461,
    27.120439882556));
#2306 = CARTESIAN_POINT('',(60.035600984095,-69.53307188021,
    27.065245408987));
#2307 = CARTESIAN_POINT('',(59.990268034266,-69.57081053204,
    27.040139561506));
#2308 = CARTESIAN_POINT('',(59.941628788446,-69.6084355215,
    27.020515444163));
#2309 = CARTESIAN_POINT('',(59.890293643025,-69.64506008492,
    27.006941633417));
#2310 = CARTESIAN_POINT('',(59.837150233655,-69.67989581959,27.));
#2311 = CARTESIAN_POINT('',(59.783370452904,-69.71235087148,27.));
#2312 = ORIENTED_EDGE('',*,*,#2313,.T.);
#2313 = EDGE_CURVE('',#2292,#2241,#2314,.T.);
#2314 = LINE('',#2315,#2316);
#2315 = CARTESIAN_POINT('',(59.783370452904,-69.31303308338,27.));
#2316 = VECTOR('',#2317,1.);
#2317 = DIRECTION('',(0.,-1.,4.4E-16));
#2318 = ORIENTED_EDGE('',*,*,#2240,.F.);
#2319 = ORIENTED_EDGE('',*,*,#698,.F.);
#2320 = CYLINDRICAL_SURFACE('',#2321,0.5);
#2321 = AXIS2_PLACEMENT_3D('',#2322,#2323,#2324);
#2322 = CARTESIAN_POINT('',(59.783370452904,-69.31303308338,27.5));
#2323 = DIRECTION('',(0.,-1.,4.4E-16));
#2324 = DIRECTION('',(0.99777530314,-2.933333333333E-17,
    -6.666666666666E-02));
#2325 = ADVANCED_FACE('',(#2326),#2347,.F.);
#2326 = FACE_BOUND('',#2327,.F.);
#2327 = EDGE_LOOP('',(#2328,#2329,#2330,#2331,#2339,#2346));
#2328 = ORIENTED_EDGE('',*,*,#706,.F.);
#2329 = ORIENTED_EDGE('',*,*,#2275,.F.);
#2330 = ORIENTED_EDGE('',*,*,#1323,.T.);
#2331 = ORIENTED_EDGE('',*,*,#2332,.T.);
#2332 = EDGE_CURVE('',#1315,#2333,#2335,.T.);
#2333 = VERTEX_POINT('',#2334);
#2334 = CARTESIAN_POINT('',(58.75,-70.,27.));
#2335 = LINE('',#2336,#2337);
#2336 = CARTESIAN_POINT('',(58.75,-70.,38.593386622448));
#2337 = VECTOR('',#2338,1.);
#2338 = DIRECTION('',(0.,1.1E-16,-1.));
#2339 = ORIENTED_EDGE('',*,*,#2340,.F.);
#2340 = EDGE_CURVE('',#2292,#2333,#2341,.T.);
#2341 = CIRCLE('',#2342,2.);
#2342 = AXIS2_PLACEMENT_3D('',#2343,#2344,#2345);
#2343 = CARTESIAN_POINT('',(58.75,-68.,27.));
#2344 = DIRECTION('',(0.,1.1E-16,-1.));
#2345 = DIRECTION('',(0.,1.,1.1E-16));
#2346 = ORIENTED_EDGE('',*,*,#2291,.F.);
#2347 = CYLINDRICAL_SURFACE('',#2348,2.);
#2348 = AXIS2_PLACEMENT_3D('',#2349,#2350,#2351);
#2349 = CARTESIAN_POINT('',(58.75,-68.,38.593386622448));
#2350 = DIRECTION('',(0.,1.1E-16,-1.));
#2351 = DIRECTION('',(1.,0.,0.));
#2352 = ADVANCED_FACE('',(#2353),#2359,.F.);
#2353 = FACE_BOUND('',#2354,.T.);
#2354 = EDGE_LOOP('',(#2355,#2356,#2357,#2358));
#2355 = ORIENTED_EDGE('',*,*,#1649,.F.);
#2356 = ORIENTED_EDGE('',*,*,#1525,.T.);
#2357 = ORIENTED_EDGE('',*,*,#1567,.T.);
#2358 = ORIENTED_EDGE('',*,*,#1658,.F.);
#2359 = CYLINDRICAL_SURFACE('',#2360,2.875);
#2360 = AXIS2_PLACEMENT_3D('',#2361,#2362,#2363);
#2361 = CARTESIAN_POINT('',(92.,-55.,30.999999999996));
#2362 = DIRECTION('',(0.,1.1E-16,-1.));
#2363 = DIRECTION('',(-1.,0.,0.));
#2364 = ADVANCED_FACE('',(#2365),#2391,.F.);
#2365 = FACE_BOUND('',#2366,.F.);
#2366 = EDGE_LOOP('',(#2367,#2368,#2369,#2377,#2385));
#2367 = ORIENTED_EDGE('',*,*,#1082,.F.);
#2368 = ORIENTED_EDGE('',*,*,#1868,.T.);
#2369 = ORIENTED_EDGE('',*,*,#2370,.T.);
#2370 = EDGE_CURVE('',#1869,#2371,#2373,.T.);
#2371 = VERTEX_POINT('',#2372);
#2372 = CARTESIAN_POINT('',(92.75,-70.,27.));
#2373 = LINE('',#2374,#2375);
#2374 = CARTESIAN_POINT('',(88.995688373095,-70.,27.));
#2375 = VECTOR('',#2376,1.);
#2376 = DIRECTION('',(1.,0.,0.));
#2377 = ORIENTED_EDGE('',*,*,#2378,.F.);
#2378 = EDGE_CURVE('',#2379,#2371,#2381,.T.);
#2379 = VERTEX_POINT('',#2380);
#2380 = CARTESIAN_POINT('',(92.75,-70.,30.999999999996));
#2381 = LINE('',#2382,#2383);
#2382 = CARTESIAN_POINT('',(92.75,-70.,30.999999999996));
#2383 = VECTOR('',#2384,1.);
#2384 = DIRECTION('',(0.,1.1E-16,-1.));
#2385 = ORIENTED_EDGE('',*,*,#2386,.F.);
#2386 = EDGE_CURVE('',#1083,#2379,#2387,.T.);
#2387 = LINE('',#2388,#2389);
#2388 = CARTESIAN_POINT('',(90.865005027534,-70.,30.999999999996));
#2389 = VECTOR('',#2390,1.);
#2390 = DIRECTION('',(1.,0.,2.13E-15));
#2391 = PLANE('',#2392);
#2392 = AXIS2_PLACEMENT_3D('',#2393,#2394,#2395);
#2393 = CARTESIAN_POINT('',(88.75,-70.,41.));
#2394 = DIRECTION('',(0.,-1.,-1.1E-16));
#2395 = DIRECTION('',(1.,0.,0.));
#2396 = ADVANCED_FACE('',(#2397,#2433),#2479,.T.);
#2397 = FACE_BOUND('',#2398,.T.);
#2398 = EDGE_LOOP('',(#2399,#2410,#2419));
#2399 = ORIENTED_EDGE('',*,*,#2400,.T.);
#2400 = EDGE_CURVE('',#2401,#2403,#2405,.T.);
#2401 = VERTEX_POINT('',#2402);
#2402 = CARTESIAN_POINT('',(92.887235790752,-72.87801681165,
    30.999999999996));
#2403 = VERTEX_POINT('',#2404);
#2404 = CARTESIAN_POINT('',(94.3,-75.,30.999999999996));
#2405 = CIRCLE('',#2406,2.3);
#2406 = AXIS2_PLACEMENT_3D('',#2407,#2408,#2409);
#2407 = CARTESIAN_POINT('',(92.,-75.,30.999999999996));
#2408 = DIRECTION('',(2.13E-15,-4.E-16,-1.));
#2409 = DIRECTION('',(0.385754691631,0.922601386236,4.526169386805E-16)
  );
#2410 = ORIENTED_EDGE('',*,*,#2411,.T.);
#2411 = EDGE_CURVE('',#2403,#2412,#2414,.T.);
#2412 = VERTEX_POINT('',#2413);
#2413 = CARTESIAN_POINT('',(92.887235790752,-77.12198318834,
    30.999999999996));
#2414 = CIRCLE('',#2415,2.3);
#2415 = AXIS2_PLACEMENT_3D('',#2416,#2417,#2418);
#2416 = CARTESIAN_POINT('',(92.,-75.,30.999999999996));
#2417 = DIRECTION('',(2.13E-15,-4.E-16,-1.));
#2418 = DIRECTION('',(1.,-5.92E-15,2.13E-15));
#2419 = ORIENTED_EDGE('',*,*,#2420,.T.);
#2420 = EDGE_CURVE('',#2412,#2401,#2421,.T.);
#2421 = B_SPLINE_CURVE_WITH_KNOTS('',10,(#2422,#2423,#2424,#2425,#2426,
    #2427,#2428,#2429,#2430,#2431,#2432),.UNSPECIFIED.,.F.,.F.,(11,11),(
    11.309733552923,18.390292801912),.PIECEWISE_BEZIER_KNOTS.);
#2422 = CARTESIAN_POINT('',(92.887235790752,-77.12198318834,
    30.999999999996));
#2423 = CARTESIAN_POINT('',(92.053383870315,-77.47063028039,
    30.999999999996));
#2424 = CARTESIAN_POINT('',(91.065366667087,-77.45615311381,
    30.999999999996));
#2425 = CARTESIAN_POINT('',(90.10336425042,-76.99849816229,
    30.999999999995));
#2426 = CARTESIAN_POINT('',(89.395397434084,-76.13048993802,
    30.999999999995));
#2427 = CARTESIAN_POINT('',(89.123813838812,-75.,30.999999999996));
#2428 = CARTESIAN_POINT('',(89.395397434083,-73.86951006197,
    30.999999999996));
#2429 = CARTESIAN_POINT('',(90.103364250422,-73.0015018377,
    30.999999999995));
#2430 = CARTESIAN_POINT('',(91.065366667086,-72.54384688618,
    30.999999999996));
#2431 = CARTESIAN_POINT('',(92.053383870315,-72.5293697196,
    30.999999999995));
#2432 = CARTESIAN_POINT('',(92.887235790752,-72.87801681165,
    30.999999999996));
#2433 = FACE_BOUND('',#2434,.T.);
#2434 = EDGE_LOOP('',(#2435,#2445,#2452,#2453,#2454,#2463,#2470,#2471,
    #2472));
#2435 = ORIENTED_EDGE('',*,*,#2436,.F.);
#2436 = EDGE_CURVE('',#2437,#2439,#2441,.T.);
#2437 = VERTEX_POINT('',#2438);
#2438 = CARTESIAN_POINT('',(94.75,-72.,30.999999999996));
#2439 = VERTEX_POINT('',#2440);
#2440 = CARTESIAN_POINT('',(94.75,-78.,30.999999999996));
#2441 = LINE('',#2442,#2443);
#2442 = CARTESIAN_POINT('',(94.75,-50.,30.999999999996));
#2443 = VECTOR('',#2444,1.);
#2444 = DIRECTION('',(0.,-1.,3.3E-16));
#2445 = ORIENTED_EDGE('',*,*,#2446,.F.);
#2446 = EDGE_CURVE('',#2379,#2437,#2447,.T.);
#2447 = CIRCLE('',#2448,2.);
#2448 = AXIS2_PLACEMENT_3D('',#2449,#2450,#2451);
#2449 = CARTESIAN_POINT('',(92.75,-72.,30.999999999996));
#2450 = DIRECTION('',(0.,1.1E-16,-1.));
#2451 = DIRECTION('',(0.,1.,1.1E-16));
#2452 = ORIENTED_EDGE('',*,*,#2386,.F.);
#2453 = ORIENTED_EDGE('',*,*,#1091,.T.);
#2454 = ORIENTED_EDGE('',*,*,#2455,.T.);
#2455 = EDGE_CURVE('',#1092,#2456,#2458,.T.);
#2456 = VERTEX_POINT('',#2457);
#2457 = CARTESIAN_POINT('',(89.125,-75.,30.999999999996));
#2458 = CIRCLE('',#2459,2.875);
#2459 = AXIS2_PLACEMENT_3D('',#2460,#2461,#2462);
#2460 = CARTESIAN_POINT('',(92.,-75.,30.999999999996));
#2461 = DIRECTION('',(0.,0.,1.));
#2462 = DIRECTION('',(-1.,0.,0.));
#2463 = ORIENTED_EDGE('',*,*,#2464,.T.);
#2464 = EDGE_CURVE('',#2456,#1142,#2465,.T.);
#2465 = CIRCLE('',#2466,2.875);
#2466 = AXIS2_PLACEMENT_3D('',#2467,#2468,#2469);
#2467 = CARTESIAN_POINT('',(92.,-75.,30.999999999996));
#2468 = DIRECTION('',(0.,0.,1.));
#2469 = DIRECTION('',(-1.,0.,0.));
#2470 = ORIENTED_EDGE('',*,*,#1183,.T.);
#2471 = ORIENTED_EDGE('',*,*,#2075,.F.);
#2472 = ORIENTED_EDGE('',*,*,#2473,.T.);
#2473 = EDGE_CURVE('',#2076,#2439,#2474,.T.);
#2474 = CIRCLE('',#2475,2.);
#2475 = AXIS2_PLACEMENT_3D('',#2476,#2477,#2478);
#2476 = CARTESIAN_POINT('',(92.75,-78.,30.999999999996));
#2477 = DIRECTION('',(-0.,4.4E-16,1.));
#2478 = DIRECTION('',(0.,-1.,4.4E-16));
#2479 = PLANE('',#2480);
#2480 = AXIS2_PLACEMENT_3D('',#2481,#2482,#2483);
#2481 = CARTESIAN_POINT('',(92.980010055069,-65.,30.999999999996));
#2482 = DIRECTION('',(-2.13E-15,2.9E-16,1.));
#2483 = DIRECTION('',(1.,0.,2.13E-15));
#2484 = ADVANCED_FACE('',(#2485),#2491,.F.);
#2485 = FACE_BOUND('',#2486,.T.);
#2486 = EDGE_LOOP('',(#2487,#2488,#2489,#2490));
#2487 = ORIENTED_EDGE('',*,*,#2455,.F.);
#2488 = ORIENTED_EDGE('',*,*,#1099,.T.);
#2489 = ORIENTED_EDGE('',*,*,#1141,.T.);
#2490 = ORIENTED_EDGE('',*,*,#2464,.F.);
#2491 = CYLINDRICAL_SURFACE('',#2492,2.875);
#2492 = AXIS2_PLACEMENT_3D('',#2493,#2494,#2495);
#2493 = CARTESIAN_POINT('',(92.,-75.,30.999999999996));
#2494 = DIRECTION('',(0.,1.1E-16,-1.));
#2495 = DIRECTION('',(-1.,0.,0.));
#2496 = ADVANCED_FACE('',(#2497),#2501,.F.);
#2497 = FACE_BOUND('',#2498,.T.);
#2498 = EDGE_LOOP('',(#2499,#2500));
#2499 = ORIENTED_EDGE('',*,*,#1832,.F.);
#2500 = ORIENTED_EDGE('',*,*,#1412,.T.);
#2501 = CYLINDRICAL_SURFACE('',#2502,2.875);
#2502 = AXIS2_PLACEMENT_3D('',#2503,#2504,#2505);
#2503 = CARTESIAN_POINT('',(57.5,-55.,30.999999999996));
#2504 = DIRECTION('',(0.,1.1E-16,-1.));
#2505 = DIRECTION('',(-1.,0.,0.));
#2506 = ADVANCED_FACE('',(#2507),#2519,.F.);
#2507 = FACE_BOUND('',#2508,.F.);
#2508 = EDGE_LOOP('',(#2509,#2510,#2511,#2512,#2518));
#2509 = ORIENTED_EDGE('',*,*,#1395,.T.);
#2510 = ORIENTED_EDGE('',*,*,#2217,.T.);
#2511 = ORIENTED_EDGE('',*,*,#1738,.T.);
#2512 = ORIENTED_EDGE('',*,*,#2513,.F.);
#2513 = EDGE_CURVE('',#1817,#1730,#2514,.T.);
#2514 = LINE('',#2515,#2516);
#2515 = CARTESIAN_POINT('',(56.75,-60.,31.));
#2516 = VECTOR('',#2517,1.);
#2517 = DIRECTION('',(0.,1.1E-16,-1.));
#2518 = ORIENTED_EDGE('',*,*,#1825,.F.);
#2519 = PLANE('',#2520);
#2520 = AXIS2_PLACEMENT_3D('',#2521,#2522,#2523);
#2521 = CARTESIAN_POINT('',(60.75,-60.,41.));
#2522 = DIRECTION('',(0.,1.,1.1E-16));
#2523 = DIRECTION('',(-1.,0.,0.));
#2524 = ADVANCED_FACE('',(#2525,#2554),#2598,.T.);
#2525 = FACE_BOUND('',#2526,.T.);
#2526 = EDGE_LOOP('',(#2527,#2538,#2547));
#2527 = ORIENTED_EDGE('',*,*,#2528,.T.);
#2528 = EDGE_CURVE('',#2529,#2531,#2533,.T.);
#2529 = VERTEX_POINT('',#2530);
#2530 = CARTESIAN_POINT('',(59.800000000028,-75.,30.999999999995));
#2531 = VERTEX_POINT('',#2532);
#2532 = CARTESIAN_POINT('',(56.612764209276,-77.12198318834,
    30.999999999998));
#2533 = CIRCLE('',#2534,2.3);
#2534 = AXIS2_PLACEMENT_3D('',#2535,#2536,#2537);
#2535 = CARTESIAN_POINT('',(57.500000000028,-75.,30.999999999997));
#2536 = DIRECTION('',(-8.9884E-13,-4.1E-16,-1.));
#2537 = DIRECTION('',(1.,-5.92E-15,-8.9884E-13));
#2538 = ORIENTED_EDGE('',*,*,#2539,.T.);
#2539 = EDGE_CURVE('',#2531,#2540,#2542,.T.);
#2540 = VERTEX_POINT('',#2541);
#2541 = CARTESIAN_POINT('',(56.612764209306,-72.87801681164,
    30.999999999998));
#2542 = CIRCLE('',#2543,2.3);
#2543 = AXIS2_PLACEMENT_3D('',#2544,#2545,#2546);
#2544 = CARTESIAN_POINT('',(57.500000000028,-75.,30.999999999997));
#2545 = DIRECTION('',(-8.9884E-13,-4.1E-16,-1.));
#2546 = DIRECTION('',(-0.385754691644,-0.92260138623,3.47110013606E-13)
  );
#2547 = ORIENTED_EDGE('',*,*,#2548,.T.);
#2548 = EDGE_CURVE('',#2540,#2529,#2549,.T.);
#2549 = CIRCLE('',#2550,2.3);
#2550 = AXIS2_PLACEMENT_3D('',#2551,#2552,#2553);
#2551 = CARTESIAN_POINT('',(57.500000000028,-75.,30.999999999997));
#2552 = DIRECTION('',(-8.9884E-13,-4.1E-16,-1.));
#2553 = DIRECTION('',(-0.385754691644,0.92260138623,3.463534804693E-13)
  );
#2554 = FACE_BOUND('',#2555,.T.);
#2555 = EDGE_LOOP('',(#2556,#2564,#2573,#2581,#2588,#2589,#2590,#2597));
#2556 = ORIENTED_EDGE('',*,*,#2557,.F.);
#2557 = EDGE_CURVE('',#2558,#1307,#2560,.T.);
#2558 = VERTEX_POINT('',#2559);
#2559 = CARTESIAN_POINT('',(56.75,-70.,30.999999999998));
#2560 = LINE('',#2561,#2562);
#2561 = CARTESIAN_POINT('',(55.599505418847,-70.,30.999999999999));
#2562 = VECTOR('',#2563,1.);
#2563 = DIRECTION('',(1.,0.,-8.9884E-13));
#2564 = ORIENTED_EDGE('',*,*,#2565,.T.);
#2565 = EDGE_CURVE('',#2558,#2566,#2568,.T.);
#2566 = VERTEX_POINT('',#2567);
#2567 = CARTESIAN_POINT('',(54.75,-72.,31.));
#2568 = CIRCLE('',#2569,2.);
#2569 = AXIS2_PLACEMENT_3D('',#2570,#2571,#2572);
#2570 = CARTESIAN_POINT('',(56.75,-72.,30.999999999998));
#2571 = DIRECTION('',(0.,-1.1E-16,1.));
#2572 = DIRECTION('',(0.,1.,1.1E-16));
#2573 = ORIENTED_EDGE('',*,*,#2574,.T.);
#2574 = EDGE_CURVE('',#2566,#2575,#2577,.T.);
#2575 = VERTEX_POINT('',#2576);
#2576 = CARTESIAN_POINT('',(54.75,-78.,31.));
#2577 = LINE('',#2578,#2579);
#2578 = CARTESIAN_POINT('',(54.75,-50.,31.));
#2579 = VECTOR('',#2580,1.);
#2580 = DIRECTION('',(0.,-1.,3.3E-16));
#2581 = ORIENTED_EDGE('',*,*,#2582,.F.);
#2582 = EDGE_CURVE('',#2061,#2575,#2583,.T.);
#2583 = CIRCLE('',#2584,2.);
#2584 = AXIS2_PLACEMENT_3D('',#2585,#2586,#2587);
#2585 = CARTESIAN_POINT('',(56.75,-78.,30.999999999998));
#2586 = DIRECTION('',(-0.,-4.4E-16,-1.));
#2587 = DIRECTION('',(0.,-1.,4.4E-16));
#2588 = ORIENTED_EDGE('',*,*,#2068,.T.);
#2589 = ORIENTED_EDGE('',*,*,#1200,.F.);
#2590 = ORIENTED_EDGE('',*,*,#2591,.T.);
#2591 = EDGE_CURVE('',#1201,#1209,#2592,.T.);
#2592 = CIRCLE('',#2593,2.875);
#2593 = AXIS2_PLACEMENT_3D('',#2594,#2595,#2596);
#2594 = CARTESIAN_POINT('',(57.5,-75.,30.999999999996));
#2595 = DIRECTION('',(0.,0.,1.));
#2596 = DIRECTION('',(-1.,0.,0.));
#2597 = ORIENTED_EDGE('',*,*,#1306,.F.);
#2598 = PLANE('',#2599);
#2599 = AXIS2_PLACEMENT_3D('',#2600,#2601,#2602);
#2600 = CARTESIAN_POINT('',(56.449010837704,-65.,30.999999999998));
#2601 = DIRECTION('',(8.9884E-13,2.9E-16,1.));
#2602 = DIRECTION('',(1.,0.,-8.9884E-13));
#2603 = ADVANCED_FACE('',(#2604),#2608,.F.);
#2604 = FACE_BOUND('',#2605,.T.);
#2605 = EDGE_LOOP('',(#2606,#2607));
#2606 = ORIENTED_EDGE('',*,*,#2591,.F.);
#2607 = ORIENTED_EDGE('',*,*,#1208,.T.);
#2608 = CYLINDRICAL_SURFACE('',#2609,2.875);
#2609 = AXIS2_PLACEMENT_3D('',#2610,#2611,#2612);
#2610 = CARTESIAN_POINT('',(57.5,-75.,30.999999999996));
#2611 = DIRECTION('',(0.,1.1E-16,-1.));
#2612 = DIRECTION('',(-1.,0.,0.));
#2613 = ADVANCED_FACE('',(#2614),#2633,.F.);
#2614 = FACE_BOUND('',#2615,.F.);
#2615 = EDGE_LOOP('',(#2616,#2617,#2625,#2631,#2632));
#2616 = ORIENTED_EDGE('',*,*,#2557,.F.);
#2617 = ORIENTED_EDGE('',*,*,#2618,.T.);
#2618 = EDGE_CURVE('',#2558,#2619,#2621,.T.);
#2619 = VERTEX_POINT('',#2620);
#2620 = CARTESIAN_POINT('',(56.75,-70.,27.));
#2621 = LINE('',#2622,#2623);
#2622 = CARTESIAN_POINT('',(56.75,-70.,31.));
#2623 = VECTOR('',#2624,1.);
#2624 = DIRECTION('',(0.,1.1E-16,-1.));
#2625 = ORIENTED_EDGE('',*,*,#2626,.T.);
#2626 = EDGE_CURVE('',#2619,#2333,#2627,.T.);
#2627 = LINE('',#2628,#2629);
#2628 = CARTESIAN_POINT('',(54.75,-70.,27.));
#2629 = VECTOR('',#2630,1.);
#2630 = DIRECTION('',(1.,0.,0.));
#2631 = ORIENTED_EDGE('',*,*,#2332,.F.);
#2632 = ORIENTED_EDGE('',*,*,#1314,.F.);
#2633 = PLANE('',#2634);
#2634 = AXIS2_PLACEMENT_3D('',#2635,#2636,#2637);
#2635 = CARTESIAN_POINT('',(54.75,-70.,41.));
#2636 = DIRECTION('',(0.,-1.,-1.1E-16));
#2637 = DIRECTION('',(1.,0.,0.));
#2638 = ADVANCED_FACE('',(#2639),#2660,.F.);
#2639 = FACE_BOUND('',#2640,.T.);
#2640 = EDGE_LOOP('',(#2641,#2642,#2643,#2651,#2658,#2659));
#2641 = ORIENTED_EDGE('',*,*,#1701,.T.);
#2642 = ORIENTED_EDGE('',*,*,#2001,.T.);
#2643 = ORIENTED_EDGE('',*,*,#2644,.T.);
#2644 = EDGE_CURVE('',#2002,#2645,#2647,.T.);
#2645 = VERTEX_POINT('',#2646);
#2646 = CARTESIAN_POINT('',(59.3,-55.,27.5));
#2647 = LINE('',#2648,#2649);
#2648 = CARTESIAN_POINT('',(59.3,-55.,27.5));
#2649 = VECTOR('',#2650,1.);
#2650 = DIRECTION('',(-0.707106781187,3.45E-15,0.707106781187));
#2651 = ORIENTED_EDGE('',*,*,#2652,.F.);
#2652 = EDGE_CURVE('',#2645,#2645,#2653,.T.);
#2653 = CIRCLE('',#2654,1.8);
#2654 = AXIS2_PLACEMENT_3D('',#2655,#2656,#2657);
#2655 = CARTESIAN_POINT('',(57.5,-55.,27.5));
#2656 = DIRECTION('',(0.,-4.4E-16,-1.));
#2657 = DIRECTION('',(1.,-4.44E-15,1.9536E-30));
#2658 = ORIENTED_EDGE('',*,*,#2644,.F.);
#2659 = ORIENTED_EDGE('',*,*,#2098,.T.);
#2660 = CONICAL_SURFACE('',#2661,1.8,0.785398163397);
#2661 = AXIS2_PLACEMENT_3D('',#2662,#2663,#2664);
#2662 = CARTESIAN_POINT('',(57.5,-55.,27.5));
#2663 = DIRECTION('',(-0.,-4.4E-16,-1.));
#2664 = DIRECTION('',(1.,-4.44E-15,1.9536E-30));
#2665 = ADVANCED_FACE('',(#2666),#2677,.T.);
#2666 = FACE_BOUND('',#2667,.F.);
#2667 = EDGE_LOOP('',(#2668,#2669,#2670,#2671));
#2668 = ORIENTED_EDGE('',*,*,#1816,.T.);
#2669 = ORIENTED_EDGE('',*,*,#2513,.T.);
#2670 = ORIENTED_EDGE('',*,*,#1729,.F.);
#2671 = ORIENTED_EDGE('',*,*,#2672,.F.);
#2672 = EDGE_CURVE('',#1809,#1722,#2673,.T.);
#2673 = LINE('',#2674,#2675);
#2674 = CARTESIAN_POINT('',(54.75,-58.,31.));
#2675 = VECTOR('',#2676,1.);
#2676 = DIRECTION('',(0.,1.1E-16,-1.));
#2677 = CYLINDRICAL_SURFACE('',#2678,2.);
#2678 = AXIS2_PLACEMENT_3D('',#2679,#2680,#2681);
#2679 = CARTESIAN_POINT('',(56.75,-58.,31.));
#2680 = DIRECTION('',(0.,1.1E-16,-1.));
#2681 = DIRECTION('',(-1.,0.,0.));
#2682 = ADVANCED_FACE('',(#2683),#2689,.T.);
#2683 = FACE_BOUND('',#2684,.T.);
#2684 = EDGE_LOOP('',(#2685,#2686,#2687,#2688));
#2685 = ORIENTED_EDGE('',*,*,#1808,.F.);
#2686 = ORIENTED_EDGE('',*,*,#1851,.F.);
#2687 = ORIENTED_EDGE('',*,*,#1721,.T.);
#2688 = ORIENTED_EDGE('',*,*,#2672,.F.);
#2689 = PLANE('',#2690);
#2690 = AXIS2_PLACEMENT_3D('',#2691,#2692,#2693);
#2691 = CARTESIAN_POINT('',(54.75,-50.,27.));
#2692 = DIRECTION('',(-1.,0.,0.));
#2693 = DIRECTION('',(0.,1.1E-16,1.));
#2694 = ADVANCED_FACE('',(#2695),#2721,.F.);
#2695 = FACE_BOUND('',#2696,.F.);
#2696 = EDGE_LOOP('',(#2697,#2705,#2706,#2714));
#2697 = ORIENTED_EDGE('',*,*,#2698,.F.);
#2698 = EDGE_CURVE('',#1770,#2699,#2701,.T.);
#2699 = VERTEX_POINT('',#2700);
#2700 = CARTESIAN_POINT('',(59.300000000027,-55.,30.499999999996));
#2701 = LINE('',#2702,#2703);
#2702 = CARTESIAN_POINT('',(59.300000000027,-55.,30.499999999996));
#2703 = VECTOR('',#2704,1.);
#2704 = DIRECTION('',(-0.707106781187,3.2E-15,-0.707106781186));
#2705 = ORIENTED_EDGE('',*,*,#1769,.T.);
#2706 = ORIENTED_EDGE('',*,*,#2707,.T.);
#2707 = EDGE_CURVE('',#1772,#2708,#2710,.T.);
#2708 = VERTEX_POINT('',#2709);
#2709 = CARTESIAN_POINT('',(56.805641555091,-56.66068249522,
    30.499999999998));
#2710 = LINE('',#2711,#2712);
#2711 = CARTESIAN_POINT('',(56.805641555091,-56.66068249522,
    30.499999999998));
#2712 = VECTOR('',#2713,1.);
#2713 = DIRECTION('',(0.272769758326,0.65237769654,-0.707106781187));
#2714 = ORIENTED_EDGE('',*,*,#2715,.F.);
#2715 = EDGE_CURVE('',#2699,#2708,#2716,.T.);
#2716 = CIRCLE('',#2717,1.8);
#2717 = AXIS2_PLACEMENT_3D('',#2718,#2719,#2720);
#2718 = CARTESIAN_POINT('',(57.500000000027,-55.,30.499999999997));
#2719 = DIRECTION('',(-8.9884E-13,-4.1E-16,-1.));
#2720 = DIRECTION('',(1.,-4.93E-15,-8.9884E-13));
#2721 = CONICAL_SURFACE('',#2722,1.8,0.785398163397);
#2722 = AXIS2_PLACEMENT_3D('',#2723,#2724,#2725);
#2723 = CARTESIAN_POINT('',(57.500000000027,-55.,30.499999999997));
#2724 = DIRECTION('',(8.9884E-13,4.1E-16,1.));
#2725 = DIRECTION('',(1.,-4.93E-15,-8.9884E-13));
#2726 = ADVANCED_FACE('',(#2727),#2746,.F.);
#2727 = FACE_BOUND('',#2728,.F.);
#2728 = EDGE_LOOP('',(#2729,#2737,#2738,#2739));
#2729 = ORIENTED_EDGE('',*,*,#2730,.F.);
#2730 = EDGE_CURVE('',#1781,#2731,#2733,.T.);
#2731 = VERTEX_POINT('',#2732);
#2732 = CARTESIAN_POINT('',(56.805641555115,-53.33931750476,
    30.499999999998));
#2733 = LINE('',#2734,#2735);
#2734 = CARTESIAN_POINT('',(56.805641555115,-53.33931750476,
    30.499999999998));
#2735 = VECTOR('',#2736,1.);
#2736 = DIRECTION('',(0.272769758317,-0.652377696543,-0.707106781187));
#2737 = ORIENTED_EDGE('',*,*,#1789,.T.);
#2738 = ORIENTED_EDGE('',*,*,#2698,.T.);
#2739 = ORIENTED_EDGE('',*,*,#2740,.F.);
#2740 = EDGE_CURVE('',#2731,#2699,#2741,.T.);
#2741 = CIRCLE('',#2742,1.8);
#2742 = AXIS2_PLACEMENT_3D('',#2743,#2744,#2745);
#2743 = CARTESIAN_POINT('',(57.500000000027,-55.,30.499999999997));
#2744 = DIRECTION('',(-8.9884E-13,-4.1E-16,-1.));
#2745 = DIRECTION('',(-0.385754691644,0.92260138623,3.463534804694E-13)
  );
#2746 = CONICAL_SURFACE('',#2747,1.8,0.785398163397);
#2747 = AXIS2_PLACEMENT_3D('',#2748,#2749,#2750);
#2748 = CARTESIAN_POINT('',(57.500000000027,-55.,30.499999999997));
#2749 = DIRECTION('',(8.9884E-13,4.1E-16,1.));
#2750 = DIRECTION('',(-0.385754691644,0.92260138623,3.463534804694E-13)
  );
#2751 = ADVANCED_FACE('',(#2752),#2764,.F.);
#2752 = FACE_BOUND('',#2753,.F.);
#2753 = EDGE_LOOP('',(#2754,#2755,#2756,#2757));
#2754 = ORIENTED_EDGE('',*,*,#2707,.F.);
#2755 = ORIENTED_EDGE('',*,*,#1780,.T.);
#2756 = ORIENTED_EDGE('',*,*,#2730,.T.);
#2757 = ORIENTED_EDGE('',*,*,#2758,.F.);
#2758 = EDGE_CURVE('',#2708,#2731,#2759,.T.);
#2759 = CIRCLE('',#2760,1.8);
#2760 = AXIS2_PLACEMENT_3D('',#2761,#2762,#2763);
#2761 = CARTESIAN_POINT('',(57.500000000027,-55.,30.499999999997));
#2762 = DIRECTION('',(-8.9884E-13,-4.1E-16,-1.));
#2763 = DIRECTION('',(-0.385754691644,-0.92260138623,3.471100136061E-13)
  );
#2764 = CONICAL_SURFACE('',#2765,1.8,0.785398163397);
#2765 = AXIS2_PLACEMENT_3D('',#2766,#2767,#2768);
#2766 = CARTESIAN_POINT('',(57.500000000027,-55.,30.499999999997));
#2767 = DIRECTION('',(8.9884E-13,4.1E-16,1.));
#2768 = DIRECTION('',(-0.385754691644,-0.92260138623,3.471100136061E-13)
  );
#2769 = ADVANCED_FACE('',(#2770),#2817,.F.);
#2770 = FACE_BOUND('',#2771,.F.);
#2771 = EDGE_LOOP('',(#2772,#2781,#2782,#2783,#2792,#2800,#2807,#2808,
    #2809,#2810));
#2772 = ORIENTED_EDGE('',*,*,#2773,.T.);
#2773 = EDGE_CURVE('',#2774,#1940,#2776,.T.);
#2774 = VERTEX_POINT('',#2775);
#2775 = CARTESIAN_POINT('',(94.3,-75.,27.));
#2776 = CIRCLE('',#2777,2.3);
#2777 = AXIS2_PLACEMENT_3D('',#2778,#2779,#2780);
#2778 = CARTESIAN_POINT('',(92.,-75.,27.));
#2779 = DIRECTION('',(0.,-4.4E-16,-1.));
#2780 = DIRECTION('',(1.,-3.95E-15,1.738E-30));
#2781 = ORIENTED_EDGE('',*,*,#1976,.T.);
#2782 = ORIENTED_EDGE('',*,*,#2033,.T.);
#2783 = ORIENTED_EDGE('',*,*,#2784,.T.);
#2784 = EDGE_CURVE('',#2034,#2785,#2787,.T.);
#2785 = VERTEX_POINT('',#2786);
#2786 = CARTESIAN_POINT('',(94.75,-78.,27.));
#2787 = CIRCLE('',#2788,2.);
#2788 = AXIS2_PLACEMENT_3D('',#2789,#2790,#2791);
#2789 = CARTESIAN_POINT('',(92.75,-78.,27.));
#2790 = DIRECTION('',(-0.,4.4E-16,1.));
#2791 = DIRECTION('',(0.,-1.,4.4E-16));
#2792 = ORIENTED_EDGE('',*,*,#2793,.F.);
#2793 = EDGE_CURVE('',#2794,#2785,#2796,.T.);
#2794 = VERTEX_POINT('',#2795);
#2795 = CARTESIAN_POINT('',(94.75,-72.,27.));
#2796 = LINE('',#2797,#2798);
#2797 = CARTESIAN_POINT('',(94.75,-50.,27.));
#2798 = VECTOR('',#2799,1.);
#2799 = DIRECTION('',(0.,-1.,1.1E-16));
#2800 = ORIENTED_EDGE('',*,*,#2801,.F.);
#2801 = EDGE_CURVE('',#2371,#2794,#2802,.T.);
#2802 = CIRCLE('',#2803,2.);
#2803 = AXIS2_PLACEMENT_3D('',#2804,#2805,#2806);
#2804 = CARTESIAN_POINT('',(92.75,-72.,27.));
#2805 = DIRECTION('',(0.,1.1E-16,-1.));
#2806 = DIRECTION('',(0.,1.,1.1E-16));
#2807 = ORIENTED_EDGE('',*,*,#2370,.F.);
#2808 = ORIENTED_EDGE('',*,*,#1876,.F.);
#2809 = ORIENTED_EDGE('',*,*,#1914,.T.);
#2810 = ORIENTED_EDGE('',*,*,#2811,.T.);
#2811 = EDGE_CURVE('',#1915,#2774,#2812,.T.);
#2812 = CIRCLE('',#2813,2.3);
#2813 = AXIS2_PLACEMENT_3D('',#2814,#2815,#2816);
#2814 = CARTESIAN_POINT('',(92.,-75.,27.));
#2815 = DIRECTION('',(0.,-4.4E-16,-1.));
#2816 = DIRECTION('',(1.,-3.95E-15,1.738E-30));
#2817 = PLANE('',#2818);
#2818 = AXIS2_PLACEMENT_3D('',#2819,#2820,#2821);
#2819 = CARTESIAN_POINT('',(89.241376746189,-50.,27.));
#2820 = DIRECTION('',(0.,1.1E-16,1.));
#2821 = DIRECTION('',(1.,0.,0.));
#2822 = ADVANCED_FACE('',(#2823),#2844,.F.);
#2823 = FACE_BOUND('',#2824,.T.);
#2824 = EDGE_LOOP('',(#2825,#2826,#2827,#2828,#2836,#2843));
#2825 = ORIENTED_EDGE('',*,*,#2773,.T.);
#2826 = ORIENTED_EDGE('',*,*,#1939,.F.);
#2827 = ORIENTED_EDGE('',*,*,#2811,.T.);
#2828 = ORIENTED_EDGE('',*,*,#2829,.T.);
#2829 = EDGE_CURVE('',#2774,#2830,#2832,.T.);
#2830 = VERTEX_POINT('',#2831);
#2831 = CARTESIAN_POINT('',(93.8,-75.,27.5));
#2832 = LINE('',#2833,#2834);
#2833 = CARTESIAN_POINT('',(93.8,-75.,27.5));
#2834 = VECTOR('',#2835,1.);
#2835 = DIRECTION('',(-0.707106781187,3.11E-15,0.707106781187));
#2836 = ORIENTED_EDGE('',*,*,#2837,.F.);
#2837 = EDGE_CURVE('',#2830,#2830,#2838,.T.);
#2838 = CIRCLE('',#2839,1.8);
#2839 = AXIS2_PLACEMENT_3D('',#2840,#2841,#2842);
#2840 = CARTESIAN_POINT('',(92.,-75.,27.5));
#2841 = DIRECTION('',(0.,-4.4E-16,-1.));
#2842 = DIRECTION('',(1.,-3.95E-15,1.738E-30));
#2843 = ORIENTED_EDGE('',*,*,#2829,.F.);
#2844 = CONICAL_SURFACE('',#2845,1.8,0.785398163397);
#2845 = AXIS2_PLACEMENT_3D('',#2846,#2847,#2848);
#2846 = CARTESIAN_POINT('',(92.,-75.,27.5));
#2847 = DIRECTION('',(-0.,-4.4E-16,-1.));
#2848 = DIRECTION('',(1.,-3.95E-15,1.738E-30));
#2849 = ADVANCED_FACE('',(#2850),#2861,.T.);
#2850 = FACE_BOUND('',#2851,.T.);
#2851 = EDGE_LOOP('',(#2852,#2853,#2859,#2860));
#2852 = ORIENTED_EDGE('',*,*,#2784,.T.);
#2853 = ORIENTED_EDGE('',*,*,#2854,.T.);
#2854 = EDGE_CURVE('',#2785,#2439,#2855,.T.);
#2855 = LINE('',#2856,#2857);
#2856 = CARTESIAN_POINT('',(94.75,-78.,27.));
#2857 = VECTOR('',#2858,1.);
#2858 = DIRECTION('',(0.,4.4E-16,1.));
#2859 = ORIENTED_EDGE('',*,*,#2473,.F.);
#2860 = ORIENTED_EDGE('',*,*,#2083,.F.);
#2861 = CYLINDRICAL_SURFACE('',#2862,2.);
#2862 = AXIS2_PLACEMENT_3D('',#2863,#2864,#2865);
#2863 = CARTESIAN_POINT('',(92.75,-78.,27.));
#2864 = DIRECTION('',(0.,4.4E-16,1.));
#2865 = DIRECTION('',(0.,-1.,4.4E-16));
#2866 = ADVANCED_FACE('',(#2867),#2905,.F.);
#2867 = FACE_BOUND('',#2868,.F.);
#2868 = EDGE_LOOP('',(#2869,#2876,#2877,#2878,#2879,#2888,#2896,#2903,
    #2904));
#2869 = ORIENTED_EDGE('',*,*,#2870,.T.);
#2870 = EDGE_CURVE('',#2129,#2241,#2871,.T.);
#2871 = CIRCLE('',#2872,2.3);
#2872 = AXIS2_PLACEMENT_3D('',#2873,#2874,#2875);
#2873 = CARTESIAN_POINT('',(57.5,-75.,27.));
#2874 = DIRECTION('',(0.,-4.4E-16,-1.));
#2875 = DIRECTION('',(1.,-3.95E-15,1.738E-30));
#2876 = ORIENTED_EDGE('',*,*,#2313,.F.);
#2877 = ORIENTED_EDGE('',*,*,#2340,.T.);
#2878 = ORIENTED_EDGE('',*,*,#2626,.F.);
#2879 = ORIENTED_EDGE('',*,*,#2880,.T.);
#2880 = EDGE_CURVE('',#2619,#2881,#2883,.T.);
#2881 = VERTEX_POINT('',#2882);
#2882 = CARTESIAN_POINT('',(54.75,-72.,27.));
#2883 = CIRCLE('',#2884,2.);
#2884 = AXIS2_PLACEMENT_3D('',#2885,#2886,#2887);
#2885 = CARTESIAN_POINT('',(56.75,-72.,27.));
#2886 = DIRECTION('',(0.,-1.1E-16,1.));
#2887 = DIRECTION('',(0.,1.,1.1E-16));
#2888 = ORIENTED_EDGE('',*,*,#2889,.T.);
#2889 = EDGE_CURVE('',#2881,#2890,#2892,.T.);
#2890 = VERTEX_POINT('',#2891);
#2891 = CARTESIAN_POINT('',(54.75,-78.,27.));
#2892 = LINE('',#2893,#2894);
#2893 = CARTESIAN_POINT('',(54.75,-50.,27.));
#2894 = VECTOR('',#2895,1.);
#2895 = DIRECTION('',(0.,-1.,1.1E-16));
#2896 = ORIENTED_EDGE('',*,*,#2897,.F.);
#2897 = EDGE_CURVE('',#2053,#2890,#2898,.T.);
#2898 = CIRCLE('',#2899,2.);
#2899 = AXIS2_PLACEMENT_3D('',#2900,#2901,#2902);
#2900 = CARTESIAN_POINT('',(56.75,-78.,27.));
#2901 = DIRECTION('',(-0.,-4.4E-16,-1.));
#2902 = DIRECTION('',(0.,-1.,4.4E-16));
#2903 = ORIENTED_EDGE('',*,*,#2052,.T.);
#2904 = ORIENTED_EDGE('',*,*,#2136,.F.);
#2905 = PLANE('',#2906);
#2906 = AXIS2_PLACEMENT_3D('',#2907,#2908,#2909);
#2907 = CARTESIAN_POINT('',(54.75,-50.,27.));
#2908 = DIRECTION('',(0.,1.1E-16,1.));
#2909 = DIRECTION('',(1.,0.,0.));
#2910 = ADVANCED_FACE('',(#2911),#2922,.T.);
#2911 = FACE_BOUND('',#2912,.F.);
#2912 = EDGE_LOOP('',(#2913,#2914,#2920,#2921));
#2913 = ORIENTED_EDGE('',*,*,#2897,.T.);
#2914 = ORIENTED_EDGE('',*,*,#2915,.T.);
#2915 = EDGE_CURVE('',#2890,#2575,#2916,.T.);
#2916 = LINE('',#2917,#2918);
#2917 = CARTESIAN_POINT('',(54.75,-78.,27.));
#2918 = VECTOR('',#2919,1.);
#2919 = DIRECTION('',(0.,4.4E-16,1.));
#2920 = ORIENTED_EDGE('',*,*,#2582,.F.);
#2921 = ORIENTED_EDGE('',*,*,#2060,.F.);
#2922 = CYLINDRICAL_SURFACE('',#2923,2.);
#2923 = AXIS2_PLACEMENT_3D('',#2924,#2925,#2926);
#2924 = CARTESIAN_POINT('',(56.75,-78.,27.));
#2925 = DIRECTION('',(0.,4.4E-16,1.));
#2926 = DIRECTION('',(0.,-1.,4.4E-16));
#2927 = ADVANCED_FACE('',(#2928),#2949,.F.);
#2928 = FACE_BOUND('',#2929,.T.);
#2929 = EDGE_LOOP('',(#2930,#2931,#2932,#2940,#2947,#2948));
#2930 = ORIENTED_EDGE('',*,*,#2870,.T.);
#2931 = ORIENTED_EDGE('',*,*,#2249,.T.);
#2932 = ORIENTED_EDGE('',*,*,#2933,.T.);
#2933 = EDGE_CURVE('',#2184,#2934,#2936,.T.);
#2934 = VERTEX_POINT('',#2935);
#2935 = CARTESIAN_POINT('',(59.3,-75.,27.5));
#2936 = LINE('',#2937,#2938);
#2937 = CARTESIAN_POINT('',(59.3,-75.,27.5));
#2938 = VECTOR('',#2939,1.);
#2939 = DIRECTION('',(-0.707106781187,3.11E-15,0.707106781187));
#2940 = ORIENTED_EDGE('',*,*,#2941,.F.);
#2941 = EDGE_CURVE('',#2934,#2934,#2942,.T.);
#2942 = CIRCLE('',#2943,1.8);
#2943 = AXIS2_PLACEMENT_3D('',#2944,#2945,#2946);
#2944 = CARTESIAN_POINT('',(57.5,-75.,27.5));
#2945 = DIRECTION('',(0.,-4.4E-16,-1.));
#2946 = DIRECTION('',(1.,-3.95E-15,1.738E-30));
#2947 = ORIENTED_EDGE('',*,*,#2933,.F.);
#2948 = ORIENTED_EDGE('',*,*,#2191,.T.);
#2949 = CONICAL_SURFACE('',#2950,1.8,0.785398163397);
#2950 = AXIS2_PLACEMENT_3D('',#2951,#2952,#2953);
#2951 = CARTESIAN_POINT('',(57.5,-75.,27.5));
#2952 = DIRECTION('',(-0.,-4.4E-16,-1.));
#2953 = DIRECTION('',(1.,-3.95E-15,1.738E-30));
#2954 = ADVANCED_FACE('',(#2955),#2966,.T.);
#2955 = FACE_BOUND('',#2956,.T.);
#2956 = EDGE_LOOP('',(#2957,#2958,#2964,#2965));
#2957 = ORIENTED_EDGE('',*,*,#2446,.T.);
#2958 = ORIENTED_EDGE('',*,*,#2959,.T.);
#2959 = EDGE_CURVE('',#2437,#2794,#2960,.T.);
#2960 = LINE('',#2961,#2962);
#2961 = CARTESIAN_POINT('',(94.75,-72.,30.999999999996));
#2962 = VECTOR('',#2963,1.);
#2963 = DIRECTION('',(0.,1.1E-16,-1.));
#2964 = ORIENTED_EDGE('',*,*,#2801,.F.);
#2965 = ORIENTED_EDGE('',*,*,#2378,.F.);
#2966 = CYLINDRICAL_SURFACE('',#2967,2.);
#2967 = AXIS2_PLACEMENT_3D('',#2968,#2969,#2970);
#2968 = CARTESIAN_POINT('',(92.75,-72.,30.999999999996));
#2969 = DIRECTION('',(0.,1.1E-16,-1.));
#2970 = DIRECTION('',(0.,1.,1.1E-16));
#2971 = ADVANCED_FACE('',(#2972),#2998,.F.);
#2972 = FACE_BOUND('',#2973,.F.);
#2973 = EDGE_LOOP('',(#2974,#2982,#2983,#2991));
#2974 = ORIENTED_EDGE('',*,*,#2975,.F.);
#2975 = EDGE_CURVE('',#2401,#2976,#2978,.T.);
#2976 = VERTEX_POINT('',#2977);
#2977 = CARTESIAN_POINT('',(92.694358444936,-73.33931750477,
    30.499999999996));
#2978 = LINE('',#2979,#2980);
#2979 = CARTESIAN_POINT('',(92.694358444936,-73.33931750477,
    30.499999999996));
#2980 = VECTOR('',#2981,1.);
#2981 = DIRECTION('',(-0.272769758327,-0.652377696539,-0.707106781187));
#2982 = ORIENTED_EDGE('',*,*,#2400,.T.);
#2983 = ORIENTED_EDGE('',*,*,#2984,.T.);
#2984 = EDGE_CURVE('',#2403,#2985,#2987,.T.);
#2985 = VERTEX_POINT('',#2986);
#2986 = CARTESIAN_POINT('',(93.8,-75.,30.499999999996));
#2987 = LINE('',#2988,#2989);
#2988 = CARTESIAN_POINT('',(93.8,-75.,30.499999999996));
#2989 = VECTOR('',#2990,1.);
#2990 = DIRECTION('',(-0.707106781187,2.953E-14,-0.707106781187));
#2991 = ORIENTED_EDGE('',*,*,#2992,.F.);
#2992 = EDGE_CURVE('',#2976,#2985,#2993,.T.);
#2993 = CIRCLE('',#2994,1.8);
#2994 = AXIS2_PLACEMENT_3D('',#2995,#2996,#2997);
#2995 = CARTESIAN_POINT('',(92.,-75.,30.499999999996));
#2996 = DIRECTION('',(2.13E-15,-4.E-16,-1.));
#2997 = DIRECTION('',(0.385754691631,0.922601386236,4.526169386805E-16)
  );
#2998 = CONICAL_SURFACE('',#2999,1.8,0.785398163397);
#2999 = AXIS2_PLACEMENT_3D('',#3000,#3001,#3002);
#3000 = CARTESIAN_POINT('',(92.,-75.,30.499999999996));
#3001 = DIRECTION('',(-2.13E-15,4.E-16,1.));
#3002 = DIRECTION('',(0.385754691631,0.922601386236,4.526169386805E-16)
  );
#3003 = ADVANCED_FACE('',(#3004),#3030,.T.);
#3004 = FACE_BOUND('',#3005,.T.);
#3005 = EDGE_LOOP('',(#3006,#3014,#3028,#3029));
#3006 = ORIENTED_EDGE('',*,*,#3007,.T.);
#3007 = EDGE_CURVE('',#2412,#3008,#3010,.T.);
#3008 = VERTEX_POINT('',#3009);
#3009 = CARTESIAN_POINT('',(92.694358444936,-76.66068249522,
    30.499999999996));
#3010 = LINE('',#3011,#3012);
#3011 = CARTESIAN_POINT('',(92.694358444936,-76.66068249522,
    30.499999999996));
#3012 = VECTOR('',#3013,1.);
#3013 = DIRECTION('',(-0.272769758327,0.65237769654,-0.707106781187));
#3014 = ORIENTED_EDGE('',*,*,#3015,.T.);
#3015 = EDGE_CURVE('',#3008,#2976,#3016,.T.);
#3016 = B_SPLINE_CURVE_WITH_KNOTS('',10,(#3017,#3018,#3019,#3020,#3021,
    #3022,#3023,#3024,#3025,#3026,#3027),.UNSPECIFIED.,.F.,.F.,(11,11),(
    11.309733552923,18.390292801912),.PIECEWISE_BEZIER_KNOTS.);
#3017 = CARTESIAN_POINT('',(92.694358444936,-76.66068249522,
    30.499999999996));
#3018 = CARTESIAN_POINT('',(92.041778681115,-76.93353674117,
    30.499999999996));
#3019 = CARTESIAN_POINT('',(91.268547826419,-76.92220678472,
    30.499999999995));
#3020 = CARTESIAN_POINT('',(90.515676369888,-76.56404204006,
    30.499999999997));
#3021 = CARTESIAN_POINT('',(89.961615383206,-75.88473125584,
    30.499999999993));
#3022 = CARTESIAN_POINT('',(89.749071699928,-75.,30.499999999999));
#3023 = CARTESIAN_POINT('',(89.961615383207,-74.11526874415,
    30.499999999992));
#3024 = CARTESIAN_POINT('',(90.515676369887,-73.43595795994,
    30.499999999998));
#3025 = CARTESIAN_POINT('',(91.268547826419,-73.07779321527,
    30.499999999995));
#3026 = CARTESIAN_POINT('',(92.041778681115,-73.06646325882,
    30.499999999996));
#3027 = CARTESIAN_POINT('',(92.694358444936,-73.33931750477,
    30.499999999996));
#3028 = ORIENTED_EDGE('',*,*,#2975,.F.);
#3029 = ORIENTED_EDGE('',*,*,#2420,.F.);
#3030 = B_SPLINE_SURFACE_WITH_KNOTS('',1,10,(
    (#3031,#3032,#3033,#3034,#3035,#3036,#3037,#3038,#3039,#3040,#3041)
    ,(#3042,#3043,#3044,#3045,#3046,#3047,#3048,#3049,#3050,#3051,#3052
    )),.UNSPECIFIED.,.F.,.F.,.F.,(2,2),(11,11),(0.,7.080559248989),(
    11.309733552923,18.390292801912),.PIECEWISE_BEZIER_KNOTS.);
#3031 = CARTESIAN_POINT('',(92.887235790752,-77.12198318834,
    30.999999999996));
#3032 = CARTESIAN_POINT('',(92.053383870315,-77.47063028039,
    30.999999999996));
#3033 = CARTESIAN_POINT('',(91.065366667087,-77.45615311381,
    30.999999999996));
#3034 = CARTESIAN_POINT('',(90.10336425042,-76.99849816229,
    30.999999999995));
#3035 = CARTESIAN_POINT('',(89.395397434084,-76.13048993802,
    30.999999999995));
#3036 = CARTESIAN_POINT('',(89.123813838812,-75.,30.999999999996));
#3037 = CARTESIAN_POINT('',(89.395397434083,-73.86951006197,
    30.999999999996));
#3038 = CARTESIAN_POINT('',(90.103364250422,-73.0015018377,
    30.999999999995));
#3039 = CARTESIAN_POINT('',(91.065366667086,-72.54384688618,
    30.999999999996));
#3040 = CARTESIAN_POINT('',(92.053383870315,-72.5293697196,
    30.999999999995));
#3041 = CARTESIAN_POINT('',(92.887235790752,-72.87801681165,
    30.999999999996));
#3042 = CARTESIAN_POINT('',(92.694358444936,-76.66068249522,
    30.499999999996));
#3043 = CARTESIAN_POINT('',(92.041778681115,-76.93353674117,
    30.499999999996));
#3044 = CARTESIAN_POINT('',(91.268547826419,-76.92220678472,
    30.499999999995));
#3045 = CARTESIAN_POINT('',(90.515676369888,-76.56404204006,
    30.499999999997));
#3046 = CARTESIAN_POINT('',(89.961615383206,-75.88473125584,
    30.499999999993));
#3047 = CARTESIAN_POINT('',(89.749071699928,-75.,30.499999999999));
#3048 = CARTESIAN_POINT('',(89.961615383207,-74.11526874415,
    30.499999999992));
#3049 = CARTESIAN_POINT('',(90.515676369887,-73.43595795994,
    30.499999999998));
#3050 = CARTESIAN_POINT('',(91.268547826419,-73.07779321527,
    30.499999999995));
#3051 = CARTESIAN_POINT('',(92.041778681115,-73.06646325882,
    30.499999999996));
#3052 = CARTESIAN_POINT('',(92.694358444936,-73.33931750477,
    30.499999999996));
#3053 = ADVANCED_FACE('',(#3054),#3066,.F.);
#3054 = FACE_BOUND('',#3055,.F.);
#3055 = EDGE_LOOP('',(#3056,#3057,#3058,#3059));
#3056 = ORIENTED_EDGE('',*,*,#2984,.F.);
#3057 = ORIENTED_EDGE('',*,*,#2411,.T.);
#3058 = ORIENTED_EDGE('',*,*,#3007,.T.);
#3059 = ORIENTED_EDGE('',*,*,#3060,.F.);
#3060 = EDGE_CURVE('',#2985,#3008,#3061,.T.);
#3061 = CIRCLE('',#3062,1.8);
#3062 = AXIS2_PLACEMENT_3D('',#3063,#3064,#3065);
#3063 = CARTESIAN_POINT('',(92.,-75.,30.499999999996));
#3064 = DIRECTION('',(2.13E-15,-4.E-16,-1.));
#3065 = DIRECTION('',(1.,-5.92E-15,2.13E-15));
#3066 = CONICAL_SURFACE('',#3067,1.8,0.785398163397);
#3067 = AXIS2_PLACEMENT_3D('',#3068,#3069,#3070);
#3068 = CARTESIAN_POINT('',(92.,-75.,30.499999999996));
#3069 = DIRECTION('',(-2.13E-15,4.E-16,1.));
#3070 = DIRECTION('',(1.,-5.92E-15,2.13E-15));
#3071 = ADVANCED_FACE('',(#3072),#3078,.F.);
#3072 = FACE_BOUND('',#3073,.F.);
#3073 = EDGE_LOOP('',(#3074,#3075,#3076,#3077));
#3074 = ORIENTED_EDGE('',*,*,#2436,.F.);
#3075 = ORIENTED_EDGE('',*,*,#2959,.T.);
#3076 = ORIENTED_EDGE('',*,*,#2793,.T.);
#3077 = ORIENTED_EDGE('',*,*,#2854,.T.);
#3078 = PLANE('',#3079);
#3079 = AXIS2_PLACEMENT_3D('',#3080,#3081,#3082);
#3080 = CARTESIAN_POINT('',(94.75,-50.,27.));
#3081 = DIRECTION('',(-1.,0.,0.));
#3082 = DIRECTION('',(0.,1.1E-16,1.));
#3083 = ADVANCED_FACE('',(#3084),#3110,.F.);
#3084 = FACE_BOUND('',#3085,.F.);
#3085 = EDGE_LOOP('',(#3086,#3094,#3095,#3103));
#3086 = ORIENTED_EDGE('',*,*,#3087,.F.);
#3087 = EDGE_CURVE('',#2529,#3088,#3090,.T.);
#3088 = VERTEX_POINT('',#3089);
#3089 = CARTESIAN_POINT('',(59.300000000027,-75.,30.499999999996));
#3090 = LINE('',#3091,#3092);
#3091 = CARTESIAN_POINT('',(59.300000000027,-75.,30.499999999996));
#3092 = VECTOR('',#3093,1.);
#3093 = DIRECTION('',(-0.707106781187,3.9E-15,-0.707106781186));
#3094 = ORIENTED_EDGE('',*,*,#2528,.T.);
#3095 = ORIENTED_EDGE('',*,*,#3096,.T.);
#3096 = EDGE_CURVE('',#2531,#3097,#3099,.T.);
#3097 = VERTEX_POINT('',#3098);
#3098 = CARTESIAN_POINT('',(56.805641555091,-76.66068249522,
    30.499999999998));
#3099 = LINE('',#3100,#3101);
#3100 = CARTESIAN_POINT('',(56.805641555091,-76.66068249522,
    30.499999999998));
#3101 = VECTOR('',#3102,1.);
#3102 = DIRECTION('',(0.272769758326,0.65237769654,-0.707106781187));
#3103 = ORIENTED_EDGE('',*,*,#3104,.F.);
#3104 = EDGE_CURVE('',#3088,#3097,#3105,.T.);
#3105 = CIRCLE('',#3106,1.8);
#3106 = AXIS2_PLACEMENT_3D('',#3107,#3108,#3109);
#3107 = CARTESIAN_POINT('',(57.500000000027,-75.,30.499999999997));
#3108 = DIRECTION('',(-8.9884E-13,-4.1E-16,-1.));
#3109 = DIRECTION('',(1.,-5.92E-15,-8.9884E-13));
#3110 = CONICAL_SURFACE('',#3111,1.8,0.785398163397);
#3111 = AXIS2_PLACEMENT_3D('',#3112,#3113,#3114);
#3112 = CARTESIAN_POINT('',(57.500000000027,-75.,30.499999999997));
#3113 = DIRECTION('',(8.9884E-13,4.1E-16,1.));
#3114 = DIRECTION('',(1.,-5.92E-15,-8.9884E-13));
#3115 = ADVANCED_FACE('',(#3116),#3135,.F.);
#3116 = FACE_BOUND('',#3117,.F.);
#3117 = EDGE_LOOP('',(#3118,#3126,#3127,#3128));
#3118 = ORIENTED_EDGE('',*,*,#3119,.F.);
#3119 = EDGE_CURVE('',#2540,#3120,#3122,.T.);
#3120 = VERTEX_POINT('',#3121);
#3121 = CARTESIAN_POINT('',(56.805641555115,-73.33931750476,
    30.499999999998));
#3122 = LINE('',#3123,#3124);
#3123 = CARTESIAN_POINT('',(56.805641555115,-73.33931750476,
    30.499999999998));
#3124 = VECTOR('',#3125,1.);
#3125 = DIRECTION('',(0.272769758317,-0.652377696543,-0.707106781187));
#3126 = ORIENTED_EDGE('',*,*,#2548,.T.);
#3127 = ORIENTED_EDGE('',*,*,#3087,.T.);
#3128 = ORIENTED_EDGE('',*,*,#3129,.F.);
#3129 = EDGE_CURVE('',#3120,#3088,#3130,.T.);
#3130 = CIRCLE('',#3131,1.8);
#3131 = AXIS2_PLACEMENT_3D('',#3132,#3133,#3134);
#3132 = CARTESIAN_POINT('',(57.500000000027,-75.,30.499999999997));
#3133 = DIRECTION('',(-8.9884E-13,-4.1E-16,-1.));
#3134 = DIRECTION('',(-0.385754691644,0.92260138623,3.463534804693E-13)
  );
#3135 = CONICAL_SURFACE('',#3136,1.8,0.785398163397);
#3136 = AXIS2_PLACEMENT_3D('',#3137,#3138,#3139);
#3137 = CARTESIAN_POINT('',(57.500000000027,-75.,30.499999999997));
#3138 = DIRECTION('',(8.9884E-13,4.1E-16,1.));
#3139 = DIRECTION('',(-0.385754691644,0.92260138623,3.463534804693E-13)
  );
#3140 = ADVANCED_FACE('',(#3141),#3153,.F.);
#3141 = FACE_BOUND('',#3142,.F.);
#3142 = EDGE_LOOP('',(#3143,#3144,#3145,#3146));
#3143 = ORIENTED_EDGE('',*,*,#3096,.F.);
#3144 = ORIENTED_EDGE('',*,*,#2539,.T.);
#3145 = ORIENTED_EDGE('',*,*,#3119,.T.);
#3146 = ORIENTED_EDGE('',*,*,#3147,.F.);
#3147 = EDGE_CURVE('',#3097,#3120,#3148,.T.);
#3148 = CIRCLE('',#3149,1.8);
#3149 = AXIS2_PLACEMENT_3D('',#3150,#3151,#3152);
#3150 = CARTESIAN_POINT('',(57.500000000027,-75.,30.499999999997));
#3151 = DIRECTION('',(-8.9884E-13,-4.1E-16,-1.));
#3152 = DIRECTION('',(-0.385754691644,-0.92260138623,3.47110013606E-13)
  );
#3153 = CONICAL_SURFACE('',#3154,1.8,0.785398163397);
#3154 = AXIS2_PLACEMENT_3D('',#3155,#3156,#3157);
#3155 = CARTESIAN_POINT('',(57.500000000027,-75.,30.499999999997));
#3156 = DIRECTION('',(8.9884E-13,4.1E-16,1.));
#3157 = DIRECTION('',(-0.385754691644,-0.92260138623,3.47110013606E-13)
  );
#3158 = ADVANCED_FACE('',(#3159),#3170,.T.);
#3159 = FACE_BOUND('',#3160,.F.);
#3160 = EDGE_LOOP('',(#3161,#3162,#3168,#3169));
#3161 = ORIENTED_EDGE('',*,*,#2565,.T.);
#3162 = ORIENTED_EDGE('',*,*,#3163,.T.);
#3163 = EDGE_CURVE('',#2566,#2881,#3164,.T.);
#3164 = LINE('',#3165,#3166);
#3165 = CARTESIAN_POINT('',(54.75,-72.,31.));
#3166 = VECTOR('',#3167,1.);
#3167 = DIRECTION('',(0.,1.1E-16,-1.));
#3168 = ORIENTED_EDGE('',*,*,#2880,.F.);
#3169 = ORIENTED_EDGE('',*,*,#2618,.F.);
#3170 = CYLINDRICAL_SURFACE('',#3171,2.);
#3171 = AXIS2_PLACEMENT_3D('',#3172,#3173,#3174);
#3172 = CARTESIAN_POINT('',(56.75,-72.,31.));
#3173 = DIRECTION('',(0.,1.1E-16,-1.));
#3174 = DIRECTION('',(0.,1.,1.1E-16));
#3175 = ADVANCED_FACE('',(#3176),#3182,.T.);
#3176 = FACE_BOUND('',#3177,.T.);
#3177 = EDGE_LOOP('',(#3178,#3179,#3180,#3181));
#3178 = ORIENTED_EDGE('',*,*,#2574,.F.);
#3179 = ORIENTED_EDGE('',*,*,#3163,.T.);
#3180 = ORIENTED_EDGE('',*,*,#2889,.T.);
#3181 = ORIENTED_EDGE('',*,*,#2915,.T.);
#3182 = PLANE('',#3183);
#3183 = AXIS2_PLACEMENT_3D('',#3184,#3185,#3186);
#3184 = CARTESIAN_POINT('',(54.75,-50.,27.));
#3185 = DIRECTION('',(-1.,0.,0.));
#3186 = DIRECTION('',(0.,1.1E-16,1.));
#3187 = ADVANCED_FACE('',(#3188),#3201,.F.);
#3188 = FACE_BOUND('',#3189,.T.);
#3189 = EDGE_LOOP('',(#3190,#3196,#3197,#3198,#3199,#3200));
#3190 = ORIENTED_EDGE('',*,*,#3191,.F.);
#3191 = EDGE_CURVE('',#2645,#2699,#3192,.T.);
#3192 = LINE('',#3193,#3194);
#3193 = CARTESIAN_POINT('',(59.3,-55.,-6.6E-16));
#3194 = VECTOR('',#3195,1.);
#3195 = DIRECTION('',(0.,-1.1E-16,1.));
#3196 = ORIENTED_EDGE('',*,*,#2652,.T.);
#3197 = ORIENTED_EDGE('',*,*,#3191,.T.);
#3198 = ORIENTED_EDGE('',*,*,#2740,.F.);
#3199 = ORIENTED_EDGE('',*,*,#2758,.F.);
#3200 = ORIENTED_EDGE('',*,*,#2715,.F.);
#3201 = CYLINDRICAL_SURFACE('',#3202,1.8);
#3202 = AXIS2_PLACEMENT_3D('',#3203,#3204,#3205);
#3203 = CARTESIAN_POINT('',(57.5,-55.,-6.6E-16));
#3204 = DIRECTION('',(0.,1.1E-16,-1.));
#3205 = DIRECTION('',(1.,0.,0.));
#3206 = ADVANCED_FACE('',(#3207),#3220,.F.);
#3207 = FACE_BOUND('',#3208,.T.);
#3208 = EDGE_LOOP('',(#3209,#3215,#3216,#3217,#3218,#3219));
#3209 = ORIENTED_EDGE('',*,*,#3210,.F.);
#3210 = EDGE_CURVE('',#2830,#2985,#3211,.T.);
#3211 = LINE('',#3212,#3213);
#3212 = CARTESIAN_POINT('',(93.8,-75.,-2.88E-15));
#3213 = VECTOR('',#3214,1.);
#3214 = DIRECTION('',(0.,-1.1E-16,1.));
#3215 = ORIENTED_EDGE('',*,*,#2837,.T.);
#3216 = ORIENTED_EDGE('',*,*,#3210,.T.);
#3217 = ORIENTED_EDGE('',*,*,#2992,.F.);
#3218 = ORIENTED_EDGE('',*,*,#3015,.F.);
#3219 = ORIENTED_EDGE('',*,*,#3060,.F.);
#3220 = CYLINDRICAL_SURFACE('',#3221,1.8);
#3221 = AXIS2_PLACEMENT_3D('',#3222,#3223,#3224);
#3222 = CARTESIAN_POINT('',(92.,-75.,-2.88E-15));
#3223 = DIRECTION('',(0.,1.1E-16,-1.));
#3224 = DIRECTION('',(1.,0.,0.));
#3225 = ADVANCED_FACE('',(#3226),#3239,.F.);
#3226 = FACE_BOUND('',#3227,.T.);
#3227 = EDGE_LOOP('',(#3228,#3234,#3235,#3236,#3237,#3238));
#3228 = ORIENTED_EDGE('',*,*,#3229,.F.);
#3229 = EDGE_CURVE('',#2934,#3088,#3230,.T.);
#3230 = LINE('',#3231,#3232);
#3231 = CARTESIAN_POINT('',(59.3,-75.,-2.88E-15));
#3232 = VECTOR('',#3233,1.);
#3233 = DIRECTION('',(0.,-1.1E-16,1.));
#3234 = ORIENTED_EDGE('',*,*,#2941,.T.);
#3235 = ORIENTED_EDGE('',*,*,#3229,.T.);
#3236 = ORIENTED_EDGE('',*,*,#3129,.F.);
#3237 = ORIENTED_EDGE('',*,*,#3147,.F.);
#3238 = ORIENTED_EDGE('',*,*,#3104,.F.);
#3239 = CYLINDRICAL_SURFACE('',#3240,1.8);
#3240 = AXIS2_PLACEMENT_3D('',#3241,#3242,#3243);
#3241 = CARTESIAN_POINT('',(57.5,-75.,-2.88E-15));
#3242 = DIRECTION('',(0.,1.1E-16,-1.));
#3243 = DIRECTION('',(1.,0.,0.));
#3244 = ( GEOMETRIC_REPRESENTATION_CONTEXT(3) 
GLOBAL_UNCERTAINTY_ASSIGNED_CONTEXT((#3248)) 
GLOBAL_UNIT_ASSIGNED_CONTEXT((#3245,#3246,#3247)) REPRESENTATION_CONTEXT
('Context #1','3D Context with UNIT and UNCERTAINTY') );
#3245 = ( LENGTH_UNIT() NAMED_UNIT(*) SI_UNIT(.MILLI.,.METRE.) );
#3246 = ( NAMED_UNIT(*) PLANE_ANGLE_UNIT() SI_UNIT($,.RADIAN.) );
#3247 = ( NAMED_UNIT(*) SI_UNIT($,.STERADIAN.) SOLID_ANGLE_UNIT() );
#3248 = UNCERTAINTY_MEASURE_WITH_UNIT(LENGTH_MEASURE(1.E-04),#3245,
  'distance_accuracy_value','confusion accuracy');
#3249 = PRODUCT_RELATED_PRODUCT_CATEGORY('part',$,(#7));
#3250 = MECHANICAL_DESIGN_GEOMETRIC_PRESENTATION_REPRESENTATION('',(
    #3251),#3244);
#3251 = STYLED_ITEM('color',(#3252),#15);
#3252 = PRESENTATION_STYLE_ASSIGNMENT((#3253,#3259));
#3253 = SURFACE_STYLE_USAGE(.BOTH.,#3254);
#3254 = SURFACE_SIDE_STYLE('',(#3255));
#3255 = SURFACE_STYLE_FILL_AREA(#3256);
#3256 = FILL_AREA_STYLE('',(#3257));
#3257 = FILL_AREA_STYLE_COLOUR('',#3258);
#3258 = COLOUR_RGB('',0.678431390124,0.709803936702,0.741176476869);
#3259 = CURVE_STYLE('',#3260,POSITIVE_LENGTH_MEASURE(0.1),#3261);
#3260 = DRAUGHTING_PRE_DEFINED_CURVE_FONT('continuous');
#3261 = COLOUR_RGB('',9.803921802644E-02,9.803921802644E-02,
  9.803921802644E-02);
ENDSEC;
END-ISO-10303-21;
