ISO-10303-21;
HEADER;
FILE_DESCRIPTION(('FreeCAD Model'),'2;1');
FILE_NAME('Open CASCADE Shape Model','2026-09-13T19:03:28',(''),(''),
  'Open CASCADE STEP processor 7.8','FreeCAD','Unknown');
FILE_SCHEMA(('AUTOMOTIVE_DESIGN { 1 0 10303 214 1 1 1 1 }'));
ENDSEC;
DATA;
#1 = APPLICATION_PROTOCOL_DEFINITION('international standard',
  'automotive_design',2000,#2);
#2 = APPLICATION_CONTEXT(
  'core data for automotive mechanical design processes');
#3 = SHAPE_DEFINITION_REPRESENTATION(#4,#10);
#4 = PRODUCT_DEFINITION_SHAPE('','',#5);
#5 = PRODUCT_DEFINITION('design','',#6,#9);
#6 = PRODUCT_DEFINITION_FORMATION('','',#7);
#7 = PRODUCT('Base','Base','',(#8));
#8 = PRODUCT_CONTEXT('',#2,'mechanical');
#9 = PRODUCT_DEFINITION_CONTEXT('part definition',#2,'design');
#10 = ADVANCED_BREP_SHAPE_REPRESENTATION('',(#11,#15),#11026);
#11 = AXIS2_PLACEMENT_3D('',#12,#13,#14);
#12 = CARTESIAN_POINT('',(0.,0.,0.));
#13 = DIRECTION('',(0.,0.,1.));
#14 = DIRECTION('',(1.,0.,-0.));
#15 = MANIFOLD_SOLID_BREP('',#16);
#16 = CLOSED_SHELL('',(#17,#79,#140,#289,#314,#339,#472,#497,#548,#565,
    #582,#615,#654,#786,#803,#854,#920,#1004,#1037,#1070,#1202,#1268,
    #1352,#1385,#1394,#1419,#1584,#1609,#1634,#1667,#1692,#1709,#1770,
    #1788,#1800,#1825,#1850,#1875,#1908,#1933,#1950,#1975,#1992,#2031,
    #2049,#2061,#2086,#2103,#2115,#2430,#2455,#2467,#2491,#2550,#2575,
    #2599,#2624,#2649,#2673,#2725,#2750,#2775,#2793,#2810,#2835,#2853,
    #2870,#2882,#2894,#2906,#2951,#2977,#3041,#3092,#3169,#3220,#3297,
    #3361,#3387,#3429,#3462,#3513,#3538,#3589,#3614,#3665,#3690,#3732,
    #3808,#3834,#3860,#3886,#3919,#3945,#3971,#3996,#4021,#4047,#4073,
    #4090,#4115,#4166,#4190,#4247,#4264,#4281,#4290,#4302,#4327,#4367,
    #4419,#4510,#4558,#4610,#4673,#4764,#4795,#4847,#4895,#4985,#5065,
    #5090,#5121,#5139,#5191,#5222,#5274,#5298,#5329,#5380,#5404,#5446,
    #5498,#5515,#5539,#5581,#5599,#5611,#5628,#5653,#5678,#5703,#5767,
    #5792,#5817,#5874,#5948,#5973,#5998,#6047,#6064,#6125,#6137,#6163,
    #6194,#6212,#6267,#6314,#6332,#6374,#6447,#6509,#6560,#6593,#6618,
    #6663,#6675,#6693,#6705,#6723,#6770,#6821,#6846,#6871,#6933,#6959,
    #6976,#7025,#7042,#7091,#7109,#7158,#7175,#7224,#7256,#7302,#7316,
    #7342,#7368,#7394,#7427,#7460,#7485,#7510,#7528,#7545,#7562,#7587,
    #7612,#7637,#7663,#7680,#7705,#7730,#7755,#7781,#7806,#7831,#7849,
    #7918,#7942,#7975,#8006,#8059,#8084,#8109,#8134,#8159,#8179,#8212,
    #8245,#8270,#8294,#8320,#8337,#8362,#8386,#8412,#8429,#8441,#8502,
    #8563,#8612,#8636,#8661,#8687,#8712,#8736,#8762,#8823,#8884,#8933,
    #8953,#8999,#9045,#9091,#9137,#9157,#9177,#9197,#9230,#9274,#9365,
    #9389,#9418,#9442,#9467,#9484,#9532,#9557,#9581,#9605,#9623,#9641,
    #9688,#9706,#9731,#9756,#9781,#9798,#9816,#9837,#9862,#9882,#9902,
    #9922,#9942,#9967,#9984,#10001,#10026,#10044,#10072,#10097,#10115,
    #10143,#10161,#10179,#10201,#10226,#10251,#10269,#10297,#10309,
    #10334,#10359,#10384,#10409,#10427,#10445,#10470,#10482,#10512,
    #10524,#10536,#10560,#10571,#10596,#10607,#10632,#10657,#10682,
    #10707,#10732,#10757,#10766,#10775,#10784,#10793,#10818,#10843,
    #10868,#10893,#10918,#10927,#10936,#10945,#10954,#10963,#10972,
    #10981,#10990,#10999,#11008,#11017));
#17 = ADVANCED_FACE('',(#18,#40),#74,.T.);
#18 = FACE_BOUND('',#19,.T.);
#19 = EDGE_LOOP('',(#20));
#20 = ORIENTED_EDGE('',*,*,#21,.F.);
#21 = EDGE_CURVE('',#22,#22,#24,.T.);
#22 = VERTEX_POINT('',#23);
#23 = CARTESIAN_POINT('',(59.832468592737,-11.6,26.999999999756));
#24 = B_SPLINE_CURVE_WITH_KNOTS('',14,(#25,#26,#27,#28,#29,#30,#31,#32,
    #33,#34,#35,#36,#37,#38,#39),.UNSPECIFIED.,.T.,.F.,(15,15),(4.4E-16,
    8.293804605477),.PIECEWISE_BEZIER_KNOTS.);
#25 = CARTESIAN_POINT('',(59.832468592737,-11.6,26.999999999756));
#26 = CARTESIAN_POINT('',(59.832468592753,-10.79500170055,
    26.999999999766));
#27 = CARTESIAN_POINT('',(59.449089319917,-9.972867523463,26.99999999964
    ));
#28 = CARTESIAN_POINT('',(58.655295766427,-9.347880890408,
    26.999999999651));
#29 = CARTESIAN_POINT('',(57.572618471253,-9.142415007117,
    26.999999999111));
#30 = CARTESIAN_POINT('',(56.451089323188,-9.549117366335,
    26.999999999442));
#31 = CARTESIAN_POINT('',(55.698725823072,-10.3543607026,26.99999999861)
  );
#32 = CARTESIAN_POINT('',(55.222773391664,-11.60000000004,26.99999999923
    ));
#33 = CARTESIAN_POINT('',(55.69872582322,-12.84563929731,26.999999998725
    ));
#34 = CARTESIAN_POINT('',(56.45108932297,-13.65088263372,26.999999999274
    ));
#35 = CARTESIAN_POINT('',(57.572618471444,-14.05758499284,
    26.999999999255));
#36 = CARTESIAN_POINT('',(58.655295766312,-13.8521191096,26.999999999565
    ));
#37 = CARTESIAN_POINT('',(59.449089319964,-13.22713247653,
    26.999999999675));
#38 = CARTESIAN_POINT('',(59.832468592742,-12.40499829945,
    26.999999999758));
#39 = CARTESIAN_POINT('',(59.832468592737,-11.6,26.999999999756));
#40 = FACE_BOUND('',#41,.T.);
#41 = EDGE_LOOP('',(#42,#52,#60,#68));
#42 = ORIENTED_EDGE('',*,*,#43,.F.);
#43 = EDGE_CURVE('',#44,#46,#48,.T.);
#44 = VERTEX_POINT('',#45);
#45 = CARTESIAN_POINT('',(55.834475018866,-7.1,26.999999999005));
#46 = VERTEX_POINT('',#47);
#47 = CARTESIAN_POINT('',(60.024999999812,-7.1,26.999999999792));
#48 = LINE('',#49,#50);
#49 = CARTESIAN_POINT('',(53.489101614952,-7.1,27.));
#50 = VECTOR('',#51,1.);
#51 = DIRECTION('',(1.,0.,3.E-14));
#52 = ORIENTED_EDGE('',*,*,#53,.T.);
#53 = EDGE_CURVE('',#44,#54,#56,.T.);
#54 = VERTEX_POINT('',#55);
#55 = CARTESIAN_POINT('',(55.834475018866,-16.1,26.999999999005));
#56 = LINE('',#57,#58);
#57 = CARTESIAN_POINT('',(55.834475018866,-7.1,26.999999999005));
#58 = VECTOR('',#59,1.);
#59 = DIRECTION('',(0.,-1.,2.2E-16));
#60 = ORIENTED_EDGE('',*,*,#61,.F.);
#61 = EDGE_CURVE('',#62,#54,#64,.T.);
#62 = VERTEX_POINT('',#63);
#63 = CARTESIAN_POINT('',(60.024999999812,-16.1,26.999999999792));
#64 = LINE('',#65,#66);
#65 = CARTESIAN_POINT('',(61.024999999999,-16.1,27.000000000001));
#66 = VECTOR('',#67,1.);
#67 = DIRECTION('',(-1.,0.,-3.E-14));
#68 = ORIENTED_EDGE('',*,*,#69,.F.);
#69 = EDGE_CURVE('',#46,#62,#70,.T.);
#70 = LINE('',#71,#72);
#71 = CARTESIAN_POINT('',(60.024999999812,-7.1,26.999999999792));
#72 = VECTOR('',#73,1.);
#73 = DIRECTION('',(0.,-1.,2.2E-16));
#74 = PLANE('',#75);
#75 = AXIS2_PLACEMENT_3D('',#76,#77,#78);
#76 = CARTESIAN_POINT('',(57.334419934881,-11.6,26.999999999286));
#77 = DIRECTION('',(-1.8797477E-10,-8.49E-15,1.));
#78 = DIRECTION('',(1.,0.,1.8797477E-10));
#79 = ADVANCED_FACE('',(#80),#109,.F.);
#80 = FACE_BOUND('',#81,.F.);
#81 = EDGE_LOOP('',(#82,#89,#107,#108));
#82 = ORIENTED_EDGE('',*,*,#83,.T.);
#83 = EDGE_CURVE('',#22,#84,#86,.T.);
#84 = VERTEX_POINT('',#85);
#85 = CARTESIAN_POINT('',(59.332468592845,-11.6,26.499999999636));
#86 = B_SPLINE_CURVE_WITH_KNOTS('',1,(#87,#88),.UNSPECIFIED.,.F.,.F.,(2,
    2),(0.,8.293804605477),.PIECEWISE_BEZIER_KNOTS.);
#87 = CARTESIAN_POINT('',(59.832468592737,-11.6,26.999999999756));
#88 = CARTESIAN_POINT('',(59.332468592845,-11.6,26.499999999636));
#89 = ORIENTED_EDGE('',*,*,#90,.T.);
#90 = EDGE_CURVE('',#84,#84,#91,.T.);
#91 = B_SPLINE_CURVE_WITH_KNOTS('',14,(#92,#93,#94,#95,#96,#97,#98,#99,
    #100,#101,#102,#103,#104,#105,#106),.UNSPECIFIED.,.T.,.F.,(15,15),(
    4.4E-16,8.293804605477),.PIECEWISE_BEZIER_KNOTS.);
#92 = CARTESIAN_POINT('',(59.332468592845,-11.6,26.499999999636));
#93 = CARTESIAN_POINT('',(59.332468592866,-11.01615507952,
    26.499999999648));
#94 = CARTESIAN_POINT('',(59.054413296031,-10.41988194007,
    26.499999999518));
#95 = CARTESIAN_POINT('',(58.478694894759,-9.966594931548,
    26.499999999607));
#96 = CARTESIAN_POINT('',(57.69345641659,-9.817575719354,26.499999998978
    ));
#97 = CARTESIAN_POINT('',(56.880039672432,-10.11254666145,
    26.499999999574));
#98 = CARTESIAN_POINT('',(56.334369440779,-10.69656930056,
    26.499999998413));
#99 = CARTESIAN_POINT('',(55.989173172722,-11.60000000028,
    26.499999999506));
#100 = CARTESIAN_POINT('',(56.334369440976,-12.50343069891,
    26.499999998485));
#101 = CARTESIAN_POINT('',(56.880039672148,-13.08745333892,
    26.499999999468));
#102 = CARTESIAN_POINT('',(57.693456416835,-13.38242428042,
    26.499999999069));
#103 = CARTESIAN_POINT('',(58.478694894615,-13.23340506855,
    26.499999999554));
#104 = CARTESIAN_POINT('',(59.054413296089,-12.78011805988,
    26.499999999539));
#105 = CARTESIAN_POINT('',(59.332468592852,-12.18384492048,
    26.499999999643));
#106 = CARTESIAN_POINT('',(59.332468592845,-11.6,26.499999999635));
#107 = ORIENTED_EDGE('',*,*,#83,.F.);
#108 = ORIENTED_EDGE('',*,*,#21,.F.);
#109 = B_SPLINE_SURFACE_WITH_KNOTS('',1,14,(
    (#110,#111,#112,#113,#114,#115,#116,#117,#118,#119,#120,#121,#122
      ,#123,#124)
    ,(#125,#126,#127,#128,#129,#130,#131,#132,#133,#134,#135,#136,#137
      ,#138,#139
    )),.UNSPECIFIED.,.F.,.T.,.F.,(2,2),(15,15),(0.,8.293804605477),(
    4.4E-16,8.293804605477),.PIECEWISE_BEZIER_KNOTS.);
#110 = CARTESIAN_POINT('',(59.832468592737,-11.6,26.999999999756));
#111 = CARTESIAN_POINT('',(59.832468592753,-10.79500170055,
    26.999999999766));
#112 = CARTESIAN_POINT('',(59.449089319917,-9.972867523463,
    26.99999999964));
#113 = CARTESIAN_POINT('',(58.655295766427,-9.347880890408,
    26.999999999651));
#114 = CARTESIAN_POINT('',(57.572618471253,-9.142415007117,
    26.999999999111));
#115 = CARTESIAN_POINT('',(56.451089323188,-9.549117366335,
    26.999999999442));
#116 = CARTESIAN_POINT('',(55.698725823072,-10.3543607026,26.99999999861
    ));
#117 = CARTESIAN_POINT('',(55.222773391664,-11.60000000004,
    26.99999999923));
#118 = CARTESIAN_POINT('',(55.69872582322,-12.84563929731,
    26.999999998725));
#119 = CARTESIAN_POINT('',(56.45108932297,-13.65088263372,
    26.999999999274));
#120 = CARTESIAN_POINT('',(57.572618471444,-14.05758499284,
    26.999999999255));
#121 = CARTESIAN_POINT('',(58.655295766312,-13.8521191096,
    26.999999999565));
#122 = CARTESIAN_POINT('',(59.449089319964,-13.22713247653,
    26.999999999675));
#123 = CARTESIAN_POINT('',(59.832468592742,-12.40499829945,
    26.999999999758));
#124 = CARTESIAN_POINT('',(59.832468592737,-11.6,26.999999999756));
#125 = CARTESIAN_POINT('',(59.332468592845,-11.6,26.499999999636));
#126 = CARTESIAN_POINT('',(59.332468592866,-11.01615507952,
    26.499999999648));
#127 = CARTESIAN_POINT('',(59.054413296031,-10.41988194007,
    26.499999999518));
#128 = CARTESIAN_POINT('',(58.478694894759,-9.966594931548,
    26.499999999607));
#129 = CARTESIAN_POINT('',(57.69345641659,-9.817575719354,
    26.499999998978));
#130 = CARTESIAN_POINT('',(56.880039672432,-10.11254666145,
    26.499999999574));
#131 = CARTESIAN_POINT('',(56.334369440779,-10.69656930056,
    26.499999998413));
#132 = CARTESIAN_POINT('',(55.989173172722,-11.60000000028,
    26.499999999506));
#133 = CARTESIAN_POINT('',(56.334369440976,-12.50343069891,
    26.499999998485));
#134 = CARTESIAN_POINT('',(56.880039672148,-13.08745333892,
    26.499999999468));
#135 = CARTESIAN_POINT('',(57.693456416835,-13.38242428042,
    26.499999999069));
#136 = CARTESIAN_POINT('',(58.478694894615,-13.23340506855,
    26.499999999554));
#137 = CARTESIAN_POINT('',(59.054413296089,-12.78011805988,
    26.499999999539));
#138 = CARTESIAN_POINT('',(59.332468592852,-12.18384492048,
    26.499999999643));
#139 = CARTESIAN_POINT('',(59.332468592845,-11.6,26.499999999635));
#140 = ADVANCED_FACE('',(#141),#284,.T.);
#141 = FACE_BOUND('',#142,.T.);
#142 = EDGE_LOOP('',(#143,#144,#153,#161,#169,#177,#185,#193,#202,#210,
    #218,#226,#234,#242,#251,#259,#268,#277));
#143 = ORIENTED_EDGE('',*,*,#43,.T.);
#144 = ORIENTED_EDGE('',*,*,#145,.F.);
#145 = EDGE_CURVE('',#146,#46,#148,.T.);
#146 = VERTEX_POINT('',#147);
#147 = CARTESIAN_POINT('',(61.025,-7.1,25.999999999792));
#148 = CIRCLE('',#149,1.);
#149 = AXIS2_PLACEMENT_3D('',#150,#151,#152);
#150 = CARTESIAN_POINT('',(60.025,-7.1,25.999999999792));
#151 = DIRECTION('',(0.,-1.,2.2E-16));
#152 = DIRECTION('',(0.,-2.2E-16,-1.));
#153 = ORIENTED_EDGE('',*,*,#154,.F.);
#154 = EDGE_CURVE('',#155,#146,#157,.T.);
#155 = VERTEX_POINT('',#156);
#156 = CARTESIAN_POINT('',(61.025,-7.1,27.000000000001));
#157 = LINE('',#158,#159);
#158 = CARTESIAN_POINT('',(61.025,-7.1,23.716218222227));
#159 = VECTOR('',#160,1.);
#160 = DIRECTION('',(1.415E-14,3.5E-15,-1.));
#161 = ORIENTED_EDGE('',*,*,#162,.T.);
#162 = EDGE_CURVE('',#155,#163,#165,.T.);
#163 = VERTEX_POINT('',#164);
#164 = CARTESIAN_POINT('',(61.025,-7.1,29.000000000001));
#165 = LINE('',#166,#167);
#166 = CARTESIAN_POINT('',(61.025,-7.1,27.000000000001));
#167 = VECTOR('',#168,1.);
#168 = DIRECTION('',(-3.004E-14,-8.49E-15,1.));
#169 = ORIENTED_EDGE('',*,*,#170,.F.);
#170 = EDGE_CURVE('',#171,#163,#173,.T.);
#171 = VERTEX_POINT('',#172);
#172 = CARTESIAN_POINT('',(53.489101614952,-7.1,29.));
#173 = LINE('',#174,#175);
#174 = CARTESIAN_POINT('',(53.489101614952,-7.1,29.));
#175 = VECTOR('',#176,1.);
#176 = DIRECTION('',(1.,0.,3.E-14));
#177 = ORIENTED_EDGE('',*,*,#178,.F.);
#178 = EDGE_CURVE('',#179,#171,#181,.T.);
#179 = VERTEX_POINT('',#180);
#180 = CARTESIAN_POINT('',(53.489101614952,-7.1,26.99999999935));
#181 = LINE('',#182,#183);
#182 = CARTESIAN_POINT('',(53.489101614952,-7.1,27.));
#183 = VECTOR('',#184,1.);
#184 = DIRECTION('',(-3.004E-14,-8.49E-15,1.));
#185 = ORIENTED_EDGE('',*,*,#186,.T.);
#186 = EDGE_CURVE('',#179,#187,#189,.T.);
#187 = VERTEX_POINT('',#188);
#188 = CARTESIAN_POINT('',(53.489101614952,-7.1,24.627718676507));
#189 = LINE('',#190,#191);
#190 = CARTESIAN_POINT('',(53.489101614952,-7.1,27.076683338507));
#191 = VECTOR('',#192,1.);
#192 = DIRECTION('',(3.004E-14,3.5E-15,-1.));
#193 = ORIENTED_EDGE('',*,*,#194,.T.);
#194 = EDGE_CURVE('',#187,#195,#197,.T.);
#195 = VERTEX_POINT('',#196);
#196 = CARTESIAN_POINT('',(46.560898384862,-7.1,24.627718676731));
#197 = CIRCLE('',#198,4.5);
#198 = AXIS2_PLACEMENT_3D('',#199,#200,#201);
#199 = CARTESIAN_POINT('',(50.025,-7.1,27.5));
#200 = DIRECTION('',(3.1E-16,1.,3.5E-15));
#201 = DIRECTION('',(0.989743318558,1.931795725356E-16,-0.142857143225)
  );
#202 = ORIENTED_EDGE('',*,*,#203,.F.);
#203 = EDGE_CURVE('',#204,#195,#206,.T.);
#204 = VERTEX_POINT('',#205);
#205 = CARTESIAN_POINT('',(46.560898384862,-7.1,27.000000000001));
#206 = LINE('',#207,#208);
#207 = CARTESIAN_POINT('',(46.560898384862,-7.1,27.076683338506));
#208 = VECTOR('',#209,1.);
#209 = DIRECTION('',(3.004E-14,3.5E-15,-1.));
#210 = ORIENTED_EDGE('',*,*,#211,.T.);
#211 = EDGE_CURVE('',#204,#212,#214,.T.);
#212 = VERTEX_POINT('',#213);
#213 = CARTESIAN_POINT('',(46.560898384862,-7.1,29.));
#214 = LINE('',#215,#216);
#215 = CARTESIAN_POINT('',(46.560898384862,-7.1,27.));
#216 = VECTOR('',#217,1.);
#217 = DIRECTION('',(-3.004E-14,-8.49E-15,1.));
#218 = ORIENTED_EDGE('',*,*,#219,.F.);
#219 = EDGE_CURVE('',#220,#212,#222,.T.);
#220 = VERTEX_POINT('',#221);
#221 = CARTESIAN_POINT('',(39.025,-7.1,29.));
#222 = LINE('',#223,#224);
#223 = CARTESIAN_POINT('',(39.024999999999,-7.1,29.));
#224 = VECTOR('',#225,1.);
#225 = DIRECTION('',(1.,0.,3.E-14));
#226 = ORIENTED_EDGE('',*,*,#227,.F.);
#227 = EDGE_CURVE('',#228,#220,#230,.T.);
#228 = VERTEX_POINT('',#229);
#229 = CARTESIAN_POINT('',(39.024999999999,-7.1,27.));
#230 = LINE('',#231,#232);
#231 = CARTESIAN_POINT('',(39.024999999999,-7.1,27.));
#232 = VECTOR('',#233,1.);
#233 = DIRECTION('',(-3.004E-14,-8.49E-15,1.));
#234 = ORIENTED_EDGE('',*,*,#235,.T.);
#235 = EDGE_CURVE('',#228,#236,#238,.T.);
#236 = VERTEX_POINT('',#237);
#237 = CARTESIAN_POINT('',(39.025,-7.1,26.));
#238 = LINE('',#239,#240);
#239 = CARTESIAN_POINT('',(39.025,-7.1,23.716218222227));
#240 = VECTOR('',#241,1.);
#241 = DIRECTION('',(2.611E-14,3.5E-15,-1.));
#242 = ORIENTED_EDGE('',*,*,#243,.T.);
#243 = EDGE_CURVE('',#236,#244,#246,.T.);
#244 = VERTEX_POINT('',#245);
#245 = CARTESIAN_POINT('',(40.025,-7.1,27.));
#246 = CIRCLE('',#247,1.);
#247 = AXIS2_PLACEMENT_3D('',#248,#249,#250);
#248 = CARTESIAN_POINT('',(40.025,-7.1,26.));
#249 = DIRECTION('',(0.,1.,-2.2E-16));
#250 = DIRECTION('',(0.,-2.2E-16,-1.));
#251 = ORIENTED_EDGE('',*,*,#252,.T.);
#252 = EDGE_CURVE('',#244,#253,#255,.T.);
#253 = VERTEX_POINT('',#254);
#254 = CARTESIAN_POINT('',(44.215524980689,-7.1,27.));
#255 = LINE('',#256,#257);
#256 = CARTESIAN_POINT('',(39.024999999999,-7.1,27.));
#257 = VECTOR('',#258,1.);
#258 = DIRECTION('',(1.,0.,3.E-14));
#259 = ORIENTED_EDGE('',*,*,#260,.F.);
#260 = EDGE_CURVE('',#261,#253,#263,.T.);
#261 = VERTEX_POINT('',#262);
#262 = CARTESIAN_POINT('',(45.183770817241,-7.1,26.25));
#263 = CIRCLE('',#264,1.);
#264 = AXIS2_PLACEMENT_3D('',#265,#266,#267);
#265 = CARTESIAN_POINT('',(44.215524980689,-7.1,26.));
#266 = DIRECTION('',(0.,-1.,2.2E-16));
#267 = DIRECTION('',(0.,-2.2E-16,-1.));
#268 = ORIENTED_EDGE('',*,*,#269,.F.);
#269 = EDGE_CURVE('',#270,#261,#272,.T.);
#270 = VERTEX_POINT('',#271);
#271 = CARTESIAN_POINT('',(54.866229182545,-7.1,26.249999999171));
#272 = CIRCLE('',#273,5.);
#273 = AXIS2_PLACEMENT_3D('',#274,#275,#276);
#274 = CARTESIAN_POINT('',(50.025,-7.1,27.5));
#275 = DIRECTION('',(0.,1.,-0.));
#276 = DIRECTION('',(-1.,0.,0.));
#277 = ORIENTED_EDGE('',*,*,#278,.T.);
#278 = EDGE_CURVE('',#270,#44,#279,.T.);
#279 = CIRCLE('',#280,1.);
#280 = AXIS2_PLACEMENT_3D('',#281,#282,#283);
#281 = CARTESIAN_POINT('',(55.834475019054,-7.1,25.999999999005));
#282 = DIRECTION('',(0.,1.,-2.2E-16));
#283 = DIRECTION('',(0.,-2.2E-16,-1.));
#284 = PLANE('',#285);
#285 = AXIS2_PLACEMENT_3D('',#286,#287,#288);
#286 = CARTESIAN_POINT('',(50.024999999857,-7.1,27.153366677013));
#287 = DIRECTION('',(-3.1E-16,-1.,-3.5E-15));
#288 = DIRECTION('',(0.,3.5E-15,-1.));
#289 = ADVANCED_FACE('',(#290),#309,.T.);
#290 = FACE_BOUND('',#291,.T.);
#291 = EDGE_LOOP('',(#292,#293,#294,#303));
#292 = ORIENTED_EDGE('',*,*,#145,.T.);
#293 = ORIENTED_EDGE('',*,*,#69,.T.);
#294 = ORIENTED_EDGE('',*,*,#295,.F.);
#295 = EDGE_CURVE('',#296,#62,#298,.T.);
#296 = VERTEX_POINT('',#297);
#297 = CARTESIAN_POINT('',(61.025,-16.1,25.999999999792));
#298 = CIRCLE('',#299,1.);
#299 = AXIS2_PLACEMENT_3D('',#300,#301,#302);
#300 = CARTESIAN_POINT('',(60.025,-16.1,25.999999999792));
#301 = DIRECTION('',(0.,-1.,2.2E-16));
#302 = DIRECTION('',(0.,-2.2E-16,-1.));
#303 = ORIENTED_EDGE('',*,*,#304,.F.);
#304 = EDGE_CURVE('',#146,#296,#305,.T.);
#305 = LINE('',#306,#307);
#306 = CARTESIAN_POINT('',(61.025,-7.1,25.999999999792));
#307 = VECTOR('',#308,1.);
#308 = DIRECTION('',(0.,-1.,2.2E-16));
#309 = CYLINDRICAL_SURFACE('',#310,1.);
#310 = AXIS2_PLACEMENT_3D('',#311,#312,#313);
#311 = CARTESIAN_POINT('',(60.025,-7.1,25.999999999792));
#312 = DIRECTION('',(0.,-1.,2.2E-16));
#313 = DIRECTION('',(1.,3.113E-30,1.415E-14));
#314 = ADVANCED_FACE('',(#315),#334,.T.);
#315 = FACE_BOUND('',#316,.F.);
#316 = EDGE_LOOP('',(#317,#318,#319,#328));
#317 = ORIENTED_EDGE('',*,*,#278,.T.);
#318 = ORIENTED_EDGE('',*,*,#53,.T.);
#319 = ORIENTED_EDGE('',*,*,#320,.F.);
#320 = EDGE_CURVE('',#321,#54,#323,.T.);
#321 = VERTEX_POINT('',#322);
#322 = CARTESIAN_POINT('',(54.866229182545,-16.1,26.249999999171));
#323 = CIRCLE('',#324,1.);
#324 = AXIS2_PLACEMENT_3D('',#325,#326,#327);
#325 = CARTESIAN_POINT('',(55.834475019054,-16.1,25.999999999005));
#326 = DIRECTION('',(0.,1.,-2.2E-16));
#327 = DIRECTION('',(0.,-2.2E-16,-1.));
#328 = ORIENTED_EDGE('',*,*,#329,.F.);
#329 = EDGE_CURVE('',#270,#321,#330,.T.);
#330 = LINE('',#331,#332);
#331 = CARTESIAN_POINT('',(54.866229182545,-7.1,26.249999999171));
#332 = VECTOR('',#333,1.);
#333 = DIRECTION('',(0.,-1.,2.2E-16));
#334 = CYLINDRICAL_SURFACE('',#335,1.);
#335 = AXIS2_PLACEMENT_3D('',#336,#337,#338);
#336 = CARTESIAN_POINT('',(55.834475019054,-7.1,25.999999999005));
#337 = DIRECTION('',(0.,-1.,2.2E-16));
#338 = DIRECTION('',(-0.968245836509,5.50000000365E-17,0.250000000166));
#339 = ADVANCED_FACE('',(#340),#467,.T.);
#340 = FACE_BOUND('',#341,.T.);
#341 = EDGE_LOOP('',(#342,#352,#361,#369,#377,#385,#393,#401,#410,#418,
    #426,#434,#442,#448,#449,#450,#451,#460));
#342 = ORIENTED_EDGE('',*,*,#343,.T.);
#343 = EDGE_CURVE('',#344,#346,#348,.T.);
#344 = VERTEX_POINT('',#345);
#345 = CARTESIAN_POINT('',(44.215524980689,-16.1,27.));
#346 = VERTEX_POINT('',#347);
#347 = CARTESIAN_POINT('',(40.025,-16.1,27.));
#348 = LINE('',#349,#350);
#349 = CARTESIAN_POINT('',(46.560898384862,-16.1,27.));
#350 = VECTOR('',#351,1.);
#351 = DIRECTION('',(-1.,0.,-3.E-14));
#352 = ORIENTED_EDGE('',*,*,#353,.F.);
#353 = EDGE_CURVE('',#354,#346,#356,.T.);
#354 = VERTEX_POINT('',#355);
#355 = CARTESIAN_POINT('',(39.025,-16.1,26.));
#356 = CIRCLE('',#357,1.);
#357 = AXIS2_PLACEMENT_3D('',#358,#359,#360);
#358 = CARTESIAN_POINT('',(40.025,-16.1,26.));
#359 = DIRECTION('',(0.,1.,-2.2E-16));
#360 = DIRECTION('',(0.,-2.2E-16,-1.));
#361 = ORIENTED_EDGE('',*,*,#362,.F.);
#362 = EDGE_CURVE('',#363,#354,#365,.T.);
#363 = VERTEX_POINT('',#364);
#364 = CARTESIAN_POINT('',(39.024999999999,-16.1,27.));
#365 = LINE('',#366,#367);
#366 = CARTESIAN_POINT('',(39.025,-16.1,23.716218222227));
#367 = VECTOR('',#368,1.);
#368 = DIRECTION('',(2.611E-14,4.15E-15,-1.));
#369 = ORIENTED_EDGE('',*,*,#370,.T.);
#370 = EDGE_CURVE('',#363,#371,#373,.T.);
#371 = VERTEX_POINT('',#372);
#372 = CARTESIAN_POINT('',(39.024999999999,-16.1,29.));
#373 = LINE('',#374,#375);
#374 = CARTESIAN_POINT('',(39.024999999999,-16.1,27.));
#375 = VECTOR('',#376,1.);
#376 = DIRECTION('',(-3.004E-14,-8.49E-15,1.));
#377 = ORIENTED_EDGE('',*,*,#378,.F.);
#378 = EDGE_CURVE('',#379,#371,#381,.T.);
#379 = VERTEX_POINT('',#380);
#380 = CARTESIAN_POINT('',(46.560898384862,-16.1,29.));
#381 = LINE('',#382,#383);
#382 = CARTESIAN_POINT('',(46.560898384862,-16.1,29.));
#383 = VECTOR('',#384,1.);
#384 = DIRECTION('',(-1.,0.,-3.E-14));
#385 = ORIENTED_EDGE('',*,*,#386,.F.);
#386 = EDGE_CURVE('',#387,#379,#389,.T.);
#387 = VERTEX_POINT('',#388);
#388 = CARTESIAN_POINT('',(46.560898384862,-16.1,27.));
#389 = LINE('',#390,#391);
#390 = CARTESIAN_POINT('',(46.560898384862,-16.1,27.));
#391 = VECTOR('',#392,1.);
#392 = DIRECTION('',(-3.004E-14,-8.49E-15,1.));
#393 = ORIENTED_EDGE('',*,*,#394,.T.);
#394 = EDGE_CURVE('',#387,#395,#397,.T.);
#395 = VERTEX_POINT('',#396);
#396 = CARTESIAN_POINT('',(46.560898384862,-16.1,24.627718676731));
#397 = LINE('',#398,#399);
#398 = CARTESIAN_POINT('',(46.560898384862,-16.1,27.076683338506));
#399 = VECTOR('',#400,1.);
#400 = DIRECTION('',(3.004E-14,4.15E-15,-1.));
#401 = ORIENTED_EDGE('',*,*,#402,.T.);
#402 = EDGE_CURVE('',#395,#403,#405,.T.);
#403 = VERTEX_POINT('',#404);
#404 = CARTESIAN_POINT('',(53.489101614952,-16.1,24.627718676506));
#405 = CIRCLE('',#406,4.5);
#406 = AXIS2_PLACEMENT_3D('',#407,#408,#409);
#407 = CARTESIAN_POINT('',(50.025,-16.1,27.5));
#408 = DIRECTION('',(0.,-1.,-4.15E-15));
#409 = DIRECTION('',(-0.989743318611,5.928571428571E-16,-0.142857142857)
  );
#410 = ORIENTED_EDGE('',*,*,#411,.F.);
#411 = EDGE_CURVE('',#412,#403,#414,.T.);
#412 = VERTEX_POINT('',#413);
#413 = CARTESIAN_POINT('',(53.489101614952,-16.1,26.999999999349));
#414 = LINE('',#415,#416);
#415 = CARTESIAN_POINT('',(53.489101614952,-16.1,27.076683338506));
#416 = VECTOR('',#417,1.);
#417 = DIRECTION('',(3.004E-14,4.15E-15,-1.));
#418 = ORIENTED_EDGE('',*,*,#419,.T.);
#419 = EDGE_CURVE('',#412,#420,#422,.T.);
#420 = VERTEX_POINT('',#421);
#421 = CARTESIAN_POINT('',(53.489101614952,-16.1,29.));
#422 = LINE('',#423,#424);
#423 = CARTESIAN_POINT('',(53.489101614952,-16.1,27.));
#424 = VECTOR('',#425,1.);
#425 = DIRECTION('',(-3.004E-14,-8.49E-15,1.));
#426 = ORIENTED_EDGE('',*,*,#427,.F.);
#427 = EDGE_CURVE('',#428,#420,#430,.T.);
#428 = VERTEX_POINT('',#429);
#429 = CARTESIAN_POINT('',(61.025,-16.1,29.000000000001));
#430 = LINE('',#431,#432);
#431 = CARTESIAN_POINT('',(61.024999999999,-16.1,29.000000000001));
#432 = VECTOR('',#433,1.);
#433 = DIRECTION('',(-1.,0.,-3.E-14));
#434 = ORIENTED_EDGE('',*,*,#435,.F.);
#435 = EDGE_CURVE('',#436,#428,#438,.T.);
#436 = VERTEX_POINT('',#437);
#437 = CARTESIAN_POINT('',(61.024999999999,-16.1,27.000000000001));
#438 = LINE('',#439,#440);
#439 = CARTESIAN_POINT('',(61.024999999999,-16.1,27.000000000001));
#440 = VECTOR('',#441,1.);
#441 = DIRECTION('',(-3.004E-14,-8.49E-15,1.));
#442 = ORIENTED_EDGE('',*,*,#443,.T.);
#443 = EDGE_CURVE('',#436,#296,#444,.T.);
#444 = LINE('',#445,#446);
#445 = CARTESIAN_POINT('',(61.025,-16.1,23.716218222227));
#446 = VECTOR('',#447,1.);
#447 = DIRECTION('',(1.415E-14,4.15E-15,-1.));
#448 = ORIENTED_EDGE('',*,*,#295,.T.);
#449 = ORIENTED_EDGE('',*,*,#61,.T.);
#450 = ORIENTED_EDGE('',*,*,#320,.F.);
#451 = ORIENTED_EDGE('',*,*,#452,.F.);
#452 = EDGE_CURVE('',#453,#321,#455,.T.);
#453 = VERTEX_POINT('',#454);
#454 = CARTESIAN_POINT('',(45.183770817241,-16.1,26.25));
#455 = CIRCLE('',#456,5.);
#456 = AXIS2_PLACEMENT_3D('',#457,#458,#459);
#457 = CARTESIAN_POINT('',(50.025,-16.1,27.5));
#458 = DIRECTION('',(0.,-1.,0.));
#459 = DIRECTION('',(1.,0.,0.));
#460 = ORIENTED_EDGE('',*,*,#461,.T.);
#461 = EDGE_CURVE('',#453,#344,#462,.T.);
#462 = CIRCLE('',#463,1.);
#463 = AXIS2_PLACEMENT_3D('',#464,#465,#466);
#464 = CARTESIAN_POINT('',(44.215524980689,-16.1,26.));
#465 = DIRECTION('',(0.,-1.,2.2E-16));
#466 = DIRECTION('',(0.,-2.2E-16,-1.));
#467 = PLANE('',#468);
#468 = AXIS2_PLACEMENT_3D('',#469,#470,#471);
#469 = CARTESIAN_POINT('',(50.024999999857,-16.1,27.153366677012));
#470 = DIRECTION('',(0.,1.,4.15E-15));
#471 = DIRECTION('',(0.,-4.15E-15,1.));
#472 = ADVANCED_FACE('',(#473),#492,.F.);
#473 = FACE_BOUND('',#474,.F.);
#474 = EDGE_LOOP('',(#475,#483,#490,#491));
#475 = ORIENTED_EDGE('',*,*,#476,.T.);
#476 = EDGE_CURVE('',#84,#477,#479,.T.);
#477 = VERTEX_POINT('',#478);
#478 = CARTESIAN_POINT('',(59.33246859446,-11.6,18.999999999636));
#479 = LINE('',#480,#481);
#480 = CARTESIAN_POINT('',(59.332468592737,-11.6,26.999999999636));
#481 = VECTOR('',#482,1.);
#482 = DIRECTION('',(2.1533702E-10,0.,-1.));
#483 = ORIENTED_EDGE('',*,*,#484,.T.);
#484 = EDGE_CURVE('',#477,#477,#485,.T.);
#485 = CIRCLE('',#486,1.32);
#486 = AXIS2_PLACEMENT_3D('',#487,#488,#489);
#487 = CARTESIAN_POINT('',(58.01246859446,-11.6,18.999999999351));
#488 = DIRECTION('',(-2.15337E-10,0.,1.));
#489 = DIRECTION('',(1.,0.,2.15337E-10));
#490 = ORIENTED_EDGE('',*,*,#476,.F.);
#491 = ORIENTED_EDGE('',*,*,#90,.F.);
#492 = CYLINDRICAL_SURFACE('',#493,1.32);
#493 = AXIS2_PLACEMENT_3D('',#494,#495,#496);
#494 = CARTESIAN_POINT('',(58.012468592737,-11.6,26.999999999351));
#495 = DIRECTION('',(-2.1533702E-10,0.,1.));
#496 = DIRECTION('',(1.,0.,2.1533702E-10));
#497 = ADVANCED_FACE('',(#498),#543,.T.);
#498 = FACE_BOUND('',#499,.T.);
#499 = EDGE_LOOP('',(#500,#501,#502,#503,#504,#512,#520,#528,#536,#542)
  );
#500 = ORIENTED_EDGE('',*,*,#154,.T.);
#501 = ORIENTED_EDGE('',*,*,#304,.T.);
#502 = ORIENTED_EDGE('',*,*,#443,.F.);
#503 = ORIENTED_EDGE('',*,*,#435,.T.);
#504 = ORIENTED_EDGE('',*,*,#505,.F.);
#505 = EDGE_CURVE('',#506,#428,#508,.T.);
#506 = VERTEX_POINT('',#507);
#507 = CARTESIAN_POINT('',(61.025,-20.6,29.000000000001));
#508 = LINE('',#509,#510);
#509 = CARTESIAN_POINT('',(61.025,-21.6,29.000000000001));
#510 = VECTOR('',#511,1.);
#511 = DIRECTION('',(0.,1.,8.E-15));
#512 = ORIENTED_EDGE('',*,*,#513,.F.);
#513 = EDGE_CURVE('',#514,#506,#516,.T.);
#514 = VERTEX_POINT('',#515);
#515 = CARTESIAN_POINT('',(61.025,-20.6,11.));
#516 = LINE('',#517,#518);
#517 = CARTESIAN_POINT('',(61.025,-20.6,10.));
#518 = VECTOR('',#519,1.);
#519 = DIRECTION('',(-3.004E-14,-8.49E-15,1.));
#520 = ORIENTED_EDGE('',*,*,#521,.F.);
#521 = EDGE_CURVE('',#522,#514,#524,.T.);
#522 = VERTEX_POINT('',#523);
#523 = CARTESIAN_POINT('',(61.025,-1.6,11.));
#524 = LINE('',#525,#526);
#525 = CARTESIAN_POINT('',(61.025,-1.6,11.));
#526 = VECTOR('',#527,1.);
#527 = DIRECTION('',(0.,-1.,2.2E-16));
#528 = ORIENTED_EDGE('',*,*,#529,.F.);
#529 = EDGE_CURVE('',#530,#522,#532,.T.);
#530 = VERTEX_POINT('',#531);
#531 = CARTESIAN_POINT('',(61.025,-1.6,29.000000000001));
#532 = LINE('',#533,#534);
#533 = CARTESIAN_POINT('',(61.025,-1.6,27.));
#534 = VECTOR('',#535,1.);
#535 = DIRECTION('',(0.,-2.2E-16,-1.));
#536 = ORIENTED_EDGE('',*,*,#537,.F.);
#537 = EDGE_CURVE('',#163,#530,#538,.T.);
#538 = LINE('',#539,#540);
#539 = CARTESIAN_POINT('',(61.025,-7.1,29.000000000001));
#540 = VECTOR('',#541,1.);
#541 = DIRECTION('',(0.,1.,8.E-15));
#542 = ORIENTED_EDGE('',*,*,#162,.F.);
#543 = PLANE('',#544);
#544 = AXIS2_PLACEMENT_3D('',#545,#546,#547);
#545 = CARTESIAN_POINT('',(61.025,-11.6,20.279069767442));
#546 = DIRECTION('',(1.,-9.7E-15,1.415E-14));
#547 = DIRECTION('',(-1.415E-14,0.,1.));
#548 = ADVANCED_FACE('',(#549),#560,.F.);
#549 = FACE_BOUND('',#550,.F.);
#550 = EDGE_LOOP('',(#551,#552,#553,#554));
#551 = ORIENTED_EDGE('',*,*,#269,.F.);
#552 = ORIENTED_EDGE('',*,*,#329,.T.);
#553 = ORIENTED_EDGE('',*,*,#452,.F.);
#554 = ORIENTED_EDGE('',*,*,#555,.F.);
#555 = EDGE_CURVE('',#261,#453,#556,.T.);
#556 = LINE('',#557,#558);
#557 = CARTESIAN_POINT('',(45.183770817241,-7.1,26.25));
#558 = VECTOR('',#559,1.);
#559 = DIRECTION('',(0.,-1.,2.2E-16));
#560 = CYLINDRICAL_SURFACE('',#561,5.);
#561 = AXIS2_PLACEMENT_3D('',#562,#563,#564);
#562 = CARTESIAN_POINT('',(50.025,-1.6,27.5));
#563 = DIRECTION('',(0.,1.,-2.2E-16));
#564 = DIRECTION('',(-1.,0.,0.));
#565 = ADVANCED_FACE('',(#566),#577,.T.);
#566 = FACE_BOUND('',#567,.T.);
#567 = EDGE_LOOP('',(#568,#569,#575,#576));
#568 = ORIENTED_EDGE('',*,*,#260,.T.);
#569 = ORIENTED_EDGE('',*,*,#570,.T.);
#570 = EDGE_CURVE('',#253,#344,#571,.T.);
#571 = LINE('',#572,#573);
#572 = CARTESIAN_POINT('',(44.215524980689,-7.1,27.));
#573 = VECTOR('',#574,1.);
#574 = DIRECTION('',(0.,-1.,2.2E-16));
#575 = ORIENTED_EDGE('',*,*,#461,.F.);
#576 = ORIENTED_EDGE('',*,*,#555,.F.);
#577 = CYLINDRICAL_SURFACE('',#578,1.);
#578 = AXIS2_PLACEMENT_3D('',#579,#580,#581);
#579 = CARTESIAN_POINT('',(44.215524980689,-7.1,26.));
#580 = DIRECTION('',(0.,-1.,2.2E-16));
#581 = DIRECTION('',(0.968245836552,5.499999999999E-17,0.25));
#582 = ADVANCED_FACE('',(#583),#610,.T.);
#583 = FACE_BOUND('',#584,.F.);
#584 = EDGE_LOOP('',(#585,#594,#602,#609));
#585 = ORIENTED_EDGE('',*,*,#586,.T.);
#586 = EDGE_CURVE('',#171,#587,#589,.T.);
#587 = VERTEX_POINT('',#588);
#588 = CARTESIAN_POINT('',(54.489101614952,-6.1,30.));
#589 = ELLIPSE('',#590,1.414213562373,1.);
#590 = AXIS2_PLACEMENT_3D('',#591,#592,#593);
#591 = CARTESIAN_POINT('',(54.489101614952,-6.1,29.000000000001));
#592 = DIRECTION('',(-0.707106781187,0.707106781187,-1.556E-14));
#593 = DIRECTION('',(-0.707106781187,-0.707106781187,-2.687E-14));
#594 = ORIENTED_EDGE('',*,*,#595,.T.);
#595 = EDGE_CURVE('',#587,#596,#598,.T.);
#596 = VERTEX_POINT('',#597);
#597 = CARTESIAN_POINT('',(60.025,-6.1,30.000000000001));
#598 = LINE('',#599,#600);
#599 = CARTESIAN_POINT('',(53.489101614952,-6.1,30.));
#600 = VECTOR('',#601,1.);
#601 = DIRECTION('',(1.,0.,3.E-14));
#602 = ORIENTED_EDGE('',*,*,#603,.F.);
#603 = EDGE_CURVE('',#163,#596,#604,.T.);
#604 = ELLIPSE('',#605,1.414213562373,1.);
#605 = AXIS2_PLACEMENT_3D('',#606,#607,#608);
#606 = CARTESIAN_POINT('',(60.025,-6.1,29.));
#607 = DIRECTION('',(-0.707106781187,-0.707106781187,-2.687E-14));
#608 = DIRECTION('',(0.707106781187,-0.707106781187,1.556E-14));
#609 = ORIENTED_EDGE('',*,*,#170,.F.);
#610 = CYLINDRICAL_SURFACE('',#611,1.);
#611 = AXIS2_PLACEMENT_3D('',#612,#613,#614);
#612 = CARTESIAN_POINT('',(53.489101614952,-6.1,29.));
#613 = DIRECTION('',(1.,0.,3.E-14));
#614 = DIRECTION('',(1.05E-28,-1.,-3.5E-15));
#615 = ADVANCED_FACE('',(#616,#638),#649,.T.);
#616 = FACE_BOUND('',#617,.T.);
#617 = EDGE_LOOP('',(#618));
#618 = ORIENTED_EDGE('',*,*,#619,.F.);
#619 = EDGE_CURVE('',#620,#620,#622,.T.);
#620 = VERTEX_POINT('',#621);
#621 = CARTESIAN_POINT('',(43.857531407233,-11.6,27.));
#622 = B_SPLINE_CURVE_WITH_KNOTS('',14,(#623,#624,#625,#626,#627,#628,
    #629,#630,#631,#632,#633,#634,#635,#636,#637),.UNSPECIFIED.,.T.,.F.,
  (15,15),(7.1E-16,8.293804605477),.PIECEWISE_BEZIER_KNOTS.);
#623 = CARTESIAN_POINT('',(43.857531407233,-11.6,27.));
#624 = CARTESIAN_POINT('',(43.857531407219,-10.79500170054,
    26.999999999988));
#625 = CARTESIAN_POINT('',(43.474152134554,-9.972867523497,
    27.000000000056));
#626 = CARTESIAN_POINT('',(42.680358580535,-9.347880890313,
    26.999999999839));
#627 = CARTESIAN_POINT('',(41.597681286533,-9.142415007306,
    27.000000000341));
#628 = CARTESIAN_POINT('',(40.476152136448,-9.549117366041,
    26.999999999435));
#629 = CARTESIAN_POINT('',(39.723788639141,-10.35436070297,
    27.000000000755));
#630 = CARTESIAN_POINT('',(39.247836204521,-11.59999999967,
    26.999999999178));
#631 = CARTESIAN_POINT('',(39.723788639132,-12.84563929762,
    27.000000000735));
#632 = CARTESIAN_POINT('',(40.476152136453,-13.6508826335,26.99999999946
    ));
#633 = CARTESIAN_POINT('',(41.597681286537,-14.05758499297,
    27.000000000323));
#634 = CARTESIAN_POINT('',(42.680358580528,-13.85211910955,
    26.999999999848));
#635 = CARTESIAN_POINT('',(43.474152134558,-13.22713247655,
    27.000000000053));
#636 = CARTESIAN_POINT('',(43.857531407217,-12.40499829944,
    26.999999999989));
#637 = CARTESIAN_POINT('',(43.857531407233,-11.6,27.));
#638 = FACE_BOUND('',#639,.T.);
#639 = EDGE_LOOP('',(#640,#641,#647,#648));
#640 = ORIENTED_EDGE('',*,*,#252,.F.);
#641 = ORIENTED_EDGE('',*,*,#642,.T.);
#642 = EDGE_CURVE('',#244,#346,#643,.T.);
#643 = LINE('',#644,#645);
#644 = CARTESIAN_POINT('',(40.025,-7.1,27.));
#645 = VECTOR('',#646,1.);
#646 = DIRECTION('',(0.,-1.,2.2E-16));
#647 = ORIENTED_EDGE('',*,*,#343,.F.);
#648 = ORIENTED_EDGE('',*,*,#570,.F.);
#649 = PLANE('',#650);
#650 = AXIS2_PLACEMENT_3D('',#651,#652,#653);
#651 = CARTESIAN_POINT('',(42.715580065036,-11.6,27.));
#652 = DIRECTION('',(-3.004E-14,-8.49E-15,1.));
#653 = DIRECTION('',(1.,0.,3.004E-14));
#654 = ADVANCED_FACE('',(#655),#781,.F.);
#655 = FACE_BOUND('',#656,.F.);
#656 = EDGE_LOOP('',(#657,#667,#673,#674,#675,#724,#732,#775));
#657 = ORIENTED_EDGE('',*,*,#658,.T.);
#658 = EDGE_CURVE('',#659,#661,#663,.T.);
#659 = VERTEX_POINT('',#660);
#660 = CARTESIAN_POINT('',(53.489101614952,-1.6,26.99999999935));
#661 = VERTEX_POINT('',#662);
#662 = CARTESIAN_POINT('',(53.489101614952,-1.6,29.));
#663 = LINE('',#664,#665);
#664 = CARTESIAN_POINT('',(53.489101614952,-1.6,27.));
#665 = VECTOR('',#666,1.);
#666 = DIRECTION('',(-3.004E-14,-8.49E-15,1.));
#667 = ORIENTED_EDGE('',*,*,#668,.T.);
#668 = EDGE_CURVE('',#661,#171,#669,.T.);
#669 = LINE('',#670,#671);
#670 = CARTESIAN_POINT('',(53.489101614952,-1.6,29.));
#671 = VECTOR('',#672,1.);
#672 = DIRECTION('',(0.,-1.,-8.E-15));
#673 = ORIENTED_EDGE('',*,*,#178,.F.);
#674 = ORIENTED_EDGE('',*,*,#186,.T.);
#675 = ORIENTED_EDGE('',*,*,#676,.T.);
#676 = EDGE_CURVE('',#187,#677,#679,.T.);
#677 = VERTEX_POINT('',#678);
#678 = CARTESIAN_POINT('',(53.489101614952,-6.1,26.999999998712));
#679 = B_SPLINE_CURVE_WITH_KNOTS('',7,(#680,#681,#682,#683,#684,#685,
    #686,#687,#688,#689,#690,#691,#692,#693,#694,#695,#696,#697,#698,
    #699,#700,#701,#702,#703,#704,#705,#706,#707,#708,#709,#710,#711,
    #712,#713,#714,#715,#716,#717,#718,#719,#720,#721,#722,#723),
  .UNSPECIFIED.,.F.,.F.,(8,6,6,6,6,6,6,8),(0.,0.289166300849,
    0.600711128111,0.725067063421,0.844490576946,0.922749963392,
    0.960068173073,1.),.UNSPECIFIED.);
#680 = CARTESIAN_POINT('',(53.489101614952,-7.1,24.627718676507));
#681 = CARTESIAN_POINT('',(53.489101614952,-7.1,24.736241739169));
#682 = CARTESIAN_POINT('',(53.489101614952,-7.09440241573,
    24.845476649633));
#683 = CARTESIAN_POINT('',(53.489101614952,-7.083600476094,
    24.955006299699));
#684 = CARTESIAN_POINT('',(53.489101614952,-7.067987353201,
    25.064497762216));
#685 = CARTESIAN_POINT('',(53.489101614952,-7.047943884382,
    25.173694417058));
#686 = CARTESIAN_POINT('',(53.489101614952,-7.023826294214,
    25.282408077086));
#687 = CARTESIAN_POINT('',(53.489101614952,-6.965924500727,
    25.506980225177));
#688 = CARTESIAN_POINT('',(53.489101614952,-6.931543075133,
    25.622715220448));
#689 = CARTESIAN_POINT('',(53.489101614952,-6.893209599831,
    25.737558302495));
#690 = CARTESIAN_POINT('',(53.489101614952,-6.851287623016,
    25.851387433008));
#691 = CARTESIAN_POINT('',(53.489101614952,-6.806084256461,
    25.964087935547));
#692 = CARTESIAN_POINT('',(53.489101614952,-6.757864193904,
    26.075563916295));
#693 = CARTESIAN_POINT('',(53.489101614952,-6.686296987091,
    26.229538303788));
#694 = CARTESIAN_POINT('',(53.489101614952,-6.665414064814,
    26.273235033569));
#695 = CARTESIAN_POINT('',(53.489101614952,-6.644070995209,
    26.316688913468));
#696 = CARTESIAN_POINT('',(53.489101614952,-6.622269083947,
    26.359881603586));
#697 = CARTESIAN_POINT('',(53.489101614952,-6.600004952559,
    26.402789081289));
#698 = CARTESIAN_POINT('',(53.489101614952,-6.577266593103,
    26.445377489567));
#699 = CARTESIAN_POINT('',(53.489101614952,-6.531706707431,
    26.528138354845));
#700 = CARTESIAN_POINT('',(53.489101614952,-6.508928620864,
    26.568330493977));
#701 = CARTESIAN_POINT('',(53.489101614952,-6.485663132391,
    26.608137940065));
#702 = CARTESIAN_POINT('',(53.489101614952,-6.461866756225,
    26.647492758886));
#703 = CARTESIAN_POINT('',(53.489101614952,-6.437487453411,
    26.686301134355));
#704 = CARTESIAN_POINT('',(53.489101614952,-6.41243985921,
    26.724413426094));
#705 = CARTESIAN_POINT('',(53.489101614952,-6.369582723548,
    26.785895702625));
#706 = CARTESIAN_POINT('',(53.489101614952,-6.352268428138,
    26.809797386518));
#707 = CARTESIAN_POINT('',(53.489101614952,-6.334543958358,
    26.833207164408));
#708 = CARTESIAN_POINT('',(53.489101614952,-6.31634169055,
    26.856011247148));
#709 = CARTESIAN_POINT('',(53.489101614952,-6.297590413245,
    26.878039578226));
#710 = CARTESIAN_POINT('',(53.489101614952,-6.27819383696,
    26.899031556639));
#711 = CARTESIAN_POINT('',(53.489101614952,-6.24834966919,
    26.927877710396));
#712 = CARTESIAN_POINT('',(53.489101614952,-6.238534496259,
    26.936853919805));
#713 = CARTESIAN_POINT('',(53.489101614952,-6.228522732391,
    26.945447700362));
#714 = CARTESIAN_POINT('',(53.489101614952,-6.218299565142,
    26.953597072814));
#715 = CARTESIAN_POINT('',(53.489101614952,-6.207853663022,
    26.961224551328));
#716 = CARTESIAN_POINT('',(53.489101614952,-6.197177832905,
    26.968238952664));
#717 = CARTESIAN_POINT('',(53.489101614952,-6.17459755864,
    26.981276562329));
#718 = CARTESIAN_POINT('',(53.489101614952,-6.162652983758,
    26.987199898461));
#719 = CARTESIAN_POINT('',(53.489101614952,-6.150450535785,
    26.992171177229));
#720 = CARTESIAN_POINT('',(53.489101614952,-6.138021022154,
    26.996043174223));
#721 = CARTESIAN_POINT('',(53.489101614952,-6.125414478248,
    26.998681858275));
#722 = CARTESIAN_POINT('',(53.489101614952,-6.112705370635,
    26.999999998712));
#723 = CARTESIAN_POINT('',(53.489101614952,-6.1,26.999999998712));
#724 = ORIENTED_EDGE('',*,*,#725,.F.);
#725 = EDGE_CURVE('',#726,#677,#728,.T.);
#726 = VERTEX_POINT('',#727);
#727 = CARTESIAN_POINT('',(53.489101614952,-2.6,26.999999998712));
#728 = LINE('',#729,#730);
#729 = CARTESIAN_POINT('',(53.489101614952,-1.6,26.999999998711));
#730 = VECTOR('',#731,1.);
#731 = DIRECTION('',(0.,-1.,2.2E-16));
#732 = ORIENTED_EDGE('',*,*,#733,.T.);
#733 = EDGE_CURVE('',#726,#734,#736,.T.);
#734 = VERTEX_POINT('',#735);
#735 = CARTESIAN_POINT('',(53.489101614952,-1.6,24.627718676507));
#736 = B_SPLINE_CURVE_WITH_KNOTS('',7,(#737,#738,#739,#740,#741,#742,
    #743,#744,#745,#746,#747,#748,#749,#750,#751,#752,#753,#754,#755,
    #756,#757,#758,#759,#760,#761,#762,#763,#764,#765,#766,#767,#768,
    #769,#770,#771,#772,#773,#774),.UNSPECIFIED.,.F.,.F.,(8,6,6,6,6,6,8)
  ,(0.,5.528815418446E-02,0.124946236749,0.241481367078,0.399894465842,
    0.711438630502,1.),.UNSPECIFIED.);
#737 = CARTESIAN_POINT('',(53.489101614952,-2.6,26.999999998712));
#738 = CARTESIAN_POINT('',(53.489101614952,-2.582386342314,
    26.999999998712));
#739 = CARTESIAN_POINT('',(53.489101614952,-2.564782237187,
    26.997467007549));
#740 = CARTESIAN_POINT('',(53.489101614952,-2.547465412556,
    26.992401874455));
#741 = CARTESIAN_POINT('',(53.489101614952,-2.530585482398,
    26.985135145314));
#742 = CARTESIAN_POINT('',(53.489101614952,-2.51421531344,
    26.976086311184));
#743 = CARTESIAN_POINT('',(53.489101614952,-2.498378214971,
    26.965624617154));
#744 = CARTESIAN_POINT('',(53.489101614952,-2.463739983938,
    26.939425064306));
#745 = CARTESIAN_POINT('',(53.489101614952,-2.445220284522,
    26.92300935387));
#746 = CARTESIAN_POINT('',(53.489101614952,-2.427367867904,
    26.905280260982));
#747 = CARTESIAN_POINT('',(53.489101614952,-2.410097625319,
    26.886576312059));
#748 = CARTESIAN_POINT('',(53.489101614952,-2.393337771666,
    26.867125949645));
#749 = CARTESIAN_POINT('',(53.489101614952,-2.377015237111,
    26.84707472622));
#750 = CARTESIAN_POINT('',(53.489101614952,-2.334346164786,
    26.792058851105));
#751 = CARTESIAN_POINT('',(53.489101614952,-2.308708525779,
    26.756220470111));
#752 = CARTESIAN_POINT('',(53.489101614952,-2.283863458724,
    26.719443550867));
#753 = CARTESIAN_POINT('',(53.489101614952,-2.259698173509,
    26.681950901044));
#754 = CARTESIAN_POINT('',(53.489101614952,-2.236121717724,
    26.643903744198));
#755 = CARTESIAN_POINT('',(53.489101614952,-2.213074125366,
    26.605388523712));
#756 = CARTESIAN_POINT('',(53.489101614952,-2.159817813816,
    26.513521824115));
#757 = CARTESIAN_POINT('',(53.489101614952,-2.130031919374,
    26.459847106078));
#758 = CARTESIAN_POINT('',(53.489101614952,-2.101040586768,
    26.405589593202));
#759 = CARTESIAN_POINT('',(53.489101614952,-2.072805849261,
    26.350837426854));
#760 = CARTESIAN_POINT('',(53.489101614952,-2.045316465218,
    26.295646017348));
#761 = CARTESIAN_POINT('',(53.489101614952,-2.018570595684,
    26.240056641949));
#762 = CARTESIAN_POINT('',(53.489101614952,-1.941465305231,
    26.074029210902));
#763 = CARTESIAN_POINT('',(53.489101614952,-1.893281587648,
    25.962540356655));
#764 = CARTESIAN_POINT('',(53.489101614952,-1.848116745497,
    25.849828132431));
#765 = CARTESIAN_POINT('',(53.489101614952,-1.806235934385,
    25.735988333608));
#766 = CARTESIAN_POINT('',(53.489101614952,-1.767946778568,
    25.621135639697));
#767 = CARTESIAN_POINT('',(53.489101614952,-1.733613170054,
    25.505392397675));
#768 = CARTESIAN_POINT('',(53.489101614952,-1.675869103113,
    25.281033780014));
#769 = CARTESIAN_POINT('',(53.489101614952,-1.65184517394,
    25.172544116374));
#770 = CARTESIAN_POINT('',(53.489101614952,-1.631881205765,
    25.063575089447));
#771 = CARTESIAN_POINT('',(53.489101614952,-1.616331324115,
    24.954314075405));
#772 = CARTESIAN_POINT('',(53.489101614952,-1.605574022424,
    24.845016388768));
#773 = CARTESIAN_POINT('',(53.489101614952,-1.6,24.736013070567));
#774 = CARTESIAN_POINT('',(53.489101614952,-1.6,24.627718676507));
#775 = ORIENTED_EDGE('',*,*,#776,.F.);
#776 = EDGE_CURVE('',#659,#734,#777,.T.);
#777 = LINE('',#778,#779);
#778 = CARTESIAN_POINT('',(53.489101614952,-1.6,18.67273103388));
#779 = VECTOR('',#780,1.);
#780 = DIRECTION('',(3.004E-14,0.,-1.));
#781 = PLANE('',#782);
#782 = AXIS2_PLACEMENT_3D('',#783,#784,#785);
#783 = CARTESIAN_POINT('',(53.489101614952,-1.6,27.));
#784 = DIRECTION('',(1.,0.,3.004E-14));
#785 = DIRECTION('',(2.550396E-28,-1.,-8.49E-15));
#786 = ADVANCED_FACE('',(#787),#798,.T.);
#787 = FACE_BOUND('',#788,.F.);
#788 = EDGE_LOOP('',(#789,#790,#791,#792));
#789 = ORIENTED_EDGE('',*,*,#243,.T.);
#790 = ORIENTED_EDGE('',*,*,#642,.T.);
#791 = ORIENTED_EDGE('',*,*,#353,.F.);
#792 = ORIENTED_EDGE('',*,*,#793,.F.);
#793 = EDGE_CURVE('',#236,#354,#794,.T.);
#794 = LINE('',#795,#796);
#795 = CARTESIAN_POINT('',(39.025,-7.1,26.));
#796 = VECTOR('',#797,1.);
#797 = DIRECTION('',(0.,-1.,2.2E-16));
#798 = CYLINDRICAL_SURFACE('',#799,1.);
#799 = AXIS2_PLACEMENT_3D('',#800,#801,#802);
#800 = CARTESIAN_POINT('',(40.025,-7.1,26.));
#801 = DIRECTION('',(0.,-1.,2.2E-16));
#802 = DIRECTION('',(-1.,-5.7442E-30,-2.611E-14));
#803 = ADVANCED_FACE('',(#804),#849,.T.);
#804 = FACE_BOUND('',#805,.T.);
#805 = EDGE_LOOP('',(#806,#807,#808,#816,#824,#832,#840,#846,#847,#848)
  );
#806 = ORIENTED_EDGE('',*,*,#235,.F.);
#807 = ORIENTED_EDGE('',*,*,#227,.T.);
#808 = ORIENTED_EDGE('',*,*,#809,.F.);
#809 = EDGE_CURVE('',#810,#220,#812,.T.);
#810 = VERTEX_POINT('',#811);
#811 = CARTESIAN_POINT('',(39.025,-1.6,29.));
#812 = LINE('',#813,#814);
#813 = CARTESIAN_POINT('',(39.025,-1.6,29.));
#814 = VECTOR('',#815,1.);
#815 = DIRECTION('',(0.,-1.,-8.E-15));
#816 = ORIENTED_EDGE('',*,*,#817,.F.);
#817 = EDGE_CURVE('',#818,#810,#820,.T.);
#818 = VERTEX_POINT('',#819);
#819 = CARTESIAN_POINT('',(39.025,-1.6,11.));
#820 = LINE('',#821,#822);
#821 = CARTESIAN_POINT('',(39.024999999999,-1.6,27.));
#822 = VECTOR('',#823,1.);
#823 = DIRECTION('',(-3.004E-14,-8.49E-15,1.));
#824 = ORIENTED_EDGE('',*,*,#825,.T.);
#825 = EDGE_CURVE('',#818,#826,#828,.T.);
#826 = VERTEX_POINT('',#827);
#827 = CARTESIAN_POINT('',(39.025,-20.6,11.));
#828 = LINE('',#829,#830);
#829 = CARTESIAN_POINT('',(39.025,-1.6,11.));
#830 = VECTOR('',#831,1.);
#831 = DIRECTION('',(0.,-1.,2.2E-16));
#832 = ORIENTED_EDGE('',*,*,#833,.T.);
#833 = EDGE_CURVE('',#826,#834,#836,.T.);
#834 = VERTEX_POINT('',#835);
#835 = CARTESIAN_POINT('',(39.025,-20.6,29.));
#836 = LINE('',#837,#838);
#837 = CARTESIAN_POINT('',(39.025,-20.6,10.));
#838 = VECTOR('',#839,1.);
#839 = DIRECTION('',(0.,2.2E-16,1.));
#840 = ORIENTED_EDGE('',*,*,#841,.F.);
#841 = EDGE_CURVE('',#371,#834,#842,.T.);
#842 = LINE('',#843,#844);
#843 = CARTESIAN_POINT('',(39.025,-16.1,29.));
#844 = VECTOR('',#845,1.);
#845 = DIRECTION('',(0.,-1.,-8.E-15));
#846 = ORIENTED_EDGE('',*,*,#370,.F.);
#847 = ORIENTED_EDGE('',*,*,#362,.T.);
#848 = ORIENTED_EDGE('',*,*,#793,.F.);
#849 = PLANE('',#850);
#850 = AXIS2_PLACEMENT_3D('',#851,#852,#853);
#851 = CARTESIAN_POINT('',(39.025,-11.6,20.279069767442));
#852 = DIRECTION('',(-1.,-0.,-2.611E-14));
#853 = DIRECTION('',(2.611E-14,0.,-1.));
#854 = ADVANCED_FACE('',(#855),#915,.T.);
#855 = FACE_BOUND('',#856,.F.);
#856 = EDGE_LOOP('',(#857,#858,#859,#908));
#857 = ORIENTED_EDGE('',*,*,#676,.F.);
#858 = ORIENTED_EDGE('',*,*,#194,.T.);
#859 = ORIENTED_EDGE('',*,*,#860,.T.);
#860 = EDGE_CURVE('',#195,#861,#863,.T.);
#861 = VERTEX_POINT('',#862);
#862 = CARTESIAN_POINT('',(46.560898384862,-6.1,27.000000000002));
#863 = B_SPLINE_CURVE_WITH_KNOTS('',7,(#864,#865,#866,#867,#868,#869,
    #870,#871,#872,#873,#874,#875,#876,#877,#878,#879,#880,#881,#882,
    #883,#884,#885,#886,#887,#888,#889,#890,#891,#892,#893,#894,#895,
    #896,#897,#898,#899,#900,#901,#902,#903,#904,#905,#906,#907),
  .UNSPECIFIED.,.F.,.F.,(8,6,6,6,6,6,6,8),(0.,0.2891663008,
    0.600711128036,0.725067063354,0.844490576908,0.922749963386,
    0.960068173077,1.),.UNSPECIFIED.);
#864 = CARTESIAN_POINT('',(46.560898384862,-7.1,24.627718676731));
#865 = CARTESIAN_POINT('',(46.560898384862,-7.1,24.736241739405));
#866 = CARTESIAN_POINT('',(46.560898384862,-7.09440241573,
    24.845476649879));
#867 = CARTESIAN_POINT('',(46.560898384862,-7.083600476094,
    24.955006299956));
#868 = CARTESIAN_POINT('',(46.560898384862,-7.0679873532,25.064497762485
    ));
#869 = CARTESIAN_POINT('',(46.560898384862,-7.047943884381,
    25.173694417338));
#870 = CARTESIAN_POINT('',(46.560898384862,-7.023826294214,
    25.282408077379));
#871 = CARTESIAN_POINT('',(46.560898384862,-6.965924500726,
    25.506980225506));
#872 = CARTESIAN_POINT('',(46.560898384862,-6.931543075129,25.6227152208
    ));
#873 = CARTESIAN_POINT('',(46.560898384862,-6.893209599825,
    25.737558302874));
#874 = CARTESIAN_POINT('',(46.560898384862,-6.851287623011,
    25.851387433411));
#875 = CARTESIAN_POINT('',(46.560898384862,-6.806084256454,
    25.964087935978));
#876 = CARTESIAN_POINT('',(46.560898384862,-6.7578641939,26.075563916754
    ));
#877 = CARTESIAN_POINT('',(46.560898384862,-6.68629698709,
    26.229538304298));
#878 = CARTESIAN_POINT('',(46.560898384862,-6.665414064812,
    26.273235034098));
#879 = CARTESIAN_POINT('',(46.560898384862,-6.644070995207,
    26.316688914017));
#880 = CARTESIAN_POINT('',(46.560898384862,-6.622269083944,
    26.359881604156));
#881 = CARTESIAN_POINT('',(46.560898384862,-6.600004952556,
    26.402789081881));
#882 = CARTESIAN_POINT('',(46.560898384862,-6.577266593101,
    26.445377490181));
#883 = CARTESIAN_POINT('',(46.560898384862,-6.531706707429,
    26.528138355512));
#884 = CARTESIAN_POINT('',(46.560898384862,-6.50892862086,
    26.568330494675));
#885 = CARTESIAN_POINT('',(46.560898384862,-6.485663132386,
    26.608137940794));
#886 = CARTESIAN_POINT('',(46.560898384862,-6.46186675622,
    26.647492759648));
#887 = CARTESIAN_POINT('',(46.560898384862,-6.437487453406,
    26.686301135153));
#888 = CARTESIAN_POINT('',(46.560898384862,-6.412439859207,
    26.724413426928));
#889 = CARTESIAN_POINT('',(46.560898384862,-6.369582723547,
    26.785895703529));
#890 = CARTESIAN_POINT('',(46.560898384862,-6.352268428137,
    26.809797387453));
#891 = CARTESIAN_POINT('',(46.560898384862,-6.334543958357,
    26.833207165374));
#892 = CARTESIAN_POINT('',(46.560898384862,-6.316341690549,
    26.856011248148));
#893 = CARTESIAN_POINT('',(46.560898384862,-6.297590413245,
    26.878039579261));
#894 = CARTESIAN_POINT('',(46.560898384862,-6.27819383696,
    26.899031557711));
#895 = CARTESIAN_POINT('',(46.560898384862,-6.248349669191,
    26.927877711522));
#896 = CARTESIAN_POINT('',(46.560898384862,-6.238534496261,
    26.936853920949));
#897 = CARTESIAN_POINT('',(46.560898384862,-6.228522732394,
    26.945447701523));
#898 = CARTESIAN_POINT('',(46.560898384862,-6.218299565145,
    26.953597073992));
#899 = CARTESIAN_POINT('',(46.560898384862,-6.207853663025,
    26.961224552523));
#900 = CARTESIAN_POINT('',(46.560898384862,-6.197177832907,
    26.968238953876));
#901 = CARTESIAN_POINT('',(46.560898384862,-6.174597558642,
    26.981276563571));
#902 = CARTESIAN_POINT('',(46.560898384862,-6.162652983762,
    26.987199899717));
#903 = CARTESIAN_POINT('',(46.560898384862,-6.15045053579,
    26.992171178498));
#904 = CARTESIAN_POINT('',(46.560898384862,-6.138021022158,
    26.996043175502));
#905 = CARTESIAN_POINT('',(46.560898384862,-6.125414478252,
    26.998681859562));
#906 = CARTESIAN_POINT('',(46.560898384862,-6.112705370636,
    27.000000000002));
#907 = CARTESIAN_POINT('',(46.560898384862,-6.1,27.000000000002));
#908 = ORIENTED_EDGE('',*,*,#909,.F.);
#909 = EDGE_CURVE('',#677,#861,#910,.T.);
#910 = CIRCLE('',#911,3.5);
#911 = AXIS2_PLACEMENT_3D('',#912,#913,#914);
#912 = CARTESIAN_POINT('',(50.025,-6.1,27.5));
#913 = DIRECTION('',(3.1E-16,1.,3.5E-15));
#914 = DIRECTION('',(0.989743318558,1.931795725356E-16,-0.142857143225)
  );
#915 = TOROIDAL_SURFACE('',#916,4.5,1.);
#916 = AXIS2_PLACEMENT_3D('',#917,#918,#919);
#917 = CARTESIAN_POINT('',(50.025,-6.1,27.5));
#918 = DIRECTION('',(-3.1E-16,-1.,-3.5E-15));
#919 = DIRECTION('',(0.989743318558,1.931795725356E-16,-0.142857143225)
  );
#920 = ADVANCED_FACE('',(#921),#999,.F.);
#921 = FACE_BOUND('',#922,.F.);
#922 = EDGE_LOOP('',(#923,#933,#941,#984,#990,#991,#992,#993));
#923 = ORIENTED_EDGE('',*,*,#924,.F.);
#924 = EDGE_CURVE('',#925,#927,#929,.T.);
#925 = VERTEX_POINT('',#926);
#926 = CARTESIAN_POINT('',(46.560898384862,-1.6,27.000000000001));
#927 = VERTEX_POINT('',#928);
#928 = CARTESIAN_POINT('',(46.560898384862,-1.6,29.));
#929 = LINE('',#930,#931);
#930 = CARTESIAN_POINT('',(46.560898384862,-1.6,27.));
#931 = VECTOR('',#932,1.);
#932 = DIRECTION('',(-3.004E-14,-8.49E-15,1.));
#933 = ORIENTED_EDGE('',*,*,#934,.T.);
#934 = EDGE_CURVE('',#925,#935,#937,.T.);
#935 = VERTEX_POINT('',#936);
#936 = CARTESIAN_POINT('',(46.560898384862,-1.6,24.627718676731));
#937 = LINE('',#938,#939);
#938 = CARTESIAN_POINT('',(46.560898384862,-1.6,18.67273103388));
#939 = VECTOR('',#940,1.);
#940 = DIRECTION('',(3.004E-14,0.,-1.));
#941 = ORIENTED_EDGE('',*,*,#942,.F.);
#942 = EDGE_CURVE('',#943,#935,#945,.T.);
#943 = VERTEX_POINT('',#944);
#944 = CARTESIAN_POINT('',(46.560898384862,-2.6,27.000000000002));
#945 = B_SPLINE_CURVE_WITH_KNOTS('',7,(#946,#947,#948,#949,#950,#951,
    #952,#953,#954,#955,#956,#957,#958,#959,#960,#961,#962,#963,#964,
    #965,#966,#967,#968,#969,#970,#971,#972,#973,#974,#975,#976,#977,
    #978,#979,#980,#981,#982,#983),.UNSPECIFIED.,.F.,.F.,(8,6,6,6,6,6,8)
  ,(0.,5.528815418215E-02,0.124946236774,0.241481367138,0.399894465915,
    0.71143863055,1.),.UNSPECIFIED.);
#946 = CARTESIAN_POINT('',(46.560898384862,-2.6,27.000000000002));
#947 = CARTESIAN_POINT('',(46.560898384862,-2.58238634231,
    27.000000000002));
#948 = CARTESIAN_POINT('',(46.560898384862,-2.564782237179,
    26.997467008832));
#949 = CARTESIAN_POINT('',(46.560898384862,-2.547465412547,
    26.992401875723));
#950 = CARTESIAN_POINT('',(46.560898384862,-2.530585482389,
    26.985135146561));
#951 = CARTESIAN_POINT('',(46.560898384862,-2.514215313433,
    26.97608631241));
#952 = CARTESIAN_POINT('',(46.560898384862,-2.498378214967,
    26.965624618358));
#953 = CARTESIAN_POINT('',(46.560898384862,-2.463739983936,
    26.939425065455));
#954 = CARTESIAN_POINT('',(46.560898384862,-2.44522028452,
    26.923009354985));
#955 = CARTESIAN_POINT('',(46.560898384862,-2.427367867903,
    26.905280262063));
#956 = CARTESIAN_POINT('',(46.560898384862,-2.410097625318,
    26.886576313107));
#957 = CARTESIAN_POINT('',(46.560898384862,-2.393337771666,
    26.867125950663));
#958 = CARTESIAN_POINT('',(46.560898384862,-2.377015237112,
    26.847074727209));
#959 = CARTESIAN_POINT('',(46.560898384862,-2.33434616479,
    26.792058852019));
#960 = CARTESIAN_POINT('',(46.560898384862,-2.308708525785,
    26.756220470983));
#961 = CARTESIAN_POINT('',(46.560898384862,-2.283863458731,26.7194435517
    ));
#962 = CARTESIAN_POINT('',(46.560898384862,-2.259698173515,
    26.681950901839));
#963 = CARTESIAN_POINT('',(46.560898384862,-2.23612171773,
    26.643903744958));
#964 = CARTESIAN_POINT('',(46.560898384862,-2.21307412537,
    26.605388524438));
#965 = CARTESIAN_POINT('',(46.560898384862,-2.15981781382,
    26.513521824774));
#966 = CARTESIAN_POINT('',(46.560898384862,-2.13003191938,
    26.459847106706));
#967 = CARTESIAN_POINT('',(46.560898384862,-2.101040586775,
    26.405589593801));
#968 = CARTESIAN_POINT('',(46.560898384862,-2.072805849267,
    26.350837427425));
#969 = CARTESIAN_POINT('',(46.560898384862,-2.045316465223,
    26.295646017892));
#970 = CARTESIAN_POINT('',(46.560898384862,-2.018570595687,
    26.240056642466));
#971 = CARTESIAN_POINT('',(46.560898384862,-1.941465305236,
    26.074029211362));
#972 = CARTESIAN_POINT('',(46.560898384862,-1.893281587655,
    25.962540357088));
#973 = CARTESIAN_POINT('',(46.560898384862,-1.848116745504,
    25.849828132834));
#974 = CARTESIAN_POINT('',(46.560898384862,-1.806235934391,
    25.735988333988));
#975 = CARTESIAN_POINT('',(46.560898384862,-1.767946778572,
    25.621135640051));
#976 = CARTESIAN_POINT('',(46.560898384862,-1.733613170057,
    25.505392398006));
#977 = CARTESIAN_POINT('',(46.560898384862,-1.675869103115,
    25.281033780308));
#978 = CARTESIAN_POINT('',(46.560898384862,-1.651845173942,
    25.172544116656));
#979 = CARTESIAN_POINT('',(46.560898384862,-1.631881205766,
    25.063575089717));
#980 = CARTESIAN_POINT('',(46.560898384862,-1.616331324116,
    24.954314075663));
#981 = CARTESIAN_POINT('',(46.560898384862,-1.605574022424,
    24.845016389015));
#982 = CARTESIAN_POINT('',(46.560898384862,-1.6,24.736013070803));
#983 = CARTESIAN_POINT('',(46.560898384862,-1.6,24.627718676731));
#984 = ORIENTED_EDGE('',*,*,#985,.T.);
#985 = EDGE_CURVE('',#943,#861,#986,.T.);
#986 = LINE('',#987,#988);
#987 = CARTESIAN_POINT('',(46.560898384862,-1.6,27.000000000001));
#988 = VECTOR('',#989,1.);
#989 = DIRECTION('',(0.,-1.,2.2E-16));
#990 = ORIENTED_EDGE('',*,*,#860,.F.);
#991 = ORIENTED_EDGE('',*,*,#203,.F.);
#992 = ORIENTED_EDGE('',*,*,#211,.T.);
#993 = ORIENTED_EDGE('',*,*,#994,.T.);
#994 = EDGE_CURVE('',#212,#927,#995,.T.);
#995 = LINE('',#996,#997);
#996 = CARTESIAN_POINT('',(46.560898384862,-7.1,29.));
#997 = VECTOR('',#998,1.);
#998 = DIRECTION('',(0.,1.,8.E-15));
#999 = PLANE('',#1000);
#1000 = AXIS2_PLACEMENT_3D('',#1001,#1002,#1003);
#1001 = CARTESIAN_POINT('',(46.560898384862,-7.1,27.));
#1002 = DIRECTION('',(-1.,0.,-3.004E-14));
#1003 = DIRECTION('',(-2.550396E-28,1.,8.49E-15));
#1004 = ADVANCED_FACE('',(#1005),#1032,.T.);
#1005 = FACE_BOUND('',#1006,.F.);
#1006 = EDGE_LOOP('',(#1007,#1016,#1024,#1031));
#1007 = ORIENTED_EDGE('',*,*,#1008,.F.);
#1008 = EDGE_CURVE('',#1009,#220,#1011,.T.);
#1009 = VERTEX_POINT('',#1010);
#1010 = CARTESIAN_POINT('',(40.025,-6.1,30.));
#1011 = ELLIPSE('',#1012,1.414213562373,1.);
#1012 = AXIS2_PLACEMENT_3D('',#1013,#1014,#1015);
#1013 = CARTESIAN_POINT('',(40.025,-6.1,29.));
#1014 = DIRECTION('',(0.707106781187,-0.707106781187,1.556E-14));
#1015 = DIRECTION('',(-0.707106781187,-0.707106781187,-2.687E-14));
#1016 = ORIENTED_EDGE('',*,*,#1017,.T.);
#1017 = EDGE_CURVE('',#1009,#1018,#1020,.T.);
#1018 = VERTEX_POINT('',#1019);
#1019 = CARTESIAN_POINT('',(45.560898384862,-6.1,30.));
#1020 = LINE('',#1021,#1022);
#1021 = CARTESIAN_POINT('',(39.024999999999,-6.1,30.));
#1022 = VECTOR('',#1023,1.);
#1023 = DIRECTION('',(1.,0.,3.E-14));
#1024 = ORIENTED_EDGE('',*,*,#1025,.F.);
#1025 = EDGE_CURVE('',#212,#1018,#1026,.T.);
#1026 = ELLIPSE('',#1027,1.414213562373,1.);
#1027 = AXIS2_PLACEMENT_3D('',#1028,#1029,#1030);
#1028 = CARTESIAN_POINT('',(45.560898384862,-6.1,29.));
#1029 = DIRECTION('',(-0.707106781187,-0.707106781187,-2.687E-14));
#1030 = DIRECTION('',(0.707106781187,-0.707106781187,1.556E-14));
#1031 = ORIENTED_EDGE('',*,*,#219,.F.);
#1032 = CYLINDRICAL_SURFACE('',#1033,1.);
#1033 = AXIS2_PLACEMENT_3D('',#1034,#1035,#1036);
#1034 = CARTESIAN_POINT('',(39.024999999999,-6.1,29.));
#1035 = DIRECTION('',(1.,0.,3.E-14));
#1036 = DIRECTION('',(1.05E-28,-1.,-3.5E-15));
#1037 = ADVANCED_FACE('',(#1038),#1065,.T.);
#1038 = FACE_BOUND('',#1039,.F.);
#1039 = EDGE_LOOP('',(#1040,#1049,#1057,#1064));
#1040 = ORIENTED_EDGE('',*,*,#1041,.T.);
#1041 = EDGE_CURVE('',#379,#1042,#1044,.T.);
#1042 = VERTEX_POINT('',#1043);
#1043 = CARTESIAN_POINT('',(45.560898384862,-17.1,30.));
#1044 = ELLIPSE('',#1045,1.414213562373,1.);
#1045 = AXIS2_PLACEMENT_3D('',#1046,#1047,#1048);
#1046 = CARTESIAN_POINT('',(45.560898384862,-17.1,29.));
#1047 = DIRECTION('',(0.707106781187,-0.707106781187,1.556E-14));
#1048 = DIRECTION('',(-0.707106781187,-0.707106781187,-2.687E-14));
#1049 = ORIENTED_EDGE('',*,*,#1050,.T.);
#1050 = EDGE_CURVE('',#1042,#1051,#1053,.T.);
#1051 = VERTEX_POINT('',#1052);
#1052 = CARTESIAN_POINT('',(40.025,-17.1,30.));
#1053 = LINE('',#1054,#1055);
#1054 = CARTESIAN_POINT('',(46.560898384862,-17.1,30.));
#1055 = VECTOR('',#1056,1.);
#1056 = DIRECTION('',(-1.,0.,-3.E-14));
#1057 = ORIENTED_EDGE('',*,*,#1058,.F.);
#1058 = EDGE_CURVE('',#371,#1051,#1059,.T.);
#1059 = ELLIPSE('',#1060,1.414213562373,1.);
#1060 = AXIS2_PLACEMENT_3D('',#1061,#1062,#1063);
#1061 = CARTESIAN_POINT('',(40.025,-17.1,29.));
#1062 = DIRECTION('',(0.707106781187,0.707106781187,2.687E-14));
#1063 = DIRECTION('',(-0.707106781187,0.707106781187,-1.556E-14));
#1064 = ORIENTED_EDGE('',*,*,#378,.F.);
#1065 = CYLINDRICAL_SURFACE('',#1066,1.);
#1066 = AXIS2_PLACEMENT_3D('',#1067,#1068,#1069);
#1067 = CARTESIAN_POINT('',(46.560898384862,-17.1,29.));
#1068 = DIRECTION('',(-1.,0.,-3.E-14));
#1069 = DIRECTION('',(-1.245E-28,1.,4.15E-15));
#1070 = ADVANCED_FACE('',(#1071),#1197,.F.);
#1071 = FACE_BOUND('',#1072,.F.);
#1072 = EDGE_LOOP('',(#1073,#1083,#1089,#1090,#1091,#1140,#1148,#1191));
#1073 = ORIENTED_EDGE('',*,*,#1074,.T.);
#1074 = EDGE_CURVE('',#1075,#1077,#1079,.T.);
#1075 = VERTEX_POINT('',#1076);
#1076 = CARTESIAN_POINT('',(46.560898384862,-21.6,27.));
#1077 = VERTEX_POINT('',#1078);
#1078 = CARTESIAN_POINT('',(46.560898384862,-21.6,29.));
#1079 = LINE('',#1080,#1081);
#1080 = CARTESIAN_POINT('',(46.560898384862,-21.6,27.));
#1081 = VECTOR('',#1082,1.);
#1082 = DIRECTION('',(-3.004E-14,-8.49E-15,1.));
#1083 = ORIENTED_EDGE('',*,*,#1084,.T.);
#1084 = EDGE_CURVE('',#1077,#379,#1085,.T.);
#1085 = LINE('',#1086,#1087);
#1086 = CARTESIAN_POINT('',(46.560898384862,-21.6,29.));
#1087 = VECTOR('',#1088,1.);
#1088 = DIRECTION('',(0.,1.,8.E-15));
#1089 = ORIENTED_EDGE('',*,*,#386,.F.);
#1090 = ORIENTED_EDGE('',*,*,#394,.T.);
#1091 = ORIENTED_EDGE('',*,*,#1092,.T.);
#1092 = EDGE_CURVE('',#395,#1093,#1095,.T.);
#1093 = VERTEX_POINT('',#1094);
#1094 = CARTESIAN_POINT('',(46.560898384862,-17.1,27.));
#1095 = B_SPLINE_CURVE_WITH_KNOTS('',7,(#1096,#1097,#1098,#1099,#1100,
    #1101,#1102,#1103,#1104,#1105,#1106,#1107,#1108,#1109,#1110,#1111,
    #1112,#1113,#1114,#1115,#1116,#1117,#1118,#1119,#1120,#1121,#1122,
    #1123,#1124,#1125,#1126,#1127,#1128,#1129,#1130,#1131,#1132,#1133,
    #1134,#1135,#1136,#1137,#1138,#1139),.UNSPECIFIED.,.F.,.F.,(8,6,6,6,
    6,6,6,8),(0.,0.2891663008,0.600711128036,0.725067063354,
    0.844490576908,0.922749963386,0.960068173077,1.),.UNSPECIFIED.);
#1096 = CARTESIAN_POINT('',(46.560898384862,-16.1,24.627718676731));
#1097 = CARTESIAN_POINT('',(46.560898384862,-16.1,24.736241739404));
#1098 = CARTESIAN_POINT('',(46.560898384862,-16.10559758427,
    24.845476649879));
#1099 = CARTESIAN_POINT('',(46.560898384862,-16.1163995239,
    24.955006299956));
#1100 = CARTESIAN_POINT('',(46.560898384862,-16.1320126468,
    25.064497762485));
#1101 = CARTESIAN_POINT('',(46.560898384862,-16.15205611561,
    25.173694417338));
#1102 = CARTESIAN_POINT('',(46.560898384862,-16.17617370578,
    25.282408077379));
#1103 = CARTESIAN_POINT('',(46.560898384862,-16.23407549927,
    25.506980225505));
#1104 = CARTESIAN_POINT('',(46.560898384862,-16.26845692487,
    25.622715220801));
#1105 = CARTESIAN_POINT('',(46.560898384862,-16.30679040017,
    25.737558302872));
#1106 = CARTESIAN_POINT('',(46.560898384862,-16.34871237699,
    25.851387433412));
#1107 = CARTESIAN_POINT('',(46.560898384862,-16.39391574354,
    25.964087935977));
#1108 = CARTESIAN_POINT('',(46.560898384862,-16.4421358061,
    26.075563916753));
#1109 = CARTESIAN_POINT('',(46.560898384862,-16.51370301291,
    26.229538304297));
#1110 = CARTESIAN_POINT('',(46.560898384862,-16.53458593518,
    26.273235034098));
#1111 = CARTESIAN_POINT('',(46.560898384862,-16.55592900479,
    26.316688914017));
#1112 = CARTESIAN_POINT('',(46.560898384862,-16.57773091605,
    26.359881604155));
#1113 = CARTESIAN_POINT('',(46.560898384862,-16.59999504744,
    26.40278908188));
#1114 = CARTESIAN_POINT('',(46.560898384862,-16.62273340689,
    26.44537749018));
#1115 = CARTESIAN_POINT('',(46.560898384862,-16.66829329257,
    26.528138355511));
#1116 = CARTESIAN_POINT('',(46.560898384862,-16.69107137914,
    26.568330494674));
#1117 = CARTESIAN_POINT('',(46.560898384862,-16.71433686761,
    26.608137940794));
#1118 = CARTESIAN_POINT('',(46.560898384862,-16.73813324378,
    26.647492759647));
#1119 = CARTESIAN_POINT('',(46.560898384862,-16.76251254659,
    26.686301135152));
#1120 = CARTESIAN_POINT('',(46.560898384862,-16.78756014079,
    26.724413426927));
#1121 = CARTESIAN_POINT('',(46.560898384862,-16.83041727645,
    26.785895703528));
#1122 = CARTESIAN_POINT('',(46.560898384862,-16.84773157186,
    26.809797387452));
#1123 = CARTESIAN_POINT('',(46.560898384862,-16.86545604164,
    26.833207165373));
#1124 = CARTESIAN_POINT('',(46.560898384862,-16.88365830945,
    26.856011248147));
#1125 = CARTESIAN_POINT('',(46.560898384862,-16.90240958675,
    26.87803957926));
#1126 = CARTESIAN_POINT('',(46.560898384862,-16.92180616304,
    26.89903155771));
#1127 = CARTESIAN_POINT('',(46.560898384862,-16.9516503308,
    26.927877711521));
#1128 = CARTESIAN_POINT('',(46.560898384862,-16.96146550373,
    26.936853920947));
#1129 = CARTESIAN_POINT('',(46.560898384862,-16.9714772676,
    26.945447701521));
#1130 = CARTESIAN_POINT('',(46.560898384862,-16.98170043485,
    26.953597073991));
#1131 = CARTESIAN_POINT('',(46.560898384862,-16.99214633697,
    26.961224552522));
#1132 = CARTESIAN_POINT('',(46.560898384862,-17.00282216709,
    26.968238953875));
#1133 = CARTESIAN_POINT('',(46.560898384862,-17.02540244135,
    26.98127656357));
#1134 = CARTESIAN_POINT('',(46.560898384862,-17.03734701623,
    26.987199899716));
#1135 = CARTESIAN_POINT('',(46.560898384862,-17.04954946421,
    26.992171178496));
#1136 = CARTESIAN_POINT('',(46.560898384862,-17.06197897784,
    26.9960431755));
#1137 = CARTESIAN_POINT('',(46.560898384862,-17.07458552174,
    26.998681859561));
#1138 = CARTESIAN_POINT('',(46.560898384862,-17.08729462936,27.));
#1139 = CARTESIAN_POINT('',(46.560898384862,-17.1,27.));
#1140 = ORIENTED_EDGE('',*,*,#1141,.F.);
#1141 = EDGE_CURVE('',#1142,#1093,#1144,.T.);
#1142 = VERTEX_POINT('',#1143);
#1143 = CARTESIAN_POINT('',(46.560898384862,-20.6,27.));
#1144 = LINE('',#1145,#1146);
#1145 = CARTESIAN_POINT('',(46.560898384862,-21.6,27.));
#1146 = VECTOR('',#1147,1.);
#1147 = DIRECTION('',(0.,1.,-2.2E-16));
#1148 = ORIENTED_EDGE('',*,*,#1149,.T.);
#1149 = EDGE_CURVE('',#1142,#1150,#1152,.T.);
#1150 = VERTEX_POINT('',#1151);
#1151 = CARTESIAN_POINT('',(46.560898384862,-21.6,24.627718676731));
#1152 = B_SPLINE_CURVE_WITH_KNOTS('',7,(#1153,#1154,#1155,#1156,#1157,
    #1158,#1159,#1160,#1161,#1162,#1163,#1164,#1165,#1166,#1167,#1168,
    #1169,#1170,#1171,#1172,#1173,#1174,#1175,#1176,#1177,#1178,#1179,
    #1180,#1181,#1182,#1183,#1184,#1185,#1186,#1187,#1188,#1189,#1190),
  .UNSPECIFIED.,.F.,.F.,(8,6,6,6,6,6,8),(0.,5.52881541826E-02,
    0.124946236775,0.241481367139,0.399894465916,0.711438630551,1.),
  .UNSPECIFIED.);
#1153 = CARTESIAN_POINT('',(46.560898384862,-20.6,27.));
#1154 = CARTESIAN_POINT('',(46.560898384862,-20.61761365769,27.));
#1155 = CARTESIAN_POINT('',(46.560898384862,-20.63521776282,
    26.99746700883));
#1156 = CARTESIAN_POINT('',(46.560898384862,-20.65253458745,
    26.992401875721));
#1157 = CARTESIAN_POINT('',(46.560898384862,-20.66941451761,
    26.98513514656));
#1158 = CARTESIAN_POINT('',(46.560898384862,-20.68578468656,
    26.976086312408));
#1159 = CARTESIAN_POINT('',(46.560898384862,-20.70162178503,
    26.965624618356));
#1160 = CARTESIAN_POINT('',(46.560898384862,-20.73626001606,
    26.939425065453));
#1161 = CARTESIAN_POINT('',(46.560898384862,-20.75477971548,
    26.923009354983));
#1162 = CARTESIAN_POINT('',(46.560898384862,-20.77263213209,
    26.905280262061));
#1163 = CARTESIAN_POINT('',(46.560898384862,-20.78990237468,
    26.886576313105));
#1164 = CARTESIAN_POINT('',(46.560898384862,-20.80666222833,
    26.867125950661));
#1165 = CARTESIAN_POINT('',(46.560898384862,-20.82298476288,
    26.847074727206));
#1166 = CARTESIAN_POINT('',(46.560898384862,-20.86565383521,
    26.792058852017));
#1167 = CARTESIAN_POINT('',(46.560898384862,-20.89129147421,
    26.756220470981));
#1168 = CARTESIAN_POINT('',(46.560898384862,-20.91613654127,
    26.719443551697));
#1169 = CARTESIAN_POINT('',(46.560898384862,-20.94030182648,
    26.681950901837));
#1170 = CARTESIAN_POINT('',(46.560898384862,-20.96387828227,
    26.643903744956));
#1171 = CARTESIAN_POINT('',(46.560898384862,-20.98692587463,
    26.605388524436));
#1172 = CARTESIAN_POINT('',(46.560898384862,-21.04018218618,
    26.513521824772));
#1173 = CARTESIAN_POINT('',(46.560898384862,-21.06996808062,
    26.459847106704));
#1174 = CARTESIAN_POINT('',(46.560898384862,-21.09895941322,
    26.405589593798));
#1175 = CARTESIAN_POINT('',(46.560898384862,-21.12719415073,
    26.350837427423));
#1176 = CARTESIAN_POINT('',(46.560898384862,-21.15468353477,
    26.29564601789));
#1177 = CARTESIAN_POINT('',(46.560898384862,-21.18142940431,
    26.240056642464));
#1178 = CARTESIAN_POINT('',(46.560898384862,-21.25853469476,
    26.07402921136));
#1179 = CARTESIAN_POINT('',(46.560898384862,-21.30671841234,
    25.962540357086));
#1180 = CARTESIAN_POINT('',(46.560898384862,-21.35188325449,
    25.849828132831));
#1181 = CARTESIAN_POINT('',(46.560898384862,-21.3937640656,
    25.735988333987));
#1182 = CARTESIAN_POINT('',(46.560898384862,-21.43205322142,
    25.621135640049));
#1183 = CARTESIAN_POINT('',(46.560898384862,-21.46638682994,
    25.505392398004));
#1184 = CARTESIAN_POINT('',(46.560898384862,-21.52413089688,
    25.281033780307));
#1185 = CARTESIAN_POINT('',(46.560898384862,-21.54815482605,
    25.172544116654));
#1186 = CARTESIAN_POINT('',(46.560898384862,-21.56811879423,
    25.063575089716));
#1187 = CARTESIAN_POINT('',(46.560898384862,-21.58366867588,
    24.954314075662));
#1188 = CARTESIAN_POINT('',(46.560898384862,-21.59442597757,
    24.845016389014));
#1189 = CARTESIAN_POINT('',(46.560898384862,-21.6,24.736013070802));
#1190 = CARTESIAN_POINT('',(46.560898384862,-21.6,24.627718676731));
#1191 = ORIENTED_EDGE('',*,*,#1192,.F.);
#1192 = EDGE_CURVE('',#1075,#1150,#1193,.T.);
#1193 = LINE('',#1194,#1195);
#1194 = CARTESIAN_POINT('',(46.560898384862,-21.6,23.674277345379));
#1195 = VECTOR('',#1196,1.);
#1196 = DIRECTION('',(3.004E-14,4.7E-16,-1.));
#1197 = PLANE('',#1198);
#1198 = AXIS2_PLACEMENT_3D('',#1199,#1200,#1201);
#1199 = CARTESIAN_POINT('',(46.560898384862,-21.6,27.));
#1200 = DIRECTION('',(-1.,0.,-3.004E-14));
#1201 = DIRECTION('',(-2.550396E-28,1.,8.49E-15));
#1202 = ADVANCED_FACE('',(#1203),#1263,.T.);
#1203 = FACE_BOUND('',#1204,.F.);
#1204 = EDGE_LOOP('',(#1205,#1206,#1207,#1256));
#1205 = ORIENTED_EDGE('',*,*,#1092,.F.);
#1206 = ORIENTED_EDGE('',*,*,#402,.T.);
#1207 = ORIENTED_EDGE('',*,*,#1208,.T.);
#1208 = EDGE_CURVE('',#403,#1209,#1211,.T.);
#1209 = VERTEX_POINT('',#1210);
#1210 = CARTESIAN_POINT('',(53.489101614952,-17.1,26.99999999871));
#1211 = B_SPLINE_CURVE_WITH_KNOTS('',7,(#1212,#1213,#1214,#1215,#1216,
    #1217,#1218,#1219,#1220,#1221,#1222,#1223,#1224,#1225,#1226,#1227,
    #1228,#1229,#1230,#1231,#1232,#1233,#1234,#1235,#1236,#1237,#1238,
    #1239,#1240,#1241,#1242,#1243,#1244,#1245,#1246,#1247,#1248,#1249,
    #1250,#1251,#1252,#1253,#1254,#1255),.UNSPECIFIED.,.F.,.F.,(8,6,6,6,
    6,6,6,8),(0.,0.289166300849,0.600711128111,0.725067063421,
    0.844490576946,0.922749963392,0.960068173073,1.),.UNSPECIFIED.);
#1212 = CARTESIAN_POINT('',(53.489101614952,-16.1,24.627718676506));
#1213 = CARTESIAN_POINT('',(53.489101614952,-16.1,24.736241739169));
#1214 = CARTESIAN_POINT('',(53.489101614952,-16.10559758427,
    24.845476649633));
#1215 = CARTESIAN_POINT('',(53.489101614952,-16.1163995239,
    24.955006299698));
#1216 = CARTESIAN_POINT('',(53.489101614952,-16.13201264679,
    25.064497762216));
#1217 = CARTESIAN_POINT('',(53.489101614952,-16.15205611561,
    25.173694417057));
#1218 = CARTESIAN_POINT('',(53.489101614952,-16.17617370578,
    25.282408077086));
#1219 = CARTESIAN_POINT('',(53.489101614952,-16.23407549927,
    25.506980225176));
#1220 = CARTESIAN_POINT('',(53.489101614952,-16.26845692486,
    25.622715220447));
#1221 = CARTESIAN_POINT('',(53.489101614952,-16.30679040017,
    25.737558302496));
#1222 = CARTESIAN_POINT('',(53.489101614952,-16.34871237698,
    25.851387433007));
#1223 = CARTESIAN_POINT('',(53.489101614952,-16.39391574354,
    25.964087935548));
#1224 = CARTESIAN_POINT('',(53.489101614952,-16.44213580609,
    26.075563916294));
#1225 = CARTESIAN_POINT('',(53.489101614952,-16.5137030129,
    26.229538303787));
#1226 = CARTESIAN_POINT('',(53.489101614952,-16.53458593518,
    26.273235033568));
#1227 = CARTESIAN_POINT('',(53.489101614952,-16.55592900479,
    26.316688913467));
#1228 = CARTESIAN_POINT('',(53.489101614952,-16.57773091605,
    26.359881603585));
#1229 = CARTESIAN_POINT('',(53.489101614952,-16.59999504744,
    26.402789081289));
#1230 = CARTESIAN_POINT('',(53.489101614952,-16.62273340689,
    26.445377489567));
#1231 = CARTESIAN_POINT('',(53.489101614952,-16.66829329256,
    26.528138354844));
#1232 = CARTESIAN_POINT('',(53.489101614952,-16.69107137913,
    26.568330493977));
#1233 = CARTESIAN_POINT('',(53.489101614952,-16.7143368676,
    26.608137940064));
#1234 = CARTESIAN_POINT('',(53.489101614952,-16.73813324377,
    26.647492758885));
#1235 = CARTESIAN_POINT('',(53.489101614952,-16.76251254658,
    26.686301134355));
#1236 = CARTESIAN_POINT('',(53.489101614952,-16.78756014079,
    26.724413426093));
#1237 = CARTESIAN_POINT('',(53.489101614952,-16.83041727645,
    26.785895702624));
#1238 = CARTESIAN_POINT('',(53.489101614952,-16.84773157186,
    26.809797386517));
#1239 = CARTESIAN_POINT('',(53.489101614952,-16.86545604164,
    26.833207164407));
#1240 = CARTESIAN_POINT('',(53.489101614952,-16.88365830945,
    26.856011247146));
#1241 = CARTESIAN_POINT('',(53.489101614952,-16.90240958675,
    26.878039578224));
#1242 = CARTESIAN_POINT('',(53.489101614952,-16.92180616304,
    26.899031556638));
#1243 = CARTESIAN_POINT('',(53.489101614952,-16.95165033081,
    26.927877710394));
#1244 = CARTESIAN_POINT('',(53.489101614952,-16.96146550374,
    26.936853919804));
#1245 = CARTESIAN_POINT('',(53.489101614952,-16.9714772676,
    26.945447700361));
#1246 = CARTESIAN_POINT('',(53.489101614952,-16.98170043485,
    26.953597072813));
#1247 = CARTESIAN_POINT('',(53.489101614952,-16.99214633697,
    26.961224551326));
#1248 = CARTESIAN_POINT('',(53.489101614952,-17.00282216709,
    26.968238952663));
#1249 = CARTESIAN_POINT('',(53.489101614952,-17.02540244136,
    26.981276562328));
#1250 = CARTESIAN_POINT('',(53.489101614952,-17.03734701624,
    26.98719989846));
#1251 = CARTESIAN_POINT('',(53.489101614952,-17.04954946421,
    26.992171177228));
#1252 = CARTESIAN_POINT('',(53.489101614952,-17.06197897784,
    26.996043174221));
#1253 = CARTESIAN_POINT('',(53.489101614952,-17.07458552175,
    26.998681858274));
#1254 = CARTESIAN_POINT('',(53.489101614952,-17.08729462936,
    26.99999999871));
#1255 = CARTESIAN_POINT('',(53.489101614952,-17.1,26.99999999871));
#1256 = ORIENTED_EDGE('',*,*,#1257,.F.);
#1257 = EDGE_CURVE('',#1093,#1209,#1258,.T.);
#1258 = CIRCLE('',#1259,3.5);
#1259 = AXIS2_PLACEMENT_3D('',#1260,#1261,#1262);
#1260 = CARTESIAN_POINT('',(50.025,-17.1,27.5));
#1261 = DIRECTION('',(0.,-1.,-4.15E-15));
#1262 = DIRECTION('',(-0.989743318611,5.928571428571E-16,-0.142857142857
    ));
#1263 = TOROIDAL_SURFACE('',#1264,4.5,1.);
#1264 = AXIS2_PLACEMENT_3D('',#1265,#1266,#1267);
#1265 = CARTESIAN_POINT('',(50.025,-17.1,27.5));
#1266 = DIRECTION('',(0.,1.,4.15E-15));
#1267 = DIRECTION('',(-0.989743318611,5.928571428571E-16,-0.142857142857
    ));
#1268 = ADVANCED_FACE('',(#1269),#1347,.F.);
#1269 = FACE_BOUND('',#1270,.F.);
#1270 = EDGE_LOOP('',(#1271,#1281,#1289,#1332,#1338,#1339,#1340,#1341));
#1271 = ORIENTED_EDGE('',*,*,#1272,.F.);
#1272 = EDGE_CURVE('',#1273,#1275,#1277,.T.);
#1273 = VERTEX_POINT('',#1274);
#1274 = CARTESIAN_POINT('',(53.489101614952,-21.6,26.999999999349));
#1275 = VERTEX_POINT('',#1276);
#1276 = CARTESIAN_POINT('',(53.489101614952,-21.6,29.));
#1277 = LINE('',#1278,#1279);
#1278 = CARTESIAN_POINT('',(53.489101614952,-21.6,27.));
#1279 = VECTOR('',#1280,1.);
#1280 = DIRECTION('',(-3.004E-14,-8.49E-15,1.));
#1281 = ORIENTED_EDGE('',*,*,#1282,.T.);
#1282 = EDGE_CURVE('',#1273,#1283,#1285,.T.);
#1283 = VERTEX_POINT('',#1284);
#1284 = CARTESIAN_POINT('',(53.489101614952,-21.6,24.627718676506));
#1285 = LINE('',#1286,#1287);
#1286 = CARTESIAN_POINT('',(53.489101614952,-21.6,23.674277345379));
#1287 = VECTOR('',#1288,1.);
#1288 = DIRECTION('',(3.004E-14,4.7E-16,-1.));
#1289 = ORIENTED_EDGE('',*,*,#1290,.F.);
#1290 = EDGE_CURVE('',#1291,#1283,#1293,.T.);
#1291 = VERTEX_POINT('',#1292);
#1292 = CARTESIAN_POINT('',(53.489101614952,-20.6,26.99999999871));
#1293 = B_SPLINE_CURVE_WITH_KNOTS('',7,(#1294,#1295,#1296,#1297,#1298,
    #1299,#1300,#1301,#1302,#1303,#1304,#1305,#1306,#1307,#1308,#1309,
    #1310,#1311,#1312,#1313,#1314,#1315,#1316,#1317,#1318,#1319,#1320,
    #1321,#1322,#1323,#1324,#1325,#1326,#1327,#1328,#1329,#1330,#1331),
  .UNSPECIFIED.,.F.,.F.,(8,6,6,6,6,6,8),(0.,5.528815417893E-02,
    0.124946236742,0.24148136707,0.399894465834,0.711438630495,1.),
  .UNSPECIFIED.);
#1294 = CARTESIAN_POINT('',(53.489101614952,-20.6,26.99999999871));
#1295 = CARTESIAN_POINT('',(53.489101614952,-20.61761365768,
    26.99999999871));
#1296 = CARTESIAN_POINT('',(53.489101614952,-20.63521776281,
    26.997467007548));
#1297 = CARTESIAN_POINT('',(53.489101614952,-20.65253458743,
    26.992401874455));
#1298 = CARTESIAN_POINT('',(53.489101614952,-20.66941451759,
    26.985135145315));
#1299 = CARTESIAN_POINT('',(53.489101614952,-20.68578468655,
    26.976086311187));
#1300 = CARTESIAN_POINT('',(53.489101614952,-20.70162178502,
    26.965624617158));
#1301 = CARTESIAN_POINT('',(53.489101614952,-20.73626001605,
    26.939425064314));
#1302 = CARTESIAN_POINT('',(53.489101614952,-20.75477971546,
    26.923009353879));
#1303 = CARTESIAN_POINT('',(53.489101614952,-20.77263213208,
    26.905280260991));
#1304 = CARTESIAN_POINT('',(53.489101614952,-20.78990237467,
    26.886576312069));
#1305 = CARTESIAN_POINT('',(53.489101614952,-20.80666222832,
    26.867125949656));
#1306 = CARTESIAN_POINT('',(53.489101614952,-20.82298476287,
    26.847074726232));
#1307 = CARTESIAN_POINT('',(53.489101614952,-20.8656538352,
    26.792058851118));
#1308 = CARTESIAN_POINT('',(53.489101614952,-20.89129147421,
    26.756220470124));
#1309 = CARTESIAN_POINT('',(53.489101614952,-20.91613654126,
    26.719443550881));
#1310 = CARTESIAN_POINT('',(53.489101614952,-20.94030182648,
    26.681950901058));
#1311 = CARTESIAN_POINT('',(53.489101614952,-20.96387828226,
    26.643903744213));
#1312 = CARTESIAN_POINT('',(53.489101614952,-20.98692587462,
    26.605388523727));
#1313 = CARTESIAN_POINT('',(53.489101614952,-21.04018218617,
    26.513521824131));
#1314 = CARTESIAN_POINT('',(53.489101614952,-21.06996808061,
    26.459847106094));
#1315 = CARTESIAN_POINT('',(53.489101614952,-21.09895941322,
    26.405589593218));
#1316 = CARTESIAN_POINT('',(53.489101614952,-21.12719415073,
    26.350837426871));
#1317 = CARTESIAN_POINT('',(53.489101614952,-21.15468353477,
    26.295646017366));
#1318 = CARTESIAN_POINT('',(53.489101614952,-21.1814294043,
    26.240056641966));
#1319 = CARTESIAN_POINT('',(53.489101614952,-21.25853469476,
    26.07402921092));
#1320 = CARTESIAN_POINT('',(53.489101614952,-21.30671841234,
    25.962540356675));
#1321 = CARTESIAN_POINT('',(53.489101614952,-21.35188325449,
    25.849828132446));
#1322 = CARTESIAN_POINT('',(53.489101614952,-21.3937640656,
    25.735988333628));
#1323 = CARTESIAN_POINT('',(53.489101614952,-21.43205322142,
    25.621135639714));
#1324 = CARTESIAN_POINT('',(53.489101614952,-21.46638682994,
    25.505392397694));
#1325 = CARTESIAN_POINT('',(53.489101614952,-21.52413089688,
    25.28103378003));
#1326 = CARTESIAN_POINT('',(53.489101614952,-21.54815482605,
    25.172544116387));
#1327 = CARTESIAN_POINT('',(53.489101614952,-21.56811879423,
    25.063575089457));
#1328 = CARTESIAN_POINT('',(53.489101614952,-21.58366867588,
    24.954314075413));
#1329 = CARTESIAN_POINT('',(53.489101614952,-21.59442597757,
    24.845016388773));
#1330 = CARTESIAN_POINT('',(53.489101614952,-21.6,24.736013070569));
#1331 = CARTESIAN_POINT('',(53.489101614952,-21.6,24.627718676506));
#1332 = ORIENTED_EDGE('',*,*,#1333,.T.);
#1333 = EDGE_CURVE('',#1291,#1209,#1334,.T.);
#1334 = LINE('',#1335,#1336);
#1335 = CARTESIAN_POINT('',(53.489101614952,-21.6,26.99999999871));
#1336 = VECTOR('',#1337,1.);
#1337 = DIRECTION('',(0.,1.,-2.2E-16));
#1338 = ORIENTED_EDGE('',*,*,#1208,.F.);
#1339 = ORIENTED_EDGE('',*,*,#411,.F.);
#1340 = ORIENTED_EDGE('',*,*,#419,.T.);
#1341 = ORIENTED_EDGE('',*,*,#1342,.T.);
#1342 = EDGE_CURVE('',#420,#1275,#1343,.T.);
#1343 = LINE('',#1344,#1345);
#1344 = CARTESIAN_POINT('',(53.489101614952,-16.1,29.));
#1345 = VECTOR('',#1346,1.);
#1346 = DIRECTION('',(0.,-1.,-8.E-15));
#1347 = PLANE('',#1348);
#1348 = AXIS2_PLACEMENT_3D('',#1349,#1350,#1351);
#1349 = CARTESIAN_POINT('',(53.489101614952,-16.1,27.));
#1350 = DIRECTION('',(1.,0.,3.004E-14));
#1351 = DIRECTION('',(2.550396E-28,-1.,-8.49E-15));
#1352 = ADVANCED_FACE('',(#1353),#1380,.T.);
#1353 = FACE_BOUND('',#1354,.F.);
#1354 = EDGE_LOOP('',(#1355,#1364,#1372,#1379));
#1355 = ORIENTED_EDGE('',*,*,#1356,.T.);
#1356 = EDGE_CURVE('',#428,#1357,#1359,.T.);
#1357 = VERTEX_POINT('',#1358);
#1358 = CARTESIAN_POINT('',(60.025,-17.1,30.000000000001));
#1359 = ELLIPSE('',#1360,1.414213562373,1.);
#1360 = AXIS2_PLACEMENT_3D('',#1361,#1362,#1363);
#1361 = CARTESIAN_POINT('',(60.025,-17.1,29.000000000001));
#1362 = DIRECTION('',(0.707106781187,-0.707106781187,1.556E-14));
#1363 = DIRECTION('',(0.707106781187,0.707106781187,2.687E-14));
#1364 = ORIENTED_EDGE('',*,*,#1365,.T.);
#1365 = EDGE_CURVE('',#1357,#1366,#1368,.T.);
#1366 = VERTEX_POINT('',#1367);
#1367 = CARTESIAN_POINT('',(54.489101614952,-17.1,30.));
#1368 = LINE('',#1369,#1370);
#1369 = CARTESIAN_POINT('',(61.024999999999,-17.1,30.000000000001));
#1370 = VECTOR('',#1371,1.);
#1371 = DIRECTION('',(-1.,0.,-3.E-14));
#1372 = ORIENTED_EDGE('',*,*,#1373,.F.);
#1373 = EDGE_CURVE('',#420,#1366,#1374,.T.);
#1374 = ELLIPSE('',#1375,1.414213562373,1.);
#1375 = AXIS2_PLACEMENT_3D('',#1376,#1377,#1378);
#1376 = CARTESIAN_POINT('',(54.489101614952,-17.1,29.000000000001));
#1377 = DIRECTION('',(0.707106781187,0.707106781187,2.687E-14));
#1378 = DIRECTION('',(-0.707106781187,0.707106781187,-1.556E-14));
#1379 = ORIENTED_EDGE('',*,*,#427,.F.);
#1380 = CYLINDRICAL_SURFACE('',#1381,1.);
#1381 = AXIS2_PLACEMENT_3D('',#1382,#1383,#1384);
#1382 = CARTESIAN_POINT('',(61.024999999999,-17.1,29.000000000001));
#1383 = DIRECTION('',(-1.,0.,-3.E-14));
#1384 = DIRECTION('',(-1.245E-28,1.,4.15E-15));
#1385 = ADVANCED_FACE('',(#1386),#1389,.T.);
#1386 = FACE_BOUND('',#1387,.T.);
#1387 = EDGE_LOOP('',(#1388));
#1388 = ORIENTED_EDGE('',*,*,#484,.T.);
#1389 = PLANE('',#1390);
#1390 = AXIS2_PLACEMENT_3D('',#1391,#1392,#1393);
#1391 = CARTESIAN_POINT('',(50.025000001708,-11.6,18.999999997631));
#1392 = DIRECTION('',(-2.1533711E-10,0.,1.));
#1393 = DIRECTION('',(1.,0.,2.1533711E-10));
#1394 = ADVANCED_FACE('',(#1395),#1414,.T.);
#1395 = FACE_BOUND('',#1396,.T.);
#1396 = EDGE_LOOP('',(#1397,#1398,#1399,#1408));
#1397 = ORIENTED_EDGE('',*,*,#603,.F.);
#1398 = ORIENTED_EDGE('',*,*,#537,.T.);
#1399 = ORIENTED_EDGE('',*,*,#1400,.F.);
#1400 = EDGE_CURVE('',#1401,#530,#1403,.T.);
#1401 = VERTEX_POINT('',#1402);
#1402 = CARTESIAN_POINT('',(60.025,-2.6,30.000000000001));
#1403 = ELLIPSE('',#1404,1.414213562373,1.);
#1404 = AXIS2_PLACEMENT_3D('',#1405,#1406,#1407);
#1405 = CARTESIAN_POINT('',(60.025,-2.6,29.000000000001));
#1406 = DIRECTION('',(-0.707106781187,0.707106781187,-1.556E-14));
#1407 = DIRECTION('',(0.707106781187,0.707106781187,2.687E-14));
#1408 = ORIENTED_EDGE('',*,*,#1409,.F.);
#1409 = EDGE_CURVE('',#596,#1401,#1410,.T.);
#1410 = LINE('',#1411,#1412);
#1411 = CARTESIAN_POINT('',(60.025,-7.1,30.000000000001));
#1412 = VECTOR('',#1413,1.);
#1413 = DIRECTION('',(0.,1.,8.E-15));
#1414 = CYLINDRICAL_SURFACE('',#1415,1.);
#1415 = AXIS2_PLACEMENT_3D('',#1416,#1417,#1418);
#1416 = CARTESIAN_POINT('',(60.025,-7.1,29.000000000001));
#1417 = DIRECTION('',(0.,1.,8.E-15));
#1418 = DIRECTION('',(-3.003E-14,-8.E-15,1.));
#1419 = ADVANCED_FACE('',(#1420,#1557,#1568),#1579,.T.);
#1420 = FACE_BOUND('',#1421,.T.);
#1421 = EDGE_LOOP('',(#1422,#1423,#1429,#1430,#1439,#1447,#1456,#1464,
    #1473,#1482,#1490,#1499,#1508,#1516,#1525,#1533,#1540,#1541,#1547,
    #1548,#1549,#1556));
#1422 = ORIENTED_EDGE('',*,*,#658,.T.);
#1423 = ORIENTED_EDGE('',*,*,#1424,.F.);
#1424 = EDGE_CURVE('',#530,#661,#1425,.T.);
#1425 = LINE('',#1426,#1427);
#1426 = CARTESIAN_POINT('',(61.025,-1.6,29.000000000001));
#1427 = VECTOR('',#1428,1.);
#1428 = DIRECTION('',(-1.,0.,-3.E-14));
#1429 = ORIENTED_EDGE('',*,*,#529,.T.);
#1430 = ORIENTED_EDGE('',*,*,#1431,.T.);
#1431 = EDGE_CURVE('',#522,#1432,#1434,.T.);
#1432 = VERTEX_POINT('',#1433);
#1433 = CARTESIAN_POINT('',(62.025,-1.6,10.));
#1434 = CIRCLE('',#1435,1.);
#1435 = AXIS2_PLACEMENT_3D('',#1436,#1437,#1438);
#1436 = CARTESIAN_POINT('',(62.025,-1.6,11.));
#1437 = DIRECTION('',(0.,-1.,2.2E-16));
#1438 = DIRECTION('',(0.,-2.2E-16,-1.));
#1439 = ORIENTED_EDGE('',*,*,#1440,.T.);
#1440 = EDGE_CURVE('',#1432,#1441,#1443,.T.);
#1441 = VERTEX_POINT('',#1442);
#1442 = CARTESIAN_POINT('',(96.25,-1.6,10.));
#1443 = LINE('',#1444,#1445);
#1444 = CARTESIAN_POINT('',(26.4,-1.6,10.));
#1445 = VECTOR('',#1446,1.);
#1446 = DIRECTION('',(1.,0.,0.));
#1447 = ORIENTED_EDGE('',*,*,#1448,.F.);
#1448 = EDGE_CURVE('',#1449,#1441,#1451,.T.);
#1449 = VERTEX_POINT('',#1450);
#1450 = CARTESIAN_POINT('',(97.25,-1.6,9.));
#1451 = CIRCLE('',#1452,1.);
#1452 = AXIS2_PLACEMENT_3D('',#1453,#1454,#1455);
#1453 = CARTESIAN_POINT('',(96.25,-1.6,9.));
#1454 = DIRECTION('',(0.,-1.,2.2E-16));
#1455 = DIRECTION('',(0.,-2.2E-16,-1.));
#1456 = ORIENTED_EDGE('',*,*,#1457,.F.);
#1457 = EDGE_CURVE('',#1458,#1449,#1460,.T.);
#1458 = VERTEX_POINT('',#1459);
#1459 = CARTESIAN_POINT('',(97.25,-1.6,4.));
#1460 = LINE('',#1461,#1462);
#1461 = CARTESIAN_POINT('',(97.25,-1.6,15.391589016164));
#1462 = VECTOR('',#1463,1.);
#1463 = DIRECTION('',(0.,0.,1.));
#1464 = ORIENTED_EDGE('',*,*,#1465,.T.);
#1465 = EDGE_CURVE('',#1458,#1466,#1468,.T.);
#1466 = VERTEX_POINT('',#1467);
#1467 = CARTESIAN_POINT('',(97.912305875458,-1.6,3.058744095238));
#1468 = CIRCLE('',#1469,1.);
#1469 = AXIS2_PLACEMENT_3D('',#1470,#1471,#1472);
#1470 = CARTESIAN_POINT('',(98.25,-1.6,4.));
#1471 = DIRECTION('',(0.,-1.,2.2E-16));
#1472 = DIRECTION('',(0.,-2.2E-16,-1.));
#1473 = ORIENTED_EDGE('',*,*,#1474,.F.);
#1474 = EDGE_CURVE('',#1475,#1466,#1477,.T.);
#1475 = VERTEX_POINT('',#1476);
#1476 = CARTESIAN_POINT('',(95.,-1.6,1.5));
#1477 = CIRCLE('',#1478,3.5);
#1478 = AXIS2_PLACEMENT_3D('',#1479,#1480,#1481);
#1479 = CARTESIAN_POINT('',(95.,-1.6,5.));
#1480 = DIRECTION('',(0.,-1.,0.));
#1481 = DIRECTION('',(1.,0.,0.));
#1482 = ORIENTED_EDGE('',*,*,#1483,.F.);
#1483 = EDGE_CURVE('',#1484,#1475,#1486,.T.);
#1484 = VERTEX_POINT('',#1485);
#1485 = CARTESIAN_POINT('',(5.,-1.6,1.5));
#1486 = LINE('',#1487,#1488);
#1487 = CARTESIAN_POINT('',(5.,-1.6,1.5));
#1488 = VECTOR('',#1489,1.);
#1489 = DIRECTION('',(1.,0.,0.));
#1490 = ORIENTED_EDGE('',*,*,#1491,.F.);
#1491 = EDGE_CURVE('',#1492,#1484,#1494,.T.);
#1492 = VERTEX_POINT('',#1493);
#1493 = CARTESIAN_POINT('',(2.09685117388,-1.6,3.045076243585));
#1494 = CIRCLE('',#1495,3.5);
#1495 = AXIS2_PLACEMENT_3D('',#1496,#1497,#1498);
#1496 = CARTESIAN_POINT('',(5.,-1.6,5.));
#1497 = DIRECTION('',(0.,-1.,0.));
#1498 = DIRECTION('',(1.,0.,0.));
#1499 = ORIENTED_EDGE('',*,*,#1500,.F.);
#1500 = EDGE_CURVE('',#1501,#1492,#1503,.T.);
#1501 = VERTEX_POINT('',#1502);
#1502 = CARTESIAN_POINT('',(2.8,-1.6,4.));
#1503 = CIRCLE('',#1504,1.);
#1504 = AXIS2_PLACEMENT_3D('',#1505,#1506,#1507);
#1505 = CARTESIAN_POINT('',(1.8,-1.6,4.));
#1506 = DIRECTION('',(0.,1.,-2.2E-16));
#1507 = DIRECTION('',(0.,-2.2E-16,-1.));
#1508 = ORIENTED_EDGE('',*,*,#1509,.T.);
#1509 = EDGE_CURVE('',#1501,#1510,#1512,.T.);
#1510 = VERTEX_POINT('',#1511);
#1511 = CARTESIAN_POINT('',(2.8,-1.6,9.));
#1512 = LINE('',#1513,#1514);
#1513 = CARTESIAN_POINT('',(2.8,-1.6,15.391589016164));
#1514 = VECTOR('',#1515,1.);
#1515 = DIRECTION('',(0.,0.,1.));
#1516 = ORIENTED_EDGE('',*,*,#1517,.T.);
#1517 = EDGE_CURVE('',#1510,#1518,#1520,.T.);
#1518 = VERTEX_POINT('',#1519);
#1519 = CARTESIAN_POINT('',(3.8,-1.6,10.));
#1520 = CIRCLE('',#1521,1.);
#1521 = AXIS2_PLACEMENT_3D('',#1522,#1523,#1524);
#1522 = CARTESIAN_POINT('',(3.8,-1.6,9.));
#1523 = DIRECTION('',(0.,1.,-2.2E-16));
#1524 = DIRECTION('',(0.,-2.2E-16,-1.));
#1525 = ORIENTED_EDGE('',*,*,#1526,.T.);
#1526 = EDGE_CURVE('',#1518,#1527,#1529,.T.);
#1527 = VERTEX_POINT('',#1528);
#1528 = CARTESIAN_POINT('',(38.025,-1.6,10.));
#1529 = LINE('',#1530,#1531);
#1530 = CARTESIAN_POINT('',(26.4,-1.6,10.));
#1531 = VECTOR('',#1532,1.);
#1532 = DIRECTION('',(1.,0.,0.));
#1533 = ORIENTED_EDGE('',*,*,#1534,.F.);
#1534 = EDGE_CURVE('',#818,#1527,#1535,.T.);
#1535 = CIRCLE('',#1536,1.);
#1536 = AXIS2_PLACEMENT_3D('',#1537,#1538,#1539);
#1537 = CARTESIAN_POINT('',(38.025,-1.6,11.));
#1538 = DIRECTION('',(0.,1.,-2.2E-16));
#1539 = DIRECTION('',(0.,-2.2E-16,-1.));
#1540 = ORIENTED_EDGE('',*,*,#817,.T.);
#1541 = ORIENTED_EDGE('',*,*,#1542,.F.);
#1542 = EDGE_CURVE('',#927,#810,#1543,.T.);
#1543 = LINE('',#1544,#1545);
#1544 = CARTESIAN_POINT('',(46.560898384862,-1.6,29.));
#1545 = VECTOR('',#1546,1.);
#1546 = DIRECTION('',(-1.,0.,-3.E-14));
#1547 = ORIENTED_EDGE('',*,*,#924,.F.);
#1548 = ORIENTED_EDGE('',*,*,#934,.T.);
#1549 = ORIENTED_EDGE('',*,*,#1550,.F.);
#1550 = EDGE_CURVE('',#734,#935,#1551,.T.);
#1551 = CIRCLE('',#1552,4.5);
#1552 = AXIS2_PLACEMENT_3D('',#1553,#1554,#1555);
#1553 = CARTESIAN_POINT('',(50.025,-1.6,27.5));
#1554 = DIRECTION('',(0.,1.,0.));
#1555 = DIRECTION('',(0.989743318558,0.,-0.142857143225));
#1556 = ORIENTED_EDGE('',*,*,#776,.F.);
#1557 = FACE_BOUND('',#1558,.T.);
#1558 = EDGE_LOOP('',(#1559));
#1559 = ORIENTED_EDGE('',*,*,#1560,.F.);
#1560 = EDGE_CURVE('',#1561,#1561,#1563,.T.);
#1561 = VERTEX_POINT('',#1562);
#1562 = CARTESIAN_POINT('',(7.32,-1.6,6.));
#1563 = CIRCLE('',#1564,1.32);
#1564 = AXIS2_PLACEMENT_3D('',#1565,#1566,#1567);
#1565 = CARTESIAN_POINT('',(6.,-1.6,6.));
#1566 = DIRECTION('',(0.,1.,-2.2E-16));
#1567 = DIRECTION('',(1.,0.,0.));
#1568 = FACE_BOUND('',#1569,.T.);
#1569 = EDGE_LOOP('',(#1570));
#1570 = ORIENTED_EDGE('',*,*,#1571,.F.);
#1571 = EDGE_CURVE('',#1572,#1572,#1574,.T.);
#1572 = VERTEX_POINT('',#1573);
#1573 = CARTESIAN_POINT('',(95.32,-1.6,6.));
#1574 = CIRCLE('',#1575,1.32);
#1575 = AXIS2_PLACEMENT_3D('',#1576,#1577,#1578);
#1576 = CARTESIAN_POINT('',(94.,-1.6,6.));
#1577 = DIRECTION('',(0.,1.,-2.2E-16));
#1578 = DIRECTION('',(1.,0.,0.));
#1579 = PLANE('',#1580);
#1580 = AXIS2_PLACEMENT_3D('',#1581,#1582,#1583);
#1581 = CARTESIAN_POINT('',(50.010548504461,-1.6,10.34546206776));
#1582 = DIRECTION('',(0.,1.,0.));
#1583 = DIRECTION('',(0.,0.,1.));
#1584 = ADVANCED_FACE('',(#1585),#1604,.F.);
#1585 = FACE_BOUND('',#1586,.F.);
#1586 = EDGE_LOOP('',(#1587,#1588,#1596,#1603));
#1587 = ORIENTED_EDGE('',*,*,#1431,.T.);
#1588 = ORIENTED_EDGE('',*,*,#1589,.T.);
#1589 = EDGE_CURVE('',#1432,#1590,#1592,.T.);
#1590 = VERTEX_POINT('',#1591);
#1591 = CARTESIAN_POINT('',(62.025,-20.6,10.));
#1592 = LINE('',#1593,#1594);
#1593 = CARTESIAN_POINT('',(62.025,-1.6,10.));
#1594 = VECTOR('',#1595,1.);
#1595 = DIRECTION('',(0.,-1.,2.2E-16));
#1596 = ORIENTED_EDGE('',*,*,#1597,.T.);
#1597 = EDGE_CURVE('',#1590,#514,#1598,.T.);
#1598 = CIRCLE('',#1599,1.);
#1599 = AXIS2_PLACEMENT_3D('',#1600,#1601,#1602);
#1600 = CARTESIAN_POINT('',(62.025,-20.6,11.));
#1601 = DIRECTION('',(3.914E-14,1.,-2.2E-16));
#1602 = DIRECTION('',(1.,-3.914E-14,0.));
#1603 = ORIENTED_EDGE('',*,*,#521,.F.);
#1604 = CYLINDRICAL_SURFACE('',#1605,1.);
#1605 = AXIS2_PLACEMENT_3D('',#1606,#1607,#1608);
#1606 = CARTESIAN_POINT('',(62.025,-1.6,11.));
#1607 = DIRECTION('',(0.,-1.,2.2E-16));
#1608 = DIRECTION('',(-1.,-3.113E-30,-1.415E-14));
#1609 = ADVANCED_FACE('',(#1610),#1629,.T.);
#1610 = FACE_BOUND('',#1611,.F.);
#1611 = EDGE_LOOP('',(#1612,#1613,#1622,#1628));
#1612 = ORIENTED_EDGE('',*,*,#505,.F.);
#1613 = ORIENTED_EDGE('',*,*,#1614,.F.);
#1614 = EDGE_CURVE('',#1615,#506,#1617,.T.);
#1615 = VERTEX_POINT('',#1616);
#1616 = CARTESIAN_POINT('',(60.025,-20.6,30.000000000001));
#1617 = CIRCLE('',#1618,1.);
#1618 = AXIS2_PLACEMENT_3D('',#1619,#1620,#1621);
#1619 = CARTESIAN_POINT('',(60.025,-20.6,29.000000000001));
#1620 = DIRECTION('',(0.,1.,4.7E-16));
#1621 = DIRECTION('',(-2.842E-14,-4.7E-16,1.));
#1622 = ORIENTED_EDGE('',*,*,#1623,.T.);
#1623 = EDGE_CURVE('',#1615,#1357,#1624,.T.);
#1624 = LINE('',#1625,#1626);
#1625 = CARTESIAN_POINT('',(60.025,-21.6,30.000000000001));
#1626 = VECTOR('',#1627,1.);
#1627 = DIRECTION('',(0.,1.,8.E-15));
#1628 = ORIENTED_EDGE('',*,*,#1356,.F.);
#1629 = CYLINDRICAL_SURFACE('',#1630,1.);
#1630 = AXIS2_PLACEMENT_3D('',#1631,#1632,#1633);
#1631 = CARTESIAN_POINT('',(60.025,-21.6,29.000000000001));
#1632 = DIRECTION('',(0.,1.,8.E-15));
#1633 = DIRECTION('',(1.,-1.132E-28,1.415E-14));
#1634 = ADVANCED_FACE('',(#1635),#1662,.T.);
#1635 = FACE_BOUND('',#1636,.F.);
#1636 = EDGE_LOOP('',(#1637,#1638,#1647,#1655));
#1637 = ORIENTED_EDGE('',*,*,#513,.F.);
#1638 = ORIENTED_EDGE('',*,*,#1639,.F.);
#1639 = EDGE_CURVE('',#1640,#514,#1642,.T.);
#1640 = VERTEX_POINT('',#1641);
#1641 = CARTESIAN_POINT('',(60.025,-21.6,11.));
#1642 = CIRCLE('',#1643,1.);
#1643 = AXIS2_PLACEMENT_3D('',#1644,#1645,#1646);
#1644 = CARTESIAN_POINT('',(60.025,-20.6,11.));
#1645 = DIRECTION('',(0.,2.2E-16,1.));
#1646 = DIRECTION('',(-2.842E-14,-1.,2.2E-16));
#1647 = ORIENTED_EDGE('',*,*,#1648,.T.);
#1648 = EDGE_CURVE('',#1640,#1649,#1651,.T.);
#1649 = VERTEX_POINT('',#1650);
#1650 = CARTESIAN_POINT('',(60.025,-21.6,29.000000000001));
#1651 = LINE('',#1652,#1653);
#1652 = CARTESIAN_POINT('',(60.025,-21.6,10.));
#1653 = VECTOR('',#1654,1.);
#1654 = DIRECTION('',(-3.004E-14,-8.49E-15,1.));
#1655 = ORIENTED_EDGE('',*,*,#1656,.T.);
#1656 = EDGE_CURVE('',#1649,#506,#1657,.T.);
#1657 = CIRCLE('',#1658,1.);
#1658 = AXIS2_PLACEMENT_3D('',#1659,#1660,#1661);
#1659 = CARTESIAN_POINT('',(60.025,-20.6,29.000000000001));
#1660 = DIRECTION('',(-1.427E-14,-4.7E-16,1.));
#1661 = DIRECTION('',(1.,0.,1.427E-14));
#1662 = CYLINDRICAL_SURFACE('',#1663,1.);
#1663 = AXIS2_PLACEMENT_3D('',#1664,#1665,#1666);
#1664 = CARTESIAN_POINT('',(60.025,-20.6,10.));
#1665 = DIRECTION('',(-3.004E-14,-8.49E-15,1.));
#1666 = DIRECTION('',(1.,-9.7E-15,3.004E-14));
#1667 = ADVANCED_FACE('',(#1668),#1687,.T.);
#1668 = FACE_BOUND('',#1669,.F.);
#1669 = EDGE_LOOP('',(#1670,#1679,#1685,#1686));
#1670 = ORIENTED_EDGE('',*,*,#1671,.T.);
#1671 = EDGE_CURVE('',#661,#1672,#1674,.T.);
#1672 = VERTEX_POINT('',#1673);
#1673 = CARTESIAN_POINT('',(54.489101614952,-2.6,30.000000000001));
#1674 = ELLIPSE('',#1675,1.414213562373,1.);
#1675 = AXIS2_PLACEMENT_3D('',#1676,#1677,#1678);
#1676 = CARTESIAN_POINT('',(54.489101614952,-2.6,29.000000000001));
#1677 = DIRECTION('',(0.707106781187,0.707106781187,2.687E-14));
#1678 = DIRECTION('',(0.707106781187,-0.707106781187,1.556E-14));
#1679 = ORIENTED_EDGE('',*,*,#1680,.T.);
#1680 = EDGE_CURVE('',#1672,#587,#1681,.T.);
#1681 = LINE('',#1682,#1683);
#1682 = CARTESIAN_POINT('',(54.489101614952,-1.6,30.000000000001));
#1683 = VECTOR('',#1684,1.);
#1684 = DIRECTION('',(0.,-1.,-8.E-15));
#1685 = ORIENTED_EDGE('',*,*,#586,.F.);
#1686 = ORIENTED_EDGE('',*,*,#668,.F.);
#1687 = CYLINDRICAL_SURFACE('',#1688,1.);
#1688 = AXIS2_PLACEMENT_3D('',#1689,#1690,#1691);
#1689 = CARTESIAN_POINT('',(54.489101614952,-1.6,29.000000000001));
#1690 = DIRECTION('',(0.,-1.,-8.E-15));
#1691 = DIRECTION('',(-1.,2.4032E-28,-3.004E-14));
#1692 = ADVANCED_FACE('',(#1693),#1704,.T.);
#1693 = FACE_BOUND('',#1694,.T.);
#1694 = EDGE_LOOP('',(#1695,#1696,#1697,#1698));
#1695 = ORIENTED_EDGE('',*,*,#1680,.T.);
#1696 = ORIENTED_EDGE('',*,*,#595,.T.);
#1697 = ORIENTED_EDGE('',*,*,#1409,.T.);
#1698 = ORIENTED_EDGE('',*,*,#1699,.T.);
#1699 = EDGE_CURVE('',#1401,#1672,#1700,.T.);
#1700 = LINE('',#1701,#1702);
#1701 = CARTESIAN_POINT('',(61.025,-2.6,30.000000000001));
#1702 = VECTOR('',#1703,1.);
#1703 = DIRECTION('',(-1.,0.,-3.E-14));
#1704 = PLANE('',#1705);
#1705 = AXIS2_PLACEMENT_3D('',#1706,#1707,#1708);
#1706 = CARTESIAN_POINT('',(50.025000000004,-11.6,30.));
#1707 = DIRECTION('',(-3.003E-14,-8.47E-15,1.));
#1708 = DIRECTION('',(1.,0.,3.003E-14));
#1709 = ADVANCED_FACE('',(#1710),#1739,.F.);
#1710 = FACE_BOUND('',#1711,.F.);
#1711 = EDGE_LOOP('',(#1712,#1719,#1737,#1738));
#1712 = ORIENTED_EDGE('',*,*,#1713,.T.);
#1713 = EDGE_CURVE('',#620,#1714,#1716,.T.);
#1714 = VERTEX_POINT('',#1715);
#1715 = CARTESIAN_POINT('',(43.357531407341,-11.6,26.499999996196));
#1716 = B_SPLINE_CURVE_WITH_KNOTS('',1,(#1717,#1718),.UNSPECIFIED.,.F.,
  .F.,(2,2),(0.,8.293804605477),.PIECEWISE_BEZIER_KNOTS.);
#1717 = CARTESIAN_POINT('',(43.857531407233,-11.6,27.));
#1718 = CARTESIAN_POINT('',(43.357531407341,-11.6,26.499999996196));
#1719 = ORIENTED_EDGE('',*,*,#1720,.T.);
#1720 = EDGE_CURVE('',#1714,#1714,#1721,.T.);
#1721 = B_SPLINE_CURVE_WITH_KNOTS('',14,(#1722,#1723,#1724,#1725,#1726,
    #1727,#1728,#1729,#1730,#1731,#1732,#1733,#1734,#1735,#1736),
  .UNSPECIFIED.,.T.,.F.,(15,15),(7.1E-16,8.293804605477),
  .PIECEWISE_BEZIER_KNOTS.);
#1722 = CARTESIAN_POINT('',(43.357531407341,-11.6,26.499999996196));
#1723 = CARTESIAN_POINT('',(43.357531407325,-11.01615507951,
    26.499999996188));
#1724 = CARTESIAN_POINT('',(43.079476110695,-10.41988194011,
    26.499999996169));
#1725 = CARTESIAN_POINT('',(42.503757708795,-9.966594931447,
    26.499999995916));
#1726 = CARTESIAN_POINT('',(41.718519232013,-9.817575719562,
    26.499999996043));
#1727 = CARTESIAN_POINT('',(40.905102485472,-10.11254666112,
    26.499999995337));
#1728 = CARTESIAN_POINT('',(40.359432257116,-10.696569301,
    26.499999995989));
#1729 = CARTESIAN_POINT('',(40.014235985318,-11.59999999982,
    26.499999994998));
#1730 = CARTESIAN_POINT('',(40.35943225709,-12.50343069932,
    26.49999999598));
#1731 = CARTESIAN_POINT('',(40.905102485506,-13.08745333863,
    26.499999995347));
#1732 = CARTESIAN_POINT('',(41.718519231987,-13.38242428058,
    26.499999996037));
#1733 = CARTESIAN_POINT('',(42.503757708809,-13.23340506848,
    26.499999995918));
#1734 = CARTESIAN_POINT('',(43.079476110689,-12.78011805991,
    26.499999996168));
#1735 = CARTESIAN_POINT('',(43.357531407327,-12.18384492047,
    26.499999996188));
#1736 = CARTESIAN_POINT('',(43.357531407341,-11.6,26.499999996195));
#1737 = ORIENTED_EDGE('',*,*,#1713,.F.);
#1738 = ORIENTED_EDGE('',*,*,#619,.F.);
#1739 = B_SPLINE_SURFACE_WITH_KNOTS('',1,14,(
    (#1740,#1741,#1742,#1743,#1744,#1745,#1746,#1747,#1748,#1749,#1750
      ,#1751,#1752,#1753,#1754)
    ,(#1755,#1756,#1757,#1758,#1759,#1760,#1761,#1762,#1763,#1764,#1765
      ,#1766,#1767,#1768,#1769
  )),.UNSPECIFIED.,.F.,.T.,.F.,(2,2),(15,15),(0.,8.293804605477),(
    7.1E-16,8.293804605477),.PIECEWISE_BEZIER_KNOTS.);
#1740 = CARTESIAN_POINT('',(43.857531407233,-11.6,27.));
#1741 = CARTESIAN_POINT('',(43.857531407219,-10.79500170054,
    26.999999999988));
#1742 = CARTESIAN_POINT('',(43.474152134554,-9.972867523497,
    27.000000000056));
#1743 = CARTESIAN_POINT('',(42.680358580535,-9.347880890313,
    26.999999999839));
#1744 = CARTESIAN_POINT('',(41.597681286533,-9.142415007306,
    27.000000000341));
#1745 = CARTESIAN_POINT('',(40.476152136448,-9.549117366041,
    26.999999999435));
#1746 = CARTESIAN_POINT('',(39.723788639141,-10.35436070297,
    27.000000000755));
#1747 = CARTESIAN_POINT('',(39.247836204521,-11.59999999967,
    26.999999999178));
#1748 = CARTESIAN_POINT('',(39.723788639132,-12.84563929762,
    27.000000000735));
#1749 = CARTESIAN_POINT('',(40.476152136453,-13.6508826335,
    26.99999999946));
#1750 = CARTESIAN_POINT('',(41.597681286537,-14.05758499297,
    27.000000000323));
#1751 = CARTESIAN_POINT('',(42.680358580528,-13.85211910955,
    26.999999999848));
#1752 = CARTESIAN_POINT('',(43.474152134558,-13.22713247655,
    27.000000000053));
#1753 = CARTESIAN_POINT('',(43.857531407217,-12.40499829944,
    26.999999999989));
#1754 = CARTESIAN_POINT('',(43.857531407233,-11.6,27.));
#1755 = CARTESIAN_POINT('',(43.357531407341,-11.6,26.499999996196));
#1756 = CARTESIAN_POINT('',(43.357531407325,-11.01615507951,
    26.499999996188));
#1757 = CARTESIAN_POINT('',(43.079476110695,-10.41988194011,
    26.499999996169));
#1758 = CARTESIAN_POINT('',(42.503757708795,-9.966594931447,
    26.499999995916));
#1759 = CARTESIAN_POINT('',(41.718519232013,-9.817575719562,
    26.499999996043));
#1760 = CARTESIAN_POINT('',(40.905102485472,-10.11254666112,
    26.499999995337));
#1761 = CARTESIAN_POINT('',(40.359432257116,-10.696569301,
    26.499999995989));
#1762 = CARTESIAN_POINT('',(40.014235985318,-11.59999999982,
    26.499999994998));
#1763 = CARTESIAN_POINT('',(40.35943225709,-12.50343069932,
    26.49999999598));
#1764 = CARTESIAN_POINT('',(40.905102485506,-13.08745333863,
    26.499999995347));
#1765 = CARTESIAN_POINT('',(41.718519231987,-13.38242428058,
    26.499999996037));
#1766 = CARTESIAN_POINT('',(42.503757708809,-13.23340506848,
    26.499999995918));
#1767 = CARTESIAN_POINT('',(43.079476110689,-12.78011805991,
    26.499999996168));
#1768 = CARTESIAN_POINT('',(43.357531407327,-12.18384492047,
    26.499999996188));
#1769 = CARTESIAN_POINT('',(43.357531407341,-11.6,26.499999996195));
#1770 = ADVANCED_FACE('',(#1771),#1783,.T.);
#1771 = FACE_BOUND('',#1772,.F.);
#1772 = EDGE_LOOP('',(#1773,#1774,#1781,#1782));
#1773 = ORIENTED_EDGE('',*,*,#733,.F.);
#1774 = ORIENTED_EDGE('',*,*,#1775,.T.);
#1775 = EDGE_CURVE('',#726,#943,#1776,.T.);
#1776 = CIRCLE('',#1777,3.5);
#1777 = AXIS2_PLACEMENT_3D('',#1778,#1779,#1780);
#1778 = CARTESIAN_POINT('',(50.025,-2.6,27.5));
#1779 = DIRECTION('',(0.,1.,0.));
#1780 = DIRECTION('',(0.989743318558,0.,-0.142857143225));
#1781 = ORIENTED_EDGE('',*,*,#942,.T.);
#1782 = ORIENTED_EDGE('',*,*,#1550,.F.);
#1783 = TOROIDAL_SURFACE('',#1784,4.5,1.);
#1784 = AXIS2_PLACEMENT_3D('',#1785,#1786,#1787);
#1785 = CARTESIAN_POINT('',(50.025,-2.6,27.5));
#1786 = DIRECTION('',(-0.,-1.,-0.));
#1787 = DIRECTION('',(0.989743318558,0.,-0.142857143225));
#1788 = ADVANCED_FACE('',(#1789),#1795,.F.);
#1789 = FACE_BOUND('',#1790,.F.);
#1790 = EDGE_LOOP('',(#1791,#1792,#1793,#1794));
#1791 = ORIENTED_EDGE('',*,*,#725,.T.);
#1792 = ORIENTED_EDGE('',*,*,#909,.T.);
#1793 = ORIENTED_EDGE('',*,*,#985,.F.);
#1794 = ORIENTED_EDGE('',*,*,#1775,.F.);
#1795 = CYLINDRICAL_SURFACE('',#1796,3.5);
#1796 = AXIS2_PLACEMENT_3D('',#1797,#1798,#1799);
#1797 = CARTESIAN_POINT('',(50.025,-1.6,27.5));
#1798 = DIRECTION('',(0.,1.,-2.2E-16));
#1799 = DIRECTION('',(-1.,0.,0.));
#1800 = ADVANCED_FACE('',(#1801),#1820,.T.);
#1801 = FACE_BOUND('',#1802,.T.);
#1802 = EDGE_LOOP('',(#1803,#1812,#1813,#1814));
#1803 = ORIENTED_EDGE('',*,*,#1804,.T.);
#1804 = EDGE_CURVE('',#1805,#810,#1807,.T.);
#1805 = VERTEX_POINT('',#1806);
#1806 = CARTESIAN_POINT('',(40.025,-2.6,30.));
#1807 = ELLIPSE('',#1808,1.414213562373,1.);
#1808 = AXIS2_PLACEMENT_3D('',#1809,#1810,#1811);
#1809 = CARTESIAN_POINT('',(40.025,-2.6,29.));
#1810 = DIRECTION('',(-0.707106781187,-0.707106781187,-2.687E-14));
#1811 = DIRECTION('',(0.707106781187,-0.707106781187,1.556E-14));
#1812 = ORIENTED_EDGE('',*,*,#809,.T.);
#1813 = ORIENTED_EDGE('',*,*,#1008,.F.);
#1814 = ORIENTED_EDGE('',*,*,#1815,.F.);
#1815 = EDGE_CURVE('',#1805,#1009,#1816,.T.);
#1816 = LINE('',#1817,#1818);
#1817 = CARTESIAN_POINT('',(40.025,-1.6,30.));
#1818 = VECTOR('',#1819,1.);
#1819 = DIRECTION('',(0.,-1.,-8.E-15));
#1820 = CYLINDRICAL_SURFACE('',#1821,1.);
#1821 = AXIS2_PLACEMENT_3D('',#1822,#1823,#1824);
#1822 = CARTESIAN_POINT('',(40.025,-1.6,29.));
#1823 = DIRECTION('',(0.,-1.,-8.E-15));
#1824 = DIRECTION('',(-3.003E-14,-8.E-15,1.));
#1825 = ADVANCED_FACE('',(#1826),#1845,.F.);
#1826 = FACE_BOUND('',#1827,.T.);
#1827 = EDGE_LOOP('',(#1828,#1829,#1837,#1844));
#1828 = ORIENTED_EDGE('',*,*,#1534,.T.);
#1829 = ORIENTED_EDGE('',*,*,#1830,.T.);
#1830 = EDGE_CURVE('',#1527,#1831,#1833,.T.);
#1831 = VERTEX_POINT('',#1832);
#1832 = CARTESIAN_POINT('',(38.025,-20.6,10.));
#1833 = LINE('',#1834,#1835);
#1834 = CARTESIAN_POINT('',(38.025,-1.6,10.));
#1835 = VECTOR('',#1836,1.);
#1836 = DIRECTION('',(0.,-1.,2.2E-16));
#1837 = ORIENTED_EDGE('',*,*,#1838,.T.);
#1838 = EDGE_CURVE('',#1831,#826,#1839,.T.);
#1839 = CIRCLE('',#1840,1.);
#1840 = AXIS2_PLACEMENT_3D('',#1841,#1842,#1843);
#1841 = CARTESIAN_POINT('',(38.025,-20.6,11.));
#1842 = DIRECTION('',(6.E-17,-1.,2.2E-16));
#1843 = DIRECTION('',(-1.,-6.E-17,0.));
#1844 = ORIENTED_EDGE('',*,*,#825,.F.);
#1845 = CYLINDRICAL_SURFACE('',#1846,1.);
#1846 = AXIS2_PLACEMENT_3D('',#1847,#1848,#1849);
#1847 = CARTESIAN_POINT('',(38.025,-1.6,11.));
#1848 = DIRECTION('',(0.,-1.,2.2E-16));
#1849 = DIRECTION('',(1.,5.7442E-30,2.611E-14));
#1850 = ADVANCED_FACE('',(#1851),#1870,.T.);
#1851 = FACE_BOUND('',#1852,.F.);
#1852 = EDGE_LOOP('',(#1853,#1854,#1862,#1869));
#1853 = ORIENTED_EDGE('',*,*,#1058,.T.);
#1854 = ORIENTED_EDGE('',*,*,#1855,.T.);
#1855 = EDGE_CURVE('',#1051,#1856,#1858,.T.);
#1856 = VERTEX_POINT('',#1857);
#1857 = CARTESIAN_POINT('',(40.025,-20.6,30.));
#1858 = LINE('',#1859,#1860);
#1859 = CARTESIAN_POINT('',(40.025,-16.1,30.));
#1860 = VECTOR('',#1861,1.);
#1861 = DIRECTION('',(0.,-1.,-8.E-15));
#1862 = ORIENTED_EDGE('',*,*,#1863,.T.);
#1863 = EDGE_CURVE('',#1856,#834,#1864,.T.);
#1864 = CIRCLE('',#1865,1.);
#1865 = AXIS2_PLACEMENT_3D('',#1866,#1867,#1868);
#1866 = CARTESIAN_POINT('',(40.025,-20.6,29.));
#1867 = DIRECTION('',(0.,-1.,-4.7E-16));
#1868 = DIRECTION('',(-2.842E-14,-4.7E-16,1.));
#1869 = ORIENTED_EDGE('',*,*,#841,.F.);
#1870 = CYLINDRICAL_SURFACE('',#1871,1.);
#1871 = AXIS2_PLACEMENT_3D('',#1872,#1873,#1874);
#1872 = CARTESIAN_POINT('',(40.025,-16.1,29.));
#1873 = DIRECTION('',(0.,-1.,-8.E-15));
#1874 = DIRECTION('',(-1.,2.0888E-28,-2.611E-14));
#1875 = ADVANCED_FACE('',(#1876),#1903,.T.);
#1876 = FACE_BOUND('',#1877,.T.);
#1877 = EDGE_LOOP('',(#1878,#1879,#1888,#1896));
#1878 = ORIENTED_EDGE('',*,*,#833,.F.);
#1879 = ORIENTED_EDGE('',*,*,#1880,.F.);
#1880 = EDGE_CURVE('',#1881,#826,#1883,.T.);
#1881 = VERTEX_POINT('',#1882);
#1882 = CARTESIAN_POINT('',(40.025,-21.6,11.));
#1883 = CIRCLE('',#1884,1.);
#1884 = AXIS2_PLACEMENT_3D('',#1885,#1886,#1887);
#1885 = CARTESIAN_POINT('',(40.025,-20.6,11.));
#1886 = DIRECTION('',(-0.,-2.2E-16,-1.));
#1887 = DIRECTION('',(0.,-1.,2.2E-16));
#1888 = ORIENTED_EDGE('',*,*,#1889,.T.);
#1889 = EDGE_CURVE('',#1881,#1890,#1892,.T.);
#1890 = VERTEX_POINT('',#1891);
#1891 = CARTESIAN_POINT('',(40.025,-21.6,29.));
#1892 = LINE('',#1893,#1894);
#1893 = CARTESIAN_POINT('',(40.025,-21.6,10.));
#1894 = VECTOR('',#1895,1.);
#1895 = DIRECTION('',(0.,2.2E-16,1.));
#1896 = ORIENTED_EDGE('',*,*,#1897,.T.);
#1897 = EDGE_CURVE('',#1890,#834,#1898,.T.);
#1898 = CIRCLE('',#1899,1.);
#1899 = AXIS2_PLACEMENT_3D('',#1900,#1901,#1902);
#1900 = CARTESIAN_POINT('',(40.025,-20.6,29.));
#1901 = DIRECTION('',(2.481E-14,4.7E-16,-1.));
#1902 = DIRECTION('',(-1.,0.,-2.481E-14));
#1903 = CYLINDRICAL_SURFACE('',#1904,1.);
#1904 = AXIS2_PLACEMENT_3D('',#1905,#1906,#1907);
#1905 = CARTESIAN_POINT('',(40.025,-20.6,10.));
#1906 = DIRECTION('',(0.,2.2E-16,1.));
#1907 = DIRECTION('',(-1.,0.,0.));
#1908 = ADVANCED_FACE('',(#1909),#1928,.T.);
#1909 = FACE_BOUND('',#1910,.F.);
#1910 = EDGE_LOOP('',(#1911,#1912,#1920,#1927));
#1911 = ORIENTED_EDGE('',*,*,#1025,.T.);
#1912 = ORIENTED_EDGE('',*,*,#1913,.T.);
#1913 = EDGE_CURVE('',#1018,#1914,#1916,.T.);
#1914 = VERTEX_POINT('',#1915);
#1915 = CARTESIAN_POINT('',(45.560898384862,-2.6,30.));
#1916 = LINE('',#1917,#1918);
#1917 = CARTESIAN_POINT('',(45.560898384862,-7.1,30.));
#1918 = VECTOR('',#1919,1.);
#1919 = DIRECTION('',(0.,1.,8.E-15));
#1920 = ORIENTED_EDGE('',*,*,#1921,.F.);
#1921 = EDGE_CURVE('',#927,#1914,#1922,.T.);
#1922 = ELLIPSE('',#1923,1.414213562373,1.);
#1923 = AXIS2_PLACEMENT_3D('',#1924,#1925,#1926);
#1924 = CARTESIAN_POINT('',(45.560898384862,-2.6,29.));
#1925 = DIRECTION('',(0.707106781187,-0.707106781187,1.556E-14));
#1926 = DIRECTION('',(0.707106781187,0.707106781187,2.687E-14));
#1927 = ORIENTED_EDGE('',*,*,#994,.F.);
#1928 = CYLINDRICAL_SURFACE('',#1929,1.);
#1929 = AXIS2_PLACEMENT_3D('',#1930,#1931,#1932);
#1930 = CARTESIAN_POINT('',(45.560898384862,-7.1,29.));
#1931 = DIRECTION('',(0.,1.,8.E-15));
#1932 = DIRECTION('',(1.,-2.4032E-28,3.004E-14));
#1933 = ADVANCED_FACE('',(#1934),#1945,.T.);
#1934 = FACE_BOUND('',#1935,.T.);
#1935 = EDGE_LOOP('',(#1936,#1937,#1938,#1939));
#1936 = ORIENTED_EDGE('',*,*,#1815,.T.);
#1937 = ORIENTED_EDGE('',*,*,#1017,.T.);
#1938 = ORIENTED_EDGE('',*,*,#1913,.T.);
#1939 = ORIENTED_EDGE('',*,*,#1940,.T.);
#1940 = EDGE_CURVE('',#1914,#1805,#1941,.T.);
#1941 = LINE('',#1942,#1943);
#1942 = CARTESIAN_POINT('',(46.560898384862,-2.6,30.));
#1943 = VECTOR('',#1944,1.);
#1944 = DIRECTION('',(-1.,0.,-3.E-14));
#1945 = PLANE('',#1946);
#1946 = AXIS2_PLACEMENT_3D('',#1947,#1948,#1949);
#1947 = CARTESIAN_POINT('',(50.025000000004,-11.6,30.));
#1948 = DIRECTION('',(-3.003E-14,-8.47E-15,1.));
#1949 = DIRECTION('',(1.,0.,3.003E-14));
#1950 = ADVANCED_FACE('',(#1951),#1970,.T.);
#1951 = FACE_BOUND('',#1952,.T.);
#1952 = EDGE_LOOP('',(#1953,#1962,#1963,#1964));
#1953 = ORIENTED_EDGE('',*,*,#1954,.F.);
#1954 = EDGE_CURVE('',#1077,#1955,#1957,.T.);
#1955 = VERTEX_POINT('',#1956);
#1956 = CARTESIAN_POINT('',(45.560898384862,-20.6,30.));
#1957 = ELLIPSE('',#1958,1.414213562373,1.);
#1958 = AXIS2_PLACEMENT_3D('',#1959,#1960,#1961);
#1959 = CARTESIAN_POINT('',(45.560898384862,-20.6,29.));
#1960 = DIRECTION('',(-0.707106781187,-0.707106781187,-2.687E-14));
#1961 = DIRECTION('',(0.707106781187,-0.707106781187,1.556E-14));
#1962 = ORIENTED_EDGE('',*,*,#1084,.T.);
#1963 = ORIENTED_EDGE('',*,*,#1041,.T.);
#1964 = ORIENTED_EDGE('',*,*,#1965,.F.);
#1965 = EDGE_CURVE('',#1955,#1042,#1966,.T.);
#1966 = LINE('',#1967,#1968);
#1967 = CARTESIAN_POINT('',(45.560898384862,-21.6,30.));
#1968 = VECTOR('',#1969,1.);
#1969 = DIRECTION('',(0.,1.,8.E-15));
#1970 = CYLINDRICAL_SURFACE('',#1971,1.);
#1971 = AXIS2_PLACEMENT_3D('',#1972,#1973,#1974);
#1972 = CARTESIAN_POINT('',(45.560898384862,-21.6,29.));
#1973 = DIRECTION('',(0.,1.,8.E-15));
#1974 = DIRECTION('',(-3.003E-14,-8.E-15,1.));
#1975 = ADVANCED_FACE('',(#1976),#1987,.T.);
#1976 = FACE_BOUND('',#1977,.T.);
#1977 = EDGE_LOOP('',(#1978,#1979,#1980,#1986));
#1978 = ORIENTED_EDGE('',*,*,#1050,.T.);
#1979 = ORIENTED_EDGE('',*,*,#1855,.T.);
#1980 = ORIENTED_EDGE('',*,*,#1981,.T.);
#1981 = EDGE_CURVE('',#1856,#1955,#1982,.T.);
#1982 = LINE('',#1983,#1984);
#1983 = CARTESIAN_POINT('',(39.024999999999,-20.6,30.));
#1984 = VECTOR('',#1985,1.);
#1985 = DIRECTION('',(1.,0.,3.E-14));
#1986 = ORIENTED_EDGE('',*,*,#1965,.T.);
#1987 = PLANE('',#1988);
#1988 = AXIS2_PLACEMENT_3D('',#1989,#1990,#1991);
#1989 = CARTESIAN_POINT('',(50.025000000004,-11.6,30.));
#1990 = DIRECTION('',(-3.003E-14,-8.47E-15,1.));
#1991 = DIRECTION('',(1.,0.,3.003E-14));
#1992 = ADVANCED_FACE('',(#1993),#2026,.T.);
#1993 = FACE_BOUND('',#1994,.T.);
#1994 = EDGE_LOOP('',(#1995,#1996,#2002,#2003,#2009,#2010,#2016,#2017,
    #2018,#2025));
#1995 = ORIENTED_EDGE('',*,*,#1074,.T.);
#1996 = ORIENTED_EDGE('',*,*,#1997,.F.);
#1997 = EDGE_CURVE('',#1890,#1077,#1998,.T.);
#1998 = LINE('',#1999,#2000);
#1999 = CARTESIAN_POINT('',(39.024999999999,-21.6,29.));
#2000 = VECTOR('',#2001,1.);
#2001 = DIRECTION('',(1.,0.,3.E-14));
#2002 = ORIENTED_EDGE('',*,*,#1889,.F.);
#2003 = ORIENTED_EDGE('',*,*,#2004,.F.);
#2004 = EDGE_CURVE('',#1640,#1881,#2005,.T.);
#2005 = LINE('',#2006,#2007);
#2006 = CARTESIAN_POINT('',(61.025,-21.6,11.));
#2007 = VECTOR('',#2008,1.);
#2008 = DIRECTION('',(-1.,0.,0.));
#2009 = ORIENTED_EDGE('',*,*,#1648,.T.);
#2010 = ORIENTED_EDGE('',*,*,#2011,.F.);
#2011 = EDGE_CURVE('',#1275,#1649,#2012,.T.);
#2012 = LINE('',#2013,#2014);
#2013 = CARTESIAN_POINT('',(53.489101614952,-21.6,29.));
#2014 = VECTOR('',#2015,1.);
#2015 = DIRECTION('',(1.,0.,3.E-14));
#2016 = ORIENTED_EDGE('',*,*,#1272,.F.);
#2017 = ORIENTED_EDGE('',*,*,#1282,.T.);
#2018 = ORIENTED_EDGE('',*,*,#2019,.F.);
#2019 = EDGE_CURVE('',#1150,#1283,#2020,.T.);
#2020 = CIRCLE('',#2021,4.5);
#2021 = AXIS2_PLACEMENT_3D('',#2022,#2023,#2024);
#2022 = CARTESIAN_POINT('',(50.025,-21.6,27.5));
#2023 = DIRECTION('',(-1.232595164408E-32,-1.,-4.7E-16));
#2024 = DIRECTION('',(-0.989743318611,6.714285714285E-17,-0.142857142857
    ));
#2025 = ORIENTED_EDGE('',*,*,#1192,.F.);
#2026 = PLANE('',#2027);
#2027 = AXIS2_PLACEMENT_3D('',#2028,#2029,#2030);
#2028 = CARTESIAN_POINT('',(50.024999999957,-21.6,20.348554690758));
#2029 = DIRECTION('',(-0.,-1.,-4.7E-16));
#2030 = DIRECTION('',(0.,4.7E-16,-1.));
#2031 = ADVANCED_FACE('',(#2032),#2044,.T.);
#2032 = FACE_BOUND('',#2033,.F.);
#2033 = EDGE_LOOP('',(#2034,#2035,#2042,#2043));
#2034 = ORIENTED_EDGE('',*,*,#1149,.F.);
#2035 = ORIENTED_EDGE('',*,*,#2036,.T.);
#2036 = EDGE_CURVE('',#1142,#1291,#2037,.T.);
#2037 = CIRCLE('',#2038,3.5);
#2038 = AXIS2_PLACEMENT_3D('',#2039,#2040,#2041);
#2039 = CARTESIAN_POINT('',(50.025,-20.6,27.5));
#2040 = DIRECTION('',(-1.232595164408E-32,-1.,-4.7E-16));
#2041 = DIRECTION('',(-0.989743318611,6.714285714285E-17,-0.142857142857
    ));
#2042 = ORIENTED_EDGE('',*,*,#1290,.T.);
#2043 = ORIENTED_EDGE('',*,*,#2019,.F.);
#2044 = TOROIDAL_SURFACE('',#2045,4.5,1.);
#2045 = AXIS2_PLACEMENT_3D('',#2046,#2047,#2048);
#2046 = CARTESIAN_POINT('',(50.025,-20.6,27.5));
#2047 = DIRECTION('',(0.,1.,4.7E-16));
#2048 = DIRECTION('',(-0.989743318611,6.714285714285E-17,-0.142857142857
    ));
#2049 = ADVANCED_FACE('',(#2050),#2056,.F.);
#2050 = FACE_BOUND('',#2051,.F.);
#2051 = EDGE_LOOP('',(#2052,#2053,#2054,#2055));
#2052 = ORIENTED_EDGE('',*,*,#1141,.T.);
#2053 = ORIENTED_EDGE('',*,*,#1257,.T.);
#2054 = ORIENTED_EDGE('',*,*,#1333,.F.);
#2055 = ORIENTED_EDGE('',*,*,#2036,.F.);
#2056 = CYLINDRICAL_SURFACE('',#2057,3.5);
#2057 = AXIS2_PLACEMENT_3D('',#2058,#2059,#2060);
#2058 = CARTESIAN_POINT('',(50.025,-21.6,27.5));
#2059 = DIRECTION('',(0.,-1.,2.2E-16));
#2060 = DIRECTION('',(1.,0.,0.));
#2061 = ADVANCED_FACE('',(#2062),#2081,.T.);
#2062 = FACE_BOUND('',#2063,.T.);
#2063 = EDGE_LOOP('',(#2064,#2065,#2066,#2075));
#2064 = ORIENTED_EDGE('',*,*,#1373,.F.);
#2065 = ORIENTED_EDGE('',*,*,#1342,.T.);
#2066 = ORIENTED_EDGE('',*,*,#2067,.F.);
#2067 = EDGE_CURVE('',#2068,#1275,#2070,.T.);
#2068 = VERTEX_POINT('',#2069);
#2069 = CARTESIAN_POINT('',(54.489101614952,-20.6,30.));
#2070 = ELLIPSE('',#2071,1.414213562373,1.);
#2071 = AXIS2_PLACEMENT_3D('',#2072,#2073,#2074);
#2072 = CARTESIAN_POINT('',(54.489101614952,-20.6,29.));
#2073 = DIRECTION('',(0.707106781187,-0.707106781187,1.556E-14));
#2074 = DIRECTION('',(-0.707106781187,-0.707106781187,-2.687E-14));
#2075 = ORIENTED_EDGE('',*,*,#2076,.F.);
#2076 = EDGE_CURVE('',#1366,#2068,#2077,.T.);
#2077 = LINE('',#2078,#2079);
#2078 = CARTESIAN_POINT('',(54.489101614952,-16.1,30.));
#2079 = VECTOR('',#2080,1.);
#2080 = DIRECTION('',(0.,-1.,-8.E-15));
#2081 = CYLINDRICAL_SURFACE('',#2082,1.);
#2082 = AXIS2_PLACEMENT_3D('',#2083,#2084,#2085);
#2083 = CARTESIAN_POINT('',(54.489101614952,-16.1,29.));
#2084 = DIRECTION('',(0.,-1.,-8.E-15));
#2085 = DIRECTION('',(-3.003E-14,-8.E-15,1.));
#2086 = ADVANCED_FACE('',(#2087),#2098,.T.);
#2087 = FACE_BOUND('',#2088,.T.);
#2088 = EDGE_LOOP('',(#2089,#2090,#2091,#2092));
#2089 = ORIENTED_EDGE('',*,*,#1623,.T.);
#2090 = ORIENTED_EDGE('',*,*,#1365,.T.);
#2091 = ORIENTED_EDGE('',*,*,#2076,.T.);
#2092 = ORIENTED_EDGE('',*,*,#2093,.T.);
#2093 = EDGE_CURVE('',#2068,#1615,#2094,.T.);
#2094 = LINE('',#2095,#2096);
#2095 = CARTESIAN_POINT('',(53.489101614952,-20.6,30.));
#2096 = VECTOR('',#2097,1.);
#2097 = DIRECTION('',(1.,0.,3.E-14));
#2098 = PLANE('',#2099);
#2099 = AXIS2_PLACEMENT_3D('',#2100,#2101,#2102);
#2100 = CARTESIAN_POINT('',(50.025000000004,-11.6,30.));
#2101 = DIRECTION('',(-3.003E-14,-8.47E-15,1.));
#2102 = DIRECTION('',(1.,0.,3.003E-14));
#2103 = ADVANCED_FACE('',(#2104),#2110,.T.);
#2104 = FACE_BOUND('',#2105,.T.);
#2105 = EDGE_LOOP('',(#2106,#2107,#2108,#2109));
#2106 = ORIENTED_EDGE('',*,*,#1400,.T.);
#2107 = ORIENTED_EDGE('',*,*,#1424,.T.);
#2108 = ORIENTED_EDGE('',*,*,#1671,.T.);
#2109 = ORIENTED_EDGE('',*,*,#1699,.F.);
#2110 = CYLINDRICAL_SURFACE('',#2111,1.);
#2111 = AXIS2_PLACEMENT_3D('',#2112,#2113,#2114);
#2112 = CARTESIAN_POINT('',(61.025,-2.6,29.000000000001));
#2113 = DIRECTION('',(-1.,0.,-3.E-14));
#2114 = DIRECTION('',(-3.E-14,-8.47E-15,1.));
#2115 = ADVANCED_FACE('',(#2116,#2168,#2179,#2229,#2240,#2322,#2333,
    #2344,#2355),#2425,.T.);
#2116 = FACE_BOUND('',#2117,.T.);
#2117 = EDGE_LOOP('',(#2118,#2119,#2127,#2135,#2141,#2142,#2143,#2152,
    #2160,#2167));
#2118 = ORIENTED_EDGE('',*,*,#1526,.F.);
#2119 = ORIENTED_EDGE('',*,*,#2120,.T.);
#2120 = EDGE_CURVE('',#1518,#2121,#2123,.T.);
#2121 = VERTEX_POINT('',#2122);
#2122 = CARTESIAN_POINT('',(3.8,-108.4,10.));
#2123 = LINE('',#2124,#2125);
#2124 = CARTESIAN_POINT('',(3.8,-1.6,10.));
#2125 = VECTOR('',#2126,1.);
#2126 = DIRECTION('',(0.,-1.,2.2E-16));
#2127 = ORIENTED_EDGE('',*,*,#2128,.F.);
#2128 = EDGE_CURVE('',#2129,#2121,#2131,.T.);
#2129 = VERTEX_POINT('',#2130);
#2130 = CARTESIAN_POINT('',(96.25,-108.4,10.));
#2131 = LINE('',#2132,#2133);
#2132 = CARTESIAN_POINT('',(73.625,-108.4,10.));
#2133 = VECTOR('',#2134,1.);
#2134 = DIRECTION('',(-1.,0.,0.));
#2135 = ORIENTED_EDGE('',*,*,#2136,.F.);
#2136 = EDGE_CURVE('',#1441,#2129,#2137,.T.);
#2137 = LINE('',#2138,#2139);
#2138 = CARTESIAN_POINT('',(96.25,-1.6,10.));
#2139 = VECTOR('',#2140,1.);
#2140 = DIRECTION('',(0.,-1.,2.2E-16));
#2141 = ORIENTED_EDGE('',*,*,#1440,.F.);
#2142 = ORIENTED_EDGE('',*,*,#1589,.T.);
#2143 = ORIENTED_EDGE('',*,*,#2144,.F.);
#2144 = EDGE_CURVE('',#2145,#1590,#2147,.T.);
#2145 = VERTEX_POINT('',#2146);
#2146 = CARTESIAN_POINT('',(60.025,-22.6,10.));
#2147 = CIRCLE('',#2148,2.);
#2148 = AXIS2_PLACEMENT_3D('',#2149,#2150,#2151);
#2149 = CARTESIAN_POINT('',(60.025,-20.6,10.));
#2150 = DIRECTION('',(0.,2.2E-16,1.));
#2151 = DIRECTION('',(-2.842E-14,-1.,2.2E-16));
#2152 = ORIENTED_EDGE('',*,*,#2153,.T.);
#2153 = EDGE_CURVE('',#2145,#2154,#2156,.T.);
#2154 = VERTEX_POINT('',#2155);
#2155 = CARTESIAN_POINT('',(40.025,-22.6,10.));
#2156 = LINE('',#2157,#2158);
#2157 = CARTESIAN_POINT('',(61.025,-22.6,10.));
#2158 = VECTOR('',#2159,1.);
#2159 = DIRECTION('',(-1.,0.,0.));
#2160 = ORIENTED_EDGE('',*,*,#2161,.T.);
#2161 = EDGE_CURVE('',#2154,#1831,#2162,.T.);
#2162 = CIRCLE('',#2163,2.);
#2163 = AXIS2_PLACEMENT_3D('',#2164,#2165,#2166);
#2164 = CARTESIAN_POINT('',(40.025,-20.6,10.));
#2165 = DIRECTION('',(-0.,-2.2E-16,-1.));
#2166 = DIRECTION('',(0.,-1.,2.2E-16));
#2167 = ORIENTED_EDGE('',*,*,#1830,.F.);
#2168 = FACE_BOUND('',#2169,.T.);
#2169 = EDGE_LOOP('',(#2170));
#2170 = ORIENTED_EDGE('',*,*,#2171,.F.);
#2171 = EDGE_CURVE('',#2172,#2172,#2174,.T.);
#2172 = VERTEX_POINT('',#2173);
#2173 = CARTESIAN_POINT('',(92.,-100.5,10.));
#2174 = CIRCLE('',#2175,4.);
#2175 = AXIS2_PLACEMENT_3D('',#2176,#2177,#2178);
#2176 = CARTESIAN_POINT('',(88.,-100.5,10.));
#2177 = DIRECTION('',(0.,2.2E-16,1.));
#2178 = DIRECTION('',(1.,7.E-17,-1.54E-32));
#2179 = FACE_BOUND('',#2180,.T.);
#2180 = EDGE_LOOP('',(#2181,#2191,#2199,#2207,#2215,#2223));
#2181 = ORIENTED_EDGE('',*,*,#2182,.T.);
#2182 = EDGE_CURVE('',#2183,#2185,#2187,.T.);
#2183 = VERTEX_POINT('',#2184);
#2184 = CARTESIAN_POINT('',(60.02,-59.,10.));
#2185 = VERTEX_POINT('',#2186);
#2186 = CARTESIAN_POINT('',(95.,-59.,10.));
#2187 = LINE('',#2188,#2189);
#2188 = CARTESIAN_POINT('',(59.02,-59.,10.));
#2189 = VECTOR('',#2190,1.);
#2190 = DIRECTION('',(1.,0.,0.));
#2191 = ORIENTED_EDGE('',*,*,#2192,.T.);
#2192 = EDGE_CURVE('',#2185,#2193,#2195,.T.);
#2193 = VERTEX_POINT('',#2194);
#2194 = CARTESIAN_POINT('',(95.,-91.,10.));
#2195 = LINE('',#2196,#2197);
#2196 = CARTESIAN_POINT('',(95.,-60.,10.));
#2197 = VECTOR('',#2198,1.);
#2198 = DIRECTION('',(0.,-1.,2.2E-16));
#2199 = ORIENTED_EDGE('',*,*,#2200,.F.);
#2200 = EDGE_CURVE('',#2201,#2193,#2203,.T.);
#2201 = VERTEX_POINT('',#2202);
#2202 = CARTESIAN_POINT('',(53.02,-91.,10.));
#2203 = LINE('',#2204,#2205);
#2204 = CARTESIAN_POINT('',(54.02,-91.,10.));
#2205 = VECTOR('',#2206,1.);
#2206 = DIRECTION('',(1.,0.,0.));
#2207 = ORIENTED_EDGE('',*,*,#2208,.F.);
#2208 = EDGE_CURVE('',#2209,#2201,#2211,.T.);
#2209 = VERTEX_POINT('',#2210);
#2210 = CARTESIAN_POINT('',(53.02,-49.,10.));
#2211 = LINE('',#2212,#2213);
#2212 = CARTESIAN_POINT('',(53.02,-50.,10.));
#2213 = VECTOR('',#2214,1.);
#2214 = DIRECTION('',(0.,-1.,2.2E-16));
#2215 = ORIENTED_EDGE('',*,*,#2216,.T.);
#2216 = EDGE_CURVE('',#2209,#2217,#2219,.T.);
#2217 = VERTEX_POINT('',#2218);
#2218 = CARTESIAN_POINT('',(60.02,-49.,10.));
#2219 = LINE('',#2220,#2221);
#2220 = CARTESIAN_POINT('',(54.02,-49.,10.));
#2221 = VECTOR('',#2222,1.);
#2222 = DIRECTION('',(1.,0.,0.));
#2223 = ORIENTED_EDGE('',*,*,#2224,.T.);
#2224 = EDGE_CURVE('',#2217,#2183,#2225,.T.);
#2225 = LINE('',#2226,#2227);
#2226 = CARTESIAN_POINT('',(60.02,-50.,10.));
#2227 = VECTOR('',#2228,1.);
#2228 = DIRECTION('',(0.,-1.,0.));
#2229 = FACE_BOUND('',#2230,.T.);
#2230 = EDGE_LOOP('',(#2231));
#2231 = ORIENTED_EDGE('',*,*,#2232,.F.);
#2232 = EDGE_CURVE('',#2233,#2233,#2235,.T.);
#2233 = VERTEX_POINT('',#2234);
#2234 = CARTESIAN_POINT('',(57.,-104.,10.));
#2235 = CIRCLE('',#2236,4.);
#2236 = AXIS2_PLACEMENT_3D('',#2237,#2238,#2239);
#2237 = CARTESIAN_POINT('',(53.,-104.,10.));
#2238 = DIRECTION('',(0.,2.2E-16,1.));
#2239 = DIRECTION('',(1.,7.E-17,-1.54E-32));
#2240 = FACE_BOUND('',#2241,.T.);
#2241 = EDGE_LOOP('',(#2242,#2252,#2260,#2268,#2276,#2284,#2292,#2300,
    #2308,#2316));
#2242 = ORIENTED_EDGE('',*,*,#2243,.F.);
#2243 = EDGE_CURVE('',#2244,#2246,#2248,.T.);
#2244 = VERTEX_POINT('',#2245);
#2245 = CARTESIAN_POINT('',(80.,-9.8,10.));
#2246 = VERTEX_POINT('',#2247);
#2247 = CARTESIAN_POINT('',(80.,-10.3,10.));
#2248 = LINE('',#2249,#2250);
#2249 = CARTESIAN_POINT('',(80.,-9.3,10.));
#2250 = VECTOR('',#2251,1.);
#2251 = DIRECTION('',(0.,-1.,0.));
#2252 = ORIENTED_EDGE('',*,*,#2253,.F.);
#2253 = EDGE_CURVE('',#2254,#2244,#2256,.T.);
#2254 = VERTEX_POINT('',#2255);
#2255 = CARTESIAN_POINT('',(73.5,-9.8,10.));
#2256 = LINE('',#2257,#2258);
#2257 = CARTESIAN_POINT('',(74.,-9.8,10.));
#2258 = VECTOR('',#2259,1.);
#2259 = DIRECTION('',(1.,0.,0.));
#2260 = ORIENTED_EDGE('',*,*,#2261,.F.);
#2261 = EDGE_CURVE('',#2262,#2254,#2264,.T.);
#2262 = VERTEX_POINT('',#2263);
#2263 = CARTESIAN_POINT('',(73.5,-7.,10.));
#2264 = LINE('',#2265,#2266);
#2265 = CARTESIAN_POINT('',(73.5,-7.5,10.));
#2266 = VECTOR('',#2267,1.);
#2267 = DIRECTION('',(0.,-1.,2.2E-16));
#2268 = ORIENTED_EDGE('',*,*,#2269,.F.);
#2269 = EDGE_CURVE('',#2270,#2262,#2272,.T.);
#2270 = VERTEX_POINT('',#2271);
#2271 = CARTESIAN_POINT('',(94.5,-7.,10.));
#2272 = LINE('',#2273,#2274);
#2273 = CARTESIAN_POINT('',(94.,-7.,10.));
#2274 = VECTOR('',#2275,1.);
#2275 = DIRECTION('',(-1.,0.,0.));
#2276 = ORIENTED_EDGE('',*,*,#2277,.T.);
#2277 = EDGE_CURVE('',#2270,#2278,#2280,.T.);
#2278 = VERTEX_POINT('',#2279);
#2279 = CARTESIAN_POINT('',(94.5,-9.3,10.));
#2280 = LINE('',#2281,#2282);
#2281 = CARTESIAN_POINT('',(94.5,-7.5,10.));
#2282 = VECTOR('',#2283,1.);
#2283 = DIRECTION('',(0.,-1.,2.2E-16));
#2284 = ORIENTED_EDGE('',*,*,#2285,.T.);
#2285 = EDGE_CURVE('',#2278,#2286,#2288,.T.);
#2286 = VERTEX_POINT('',#2287);
#2287 = CARTESIAN_POINT('',(95.,-9.3,10.));
#2288 = LINE('',#2289,#2290);
#2289 = CARTESIAN_POINT('',(67.0125,-9.3,10.));
#2290 = VECTOR('',#2291,1.);
#2291 = DIRECTION('',(1.,0.,0.));
#2292 = ORIENTED_EDGE('',*,*,#2293,.T.);
#2293 = EDGE_CURVE('',#2286,#2294,#2296,.T.);
#2294 = VERTEX_POINT('',#2295);
#2295 = CARTESIAN_POINT('',(95.,-16.5,10.));
#2296 = LINE('',#2297,#2298);
#2297 = CARTESIAN_POINT('',(95.,-9.3,10.));
#2298 = VECTOR('',#2299,1.);
#2299 = DIRECTION('',(0.,-1.,2.2E-16));
#2300 = ORIENTED_EDGE('',*,*,#2301,.T.);
#2301 = EDGE_CURVE('',#2294,#2302,#2304,.T.);
#2302 = VERTEX_POINT('',#2303);
#2303 = CARTESIAN_POINT('',(73.,-16.5,10.));
#2304 = LINE('',#2305,#2306);
#2305 = CARTESIAN_POINT('',(94.,-16.5,10.));
#2306 = VECTOR('',#2307,1.);
#2307 = DIRECTION('',(-1.,0.,0.));
#2308 = ORIENTED_EDGE('',*,*,#2309,.F.);
#2309 = EDGE_CURVE('',#2310,#2302,#2312,.T.);
#2310 = VERTEX_POINT('',#2311);
#2311 = CARTESIAN_POINT('',(73.,-10.3,10.));
#2312 = LINE('',#2313,#2314);
#2313 = CARTESIAN_POINT('',(73.,-11.3,10.));
#2314 = VECTOR('',#2315,1.);
#2315 = DIRECTION('',(0.,-1.,2.2E-16));
#2316 = ORIENTED_EDGE('',*,*,#2317,.F.);
#2317 = EDGE_CURVE('',#2246,#2310,#2318,.T.);
#2318 = LINE('',#2319,#2320);
#2319 = CARTESIAN_POINT('',(81.,-10.3,10.));
#2320 = VECTOR('',#2321,1.);
#2321 = DIRECTION('',(-1.,0.,0.));
#2322 = FACE_BOUND('',#2323,.T.);
#2323 = EDGE_LOOP('',(#2324));
#2324 = ORIENTED_EDGE('',*,*,#2325,.F.);
#2325 = EDGE_CURVE('',#2326,#2326,#2328,.T.);
#2326 = VERTEX_POINT('',#2327);
#2327 = CARTESIAN_POINT('',(53.,-76.,10.));
#2328 = CIRCLE('',#2329,4.);
#2329 = AXIS2_PLACEMENT_3D('',#2330,#2331,#2332);
#2330 = CARTESIAN_POINT('',(49.,-76.,10.));
#2331 = DIRECTION('',(0.,2.2E-16,1.));
#2332 = DIRECTION('',(1.,7.E-17,-1.54E-32));
#2333 = FACE_BOUND('',#2334,.T.);
#2334 = EDGE_LOOP('',(#2335));
#2335 = ORIENTED_EDGE('',*,*,#2336,.F.);
#2336 = EDGE_CURVE('',#2337,#2337,#2339,.T.);
#2337 = VERTEX_POINT('',#2338);
#2338 = CARTESIAN_POINT('',(15.,-104.,10.));
#2339 = CIRCLE('',#2340,4.);
#2340 = AXIS2_PLACEMENT_3D('',#2341,#2342,#2343);
#2341 = CARTESIAN_POINT('',(11.,-104.,10.));
#2342 = DIRECTION('',(0.,2.2E-16,1.));
#2343 = DIRECTION('',(1.,7.E-17,-1.54E-32));
#2344 = FACE_BOUND('',#2345,.T.);
#2345 = EDGE_LOOP('',(#2346));
#2346 = ORIENTED_EDGE('',*,*,#2347,.F.);
#2347 = EDGE_CURVE('',#2348,#2348,#2350,.T.);
#2348 = VERTEX_POINT('',#2349);
#2349 = CARTESIAN_POINT('',(15.,-76.,10.));
#2350 = CIRCLE('',#2351,4.);
#2351 = AXIS2_PLACEMENT_3D('',#2352,#2353,#2354);
#2352 = CARTESIAN_POINT('',(11.,-76.,10.));
#2353 = DIRECTION('',(0.,2.2E-16,1.));
#2354 = DIRECTION('',(1.,7.E-17,-1.54E-32));
#2355 = FACE_BOUND('',#2356,.T.);
#2356 = EDGE_LOOP('',(#2357,#2367,#2376,#2384,#2393,#2401,#2410,#2418));
#2357 = ORIENTED_EDGE('',*,*,#2358,.F.);
#2358 = EDGE_CURVE('',#2359,#2361,#2363,.T.);
#2359 = VERTEX_POINT('',#2360);
#2360 = CARTESIAN_POINT('',(42.,-40.,10.));
#2361 = VERTEX_POINT('',#2362);
#2362 = CARTESIAN_POINT('',(11.,-40.,10.));
#2363 = LINE('',#2364,#2365);
#2364 = CARTESIAN_POINT('',(43.,-40.,10.));
#2365 = VECTOR('',#2366,1.);
#2366 = DIRECTION('',(-1.,0.,0.));
#2367 = ORIENTED_EDGE('',*,*,#2368,.F.);
#2368 = EDGE_CURVE('',#2369,#2359,#2371,.T.);
#2369 = VERTEX_POINT('',#2370);
#2370 = CARTESIAN_POINT('',(44.,-42.,10.));
#2371 = CIRCLE('',#2372,2.);
#2372 = AXIS2_PLACEMENT_3D('',#2373,#2374,#2375);
#2373 = CARTESIAN_POINT('',(42.,-42.,10.));
#2374 = DIRECTION('',(-0.,2.2E-16,1.));
#2375 = DIRECTION('',(1.,0.,0.));
#2376 = ORIENTED_EDGE('',*,*,#2377,.F.);
#2377 = EDGE_CURVE('',#2378,#2369,#2380,.T.);
#2378 = VERTEX_POINT('',#2379);
#2379 = CARTESIAN_POINT('',(44.,-67.,10.));
#2380 = LINE('',#2381,#2382);
#2381 = CARTESIAN_POINT('',(44.,-68.,10.));
#2382 = VECTOR('',#2383,1.);
#2383 = DIRECTION('',(0.,1.,0.));
#2384 = ORIENTED_EDGE('',*,*,#2385,.F.);
#2385 = EDGE_CURVE('',#2386,#2378,#2388,.T.);
#2386 = VERTEX_POINT('',#2387);
#2387 = CARTESIAN_POINT('',(42.,-69.,10.));
#2388 = CIRCLE('',#2389,2.);
#2389 = AXIS2_PLACEMENT_3D('',#2390,#2391,#2392);
#2390 = CARTESIAN_POINT('',(42.,-67.,10.));
#2391 = DIRECTION('',(-0.,2.2E-16,1.));
#2392 = DIRECTION('',(0.,-1.,2.2E-16));
#2393 = ORIENTED_EDGE('',*,*,#2394,.F.);
#2394 = EDGE_CURVE('',#2395,#2386,#2397,.T.);
#2395 = VERTEX_POINT('',#2396);
#2396 = CARTESIAN_POINT('',(11.,-69.,10.));
#2397 = LINE('',#2398,#2399);
#2398 = CARTESIAN_POINT('',(10.,-69.,10.));
#2399 = VECTOR('',#2400,1.);
#2400 = DIRECTION('',(1.,0.,0.));
#2401 = ORIENTED_EDGE('',*,*,#2402,.T.);
#2402 = EDGE_CURVE('',#2395,#2403,#2405,.T.);
#2403 = VERTEX_POINT('',#2404);
#2404 = CARTESIAN_POINT('',(9.,-67.,10.));
#2405 = CIRCLE('',#2406,2.);
#2406 = AXIS2_PLACEMENT_3D('',#2407,#2408,#2409);
#2407 = CARTESIAN_POINT('',(11.,-67.,10.));
#2408 = DIRECTION('',(-0.,-2.2E-16,-1.));
#2409 = DIRECTION('',(0.,-1.,2.2E-16));
#2410 = ORIENTED_EDGE('',*,*,#2411,.F.);
#2411 = EDGE_CURVE('',#2412,#2403,#2414,.T.);
#2412 = VERTEX_POINT('',#2413);
#2413 = CARTESIAN_POINT('',(9.,-42.,10.));
#2414 = LINE('',#2415,#2416);
#2415 = CARTESIAN_POINT('',(9.,-41.,10.));
#2416 = VECTOR('',#2417,1.);
#2417 = DIRECTION('',(0.,-1.,0.));
#2418 = ORIENTED_EDGE('',*,*,#2419,.T.);
#2419 = EDGE_CURVE('',#2412,#2361,#2420,.T.);
#2420 = CIRCLE('',#2421,2.);
#2421 = AXIS2_PLACEMENT_3D('',#2422,#2423,#2424);
#2422 = CARTESIAN_POINT('',(11.,-42.,10.));
#2423 = DIRECTION('',(-0.,-2.2E-16,-1.));
#2424 = DIRECTION('',(-1.,0.,0.));
#2425 = PLANE('',#2426);
#2426 = AXIS2_PLACEMENT_3D('',#2427,#2428,#2429);
#2427 = CARTESIAN_POINT('',(50.025,-55.,10.));
#2428 = DIRECTION('',(0.,2.2E-16,1.));
#2429 = DIRECTION('',(0.,1.,-2.2E-16));
#2430 = ADVANCED_FACE('',(#2431),#2450,.T.);
#2431 = FACE_BOUND('',#2432,.T.);
#2432 = EDGE_LOOP('',(#2433,#2434,#2435,#2444));
#2433 = ORIENTED_EDGE('',*,*,#1448,.T.);
#2434 = ORIENTED_EDGE('',*,*,#2136,.T.);
#2435 = ORIENTED_EDGE('',*,*,#2436,.F.);
#2436 = EDGE_CURVE('',#2437,#2129,#2439,.T.);
#2437 = VERTEX_POINT('',#2438);
#2438 = CARTESIAN_POINT('',(97.25,-108.4,9.));
#2439 = CIRCLE('',#2440,1.);
#2440 = AXIS2_PLACEMENT_3D('',#2441,#2442,#2443);
#2441 = CARTESIAN_POINT('',(96.25,-108.4,9.));
#2442 = DIRECTION('',(0.,-1.,2.2E-16));
#2443 = DIRECTION('',(0.,-2.2E-16,-1.));
#2444 = ORIENTED_EDGE('',*,*,#2445,.F.);
#2445 = EDGE_CURVE('',#1449,#2437,#2446,.T.);
#2446 = LINE('',#2447,#2448);
#2447 = CARTESIAN_POINT('',(97.25,-1.6,9.));
#2448 = VECTOR('',#2449,1.);
#2449 = DIRECTION('',(0.,-1.,2.2E-16));
#2450 = CYLINDRICAL_SURFACE('',#2451,1.);
#2451 = AXIS2_PLACEMENT_3D('',#2452,#2453,#2454);
#2452 = CARTESIAN_POINT('',(96.25,-1.6,9.));
#2453 = DIRECTION('',(0.,-1.,2.2E-16));
#2454 = DIRECTION('',(1.,0.,0.));
#2455 = ADVANCED_FACE('',(#2456),#2462,.T.);
#2456 = FACE_BOUND('',#2457,.T.);
#2457 = EDGE_LOOP('',(#2458,#2459,#2460,#2461));
#2458 = ORIENTED_EDGE('',*,*,#1921,.F.);
#2459 = ORIENTED_EDGE('',*,*,#1542,.T.);
#2460 = ORIENTED_EDGE('',*,*,#1804,.F.);
#2461 = ORIENTED_EDGE('',*,*,#1940,.F.);
#2462 = CYLINDRICAL_SURFACE('',#2463,1.);
#2463 = AXIS2_PLACEMENT_3D('',#2464,#2465,#2466);
#2464 = CARTESIAN_POINT('',(46.560898384862,-2.6,29.));
#2465 = DIRECTION('',(-1.,0.,-3.E-14));
#2466 = DIRECTION('',(-3.E-14,-8.47E-15,1.));
#2467 = ADVANCED_FACE('',(#2468),#2486,.F.);
#2468 = FACE_BOUND('',#2469,.F.);
#2469 = EDGE_LOOP('',(#2470,#2471,#2479,#2485));
#2470 = ORIENTED_EDGE('',*,*,#1457,.F.);
#2471 = ORIENTED_EDGE('',*,*,#2472,.T.);
#2472 = EDGE_CURVE('',#1458,#2473,#2475,.T.);
#2473 = VERTEX_POINT('',#2474);
#2474 = CARTESIAN_POINT('',(97.25,-108.4,4.));
#2475 = LINE('',#2476,#2477);
#2476 = CARTESIAN_POINT('',(97.25,-1.6,4.));
#2477 = VECTOR('',#2478,1.);
#2478 = DIRECTION('',(0.,-1.,2.2E-16));
#2479 = ORIENTED_EDGE('',*,*,#2480,.T.);
#2480 = EDGE_CURVE('',#2473,#2437,#2481,.T.);
#2481 = LINE('',#2482,#2483);
#2482 = CARTESIAN_POINT('',(97.25,-108.4,15.769102971869));
#2483 = VECTOR('',#2484,1.);
#2484 = DIRECTION('',(0.,2.7E-16,1.));
#2485 = ORIENTED_EDGE('',*,*,#2445,.F.);
#2486 = PLANE('',#2487);
#2487 = AXIS2_PLACEMENT_3D('',#2488,#2489,#2490);
#2488 = CARTESIAN_POINT('',(97.25,6.7E-16,3.));
#2489 = DIRECTION('',(-1.,0.,0.));
#2490 = DIRECTION('',(0.,2.2E-16,1.));
#2491 = ADVANCED_FACE('',(#2492),#2545,.F.);
#2492 = FACE_BOUND('',#2493,.F.);
#2493 = EDGE_LOOP('',(#2494,#2504,#2511,#2512,#2513,#2521,#2530,#2538));
#2494 = ORIENTED_EDGE('',*,*,#2495,.F.);
#2495 = EDGE_CURVE('',#2496,#2498,#2500,.T.);
#2496 = VERTEX_POINT('',#2497);
#2497 = CARTESIAN_POINT('',(97.912305875458,-108.4,3.058744095238));
#2498 = VERTEX_POINT('',#2499);
#2499 = CARTESIAN_POINT('',(97.912305875458,-112.,3.058744095238));
#2500 = LINE('',#2501,#2502);
#2501 = CARTESIAN_POINT('',(97.912305875458,-110.,3.058744095238));
#2502 = VECTOR('',#2503,1.);
#2503 = DIRECTION('',(0.,-1.,0.));
#2504 = ORIENTED_EDGE('',*,*,#2505,.F.);
#2505 = EDGE_CURVE('',#2473,#2496,#2506,.T.);
#2506 = CIRCLE('',#2507,1.);
#2507 = AXIS2_PLACEMENT_3D('',#2508,#2509,#2510);
#2508 = CARTESIAN_POINT('',(98.25,-108.4,4.));
#2509 = DIRECTION('',(0.,-1.,2.2E-16));
#2510 = DIRECTION('',(0.,-2.2E-16,-1.));
#2511 = ORIENTED_EDGE('',*,*,#2472,.F.);
#2512 = ORIENTED_EDGE('',*,*,#1465,.T.);
#2513 = ORIENTED_EDGE('',*,*,#2514,.T.);
#2514 = EDGE_CURVE('',#1466,#2515,#2517,.T.);
#2515 = VERTEX_POINT('',#2516);
#2516 = CARTESIAN_POINT('',(97.912305875458,2.,3.058744095238));
#2517 = LINE('',#2518,#2519);
#2518 = CARTESIAN_POINT('',(97.912305875458,-1.6,3.058744095238));
#2519 = VECTOR('',#2520,1.);
#2520 = DIRECTION('',(0.,1.,-2.2E-16));
#2521 = ORIENTED_EDGE('',*,*,#2522,.T.);
#2522 = EDGE_CURVE('',#2515,#2523,#2525,.T.);
#2523 = VERTEX_POINT('',#2524);
#2524 = CARTESIAN_POINT('',(98.25,2.,3.));
#2525 = CIRCLE('',#2526,1.);
#2526 = AXIS2_PLACEMENT_3D('',#2527,#2528,#2529);
#2527 = CARTESIAN_POINT('',(98.25,2.,4.));
#2528 = DIRECTION('',(0.,-1.,2.2E-16));
#2529 = DIRECTION('',(0.,-2.2E-16,-1.));
#2530 = ORIENTED_EDGE('',*,*,#2531,.F.);
#2531 = EDGE_CURVE('',#2532,#2523,#2534,.T.);
#2532 = VERTEX_POINT('',#2533);
#2533 = CARTESIAN_POINT('',(98.25,-112.,3.));
#2534 = LINE('',#2535,#2536);
#2535 = CARTESIAN_POINT('',(98.25,6.7E-16,3.));
#2536 = VECTOR('',#2537,1.);
#2537 = DIRECTION('',(0.,1.,0.));
#2538 = ORIENTED_EDGE('',*,*,#2539,.F.);
#2539 = EDGE_CURVE('',#2498,#2532,#2540,.T.);
#2540 = CIRCLE('',#2541,1.);
#2541 = AXIS2_PLACEMENT_3D('',#2542,#2543,#2544);
#2542 = CARTESIAN_POINT('',(98.25,-112.,4.));
#2543 = DIRECTION('',(0.,-1.,2.2E-16));
#2544 = DIRECTION('',(0.,-2.2E-16,-1.));
#2545 = CYLINDRICAL_SURFACE('',#2546,1.);
#2546 = AXIS2_PLACEMENT_3D('',#2547,#2548,#2549);
#2547 = CARTESIAN_POINT('',(98.25,-1.6,4.));
#2548 = DIRECTION('',(0.,-1.,2.2E-16));
#2549 = DIRECTION('',(-1.,0.,0.));
#2550 = ADVANCED_FACE('',(#2551),#2570,.F.);
#2551 = FACE_BOUND('',#2552,.T.);
#2552 = EDGE_LOOP('',(#2553,#2562,#2568,#2569));
#2553 = ORIENTED_EDGE('',*,*,#2554,.F.);
#2554 = EDGE_CURVE('',#2555,#2515,#2557,.T.);
#2555 = VERTEX_POINT('',#2556);
#2556 = CARTESIAN_POINT('',(95.,2.,1.5));
#2557 = CIRCLE('',#2558,3.5);
#2558 = AXIS2_PLACEMENT_3D('',#2559,#2560,#2561);
#2559 = CARTESIAN_POINT('',(95.,2.,5.));
#2560 = DIRECTION('',(0.,-1.,0.));
#2561 = DIRECTION('',(1.,0.,0.));
#2562 = ORIENTED_EDGE('',*,*,#2563,.T.);
#2563 = EDGE_CURVE('',#2555,#1475,#2564,.T.);
#2564 = LINE('',#2565,#2566);
#2565 = CARTESIAN_POINT('',(95.,3.3E-16,1.5));
#2566 = VECTOR('',#2567,1.);
#2567 = DIRECTION('',(0.,-1.,2.2E-16));
#2568 = ORIENTED_EDGE('',*,*,#1474,.T.);
#2569 = ORIENTED_EDGE('',*,*,#2514,.T.);
#2570 = CYLINDRICAL_SURFACE('',#2571,3.5);
#2571 = AXIS2_PLACEMENT_3D('',#2572,#2573,#2574);
#2572 = CARTESIAN_POINT('',(95.,1.11E-15,5.));
#2573 = DIRECTION('',(0.,1.,-2.2E-16));
#2574 = DIRECTION('',(1.,0.,0.));
#2575 = ADVANCED_FACE('',(#2576),#2594,.T.);
#2576 = FACE_BOUND('',#2577,.T.);
#2577 = EDGE_LOOP('',(#2578,#2579,#2580,#2588));
#2578 = ORIENTED_EDGE('',*,*,#1483,.T.);
#2579 = ORIENTED_EDGE('',*,*,#2563,.F.);
#2580 = ORIENTED_EDGE('',*,*,#2581,.F.);
#2581 = EDGE_CURVE('',#2582,#2555,#2584,.T.);
#2582 = VERTEX_POINT('',#2583);
#2583 = CARTESIAN_POINT('',(5.,2.,1.5));
#2584 = LINE('',#2585,#2586);
#2585 = CARTESIAN_POINT('',(5.,2.,1.5));
#2586 = VECTOR('',#2587,1.);
#2587 = DIRECTION('',(1.,0.,0.));
#2588 = ORIENTED_EDGE('',*,*,#2589,.F.);
#2589 = EDGE_CURVE('',#1484,#2582,#2590,.T.);
#2590 = LINE('',#2591,#2592);
#2591 = CARTESIAN_POINT('',(5.,3.3E-16,1.5));
#2592 = VECTOR('',#2593,1.);
#2593 = DIRECTION('',(0.,1.,0.));
#2594 = PLANE('',#2595);
#2595 = AXIS2_PLACEMENT_3D('',#2596,#2597,#2598);
#2596 = CARTESIAN_POINT('',(50.,0.2,1.5));
#2597 = DIRECTION('',(0.,0.,1.));
#2598 = DIRECTION('',(1.,0.,0.));
#2599 = ADVANCED_FACE('',(#2600),#2619,.T.);
#2600 = FACE_BOUND('',#2601,.F.);
#2601 = EDGE_LOOP('',(#2602,#2603,#2604,#2613));
#2602 = ORIENTED_EDGE('',*,*,#1517,.T.);
#2603 = ORIENTED_EDGE('',*,*,#2120,.T.);
#2604 = ORIENTED_EDGE('',*,*,#2605,.F.);
#2605 = EDGE_CURVE('',#2606,#2121,#2608,.T.);
#2606 = VERTEX_POINT('',#2607);
#2607 = CARTESIAN_POINT('',(2.8,-108.4,9.));
#2608 = CIRCLE('',#2609,1.);
#2609 = AXIS2_PLACEMENT_3D('',#2610,#2611,#2612);
#2610 = CARTESIAN_POINT('',(3.8,-108.4,9.));
#2611 = DIRECTION('',(0.,1.,-2.2E-16));
#2612 = DIRECTION('',(0.,-2.2E-16,-1.));
#2613 = ORIENTED_EDGE('',*,*,#2614,.F.);
#2614 = EDGE_CURVE('',#1510,#2606,#2615,.T.);
#2615 = LINE('',#2616,#2617);
#2616 = CARTESIAN_POINT('',(2.8,-1.6,9.));
#2617 = VECTOR('',#2618,1.);
#2618 = DIRECTION('',(0.,-1.,2.2E-16));
#2619 = CYLINDRICAL_SURFACE('',#2620,1.);
#2620 = AXIS2_PLACEMENT_3D('',#2621,#2622,#2623);
#2621 = CARTESIAN_POINT('',(3.8,-1.6,9.));
#2622 = DIRECTION('',(0.,-1.,2.2E-16));
#2623 = DIRECTION('',(-1.,0.,0.));
#2624 = ADVANCED_FACE('',(#2625),#2644,.F.);
#2625 = FACE_BOUND('',#2626,.T.);
#2626 = EDGE_LOOP('',(#2627,#2636,#2642,#2643));
#2627 = ORIENTED_EDGE('',*,*,#2628,.F.);
#2628 = EDGE_CURVE('',#2629,#2582,#2631,.T.);
#2629 = VERTEX_POINT('',#2630);
#2630 = CARTESIAN_POINT('',(2.09685117388,2.,3.045076243585));
#2631 = CIRCLE('',#2632,3.5);
#2632 = AXIS2_PLACEMENT_3D('',#2633,#2634,#2635);
#2633 = CARTESIAN_POINT('',(5.,2.,5.));
#2634 = DIRECTION('',(0.,-1.,0.));
#2635 = DIRECTION('',(1.,0.,0.));
#2636 = ORIENTED_EDGE('',*,*,#2637,.F.);
#2637 = EDGE_CURVE('',#1492,#2629,#2638,.T.);
#2638 = LINE('',#2639,#2640);
#2639 = CARTESIAN_POINT('',(2.09685117388,6.7E-16,3.045076243585));
#2640 = VECTOR('',#2641,1.);
#2641 = DIRECTION('',(0.,1.,0.));
#2642 = ORIENTED_EDGE('',*,*,#1491,.T.);
#2643 = ORIENTED_EDGE('',*,*,#2589,.T.);
#2644 = CYLINDRICAL_SURFACE('',#2645,3.5);
#2645 = AXIS2_PLACEMENT_3D('',#2646,#2647,#2648);
#2646 = CARTESIAN_POINT('',(5.,1.11E-15,5.));
#2647 = DIRECTION('',(0.,1.,-2.2E-16));
#2648 = DIRECTION('',(1.,0.,0.));
#2649 = ADVANCED_FACE('',(#2650),#2668,.T.);
#2650 = FACE_BOUND('',#2651,.T.);
#2651 = EDGE_LOOP('',(#2652,#2653,#2661,#2667));
#2652 = ORIENTED_EDGE('',*,*,#1509,.F.);
#2653 = ORIENTED_EDGE('',*,*,#2654,.T.);
#2654 = EDGE_CURVE('',#1501,#2655,#2657,.T.);
#2655 = VERTEX_POINT('',#2656);
#2656 = CARTESIAN_POINT('',(2.8,-108.4,4.));
#2657 = LINE('',#2658,#2659);
#2658 = CARTESIAN_POINT('',(2.8,-1.6,4.));
#2659 = VECTOR('',#2660,1.);
#2660 = DIRECTION('',(0.,-1.,2.2E-16));
#2661 = ORIENTED_EDGE('',*,*,#2662,.T.);
#2662 = EDGE_CURVE('',#2655,#2606,#2663,.T.);
#2663 = LINE('',#2664,#2665);
#2664 = CARTESIAN_POINT('',(2.8,-108.4,15.769102971869));
#2665 = VECTOR('',#2666,1.);
#2666 = DIRECTION('',(0.,2.7E-16,1.));
#2667 = ORIENTED_EDGE('',*,*,#2614,.F.);
#2668 = PLANE('',#2669);
#2669 = AXIS2_PLACEMENT_3D('',#2670,#2671,#2672);
#2670 = CARTESIAN_POINT('',(2.8,6.7E-16,3.));
#2671 = DIRECTION('',(-1.,0.,0.));
#2672 = DIRECTION('',(0.,2.2E-16,1.));
#2673 = ADVANCED_FACE('',(#2674),#2720,.F.);
#2674 = FACE_BOUND('',#2675,.T.);
#2675 = EDGE_LOOP('',(#2676,#2687,#2695,#2702,#2703,#2704,#2705,#2714));
#2676 = ORIENTED_EDGE('',*,*,#2677,.F.);
#2677 = EDGE_CURVE('',#2678,#2680,#2682,.T.);
#2678 = VERTEX_POINT('',#2679);
#2679 = CARTESIAN_POINT('',(2.09685117388,-112.,3.045076243585));
#2680 = VERTEX_POINT('',#2681);
#2681 = CARTESIAN_POINT('',(1.8,-112.,3.));
#2682 = CIRCLE('',#2683,1.);
#2683 = AXIS2_PLACEMENT_3D('',#2684,#2685,#2686);
#2684 = CARTESIAN_POINT('',(1.8,-112.,4.));
#2685 = DIRECTION('',(0.,1.,-2.2E-16));
#2686 = DIRECTION('',(0.,-2.2E-16,-1.));
#2687 = ORIENTED_EDGE('',*,*,#2688,.F.);
#2688 = EDGE_CURVE('',#2689,#2678,#2691,.T.);
#2689 = VERTEX_POINT('',#2690);
#2690 = CARTESIAN_POINT('',(2.09685117388,-108.4,3.045076243585));
#2691 = LINE('',#2692,#2693);
#2692 = CARTESIAN_POINT('',(2.09685117388,-1.6,3.045076243585));
#2693 = VECTOR('',#2694,1.);
#2694 = DIRECTION('',(0.,-1.,2.2E-16));
#2695 = ORIENTED_EDGE('',*,*,#2696,.F.);
#2696 = EDGE_CURVE('',#2655,#2689,#2697,.T.);
#2697 = CIRCLE('',#2698,1.);
#2698 = AXIS2_PLACEMENT_3D('',#2699,#2700,#2701);
#2699 = CARTESIAN_POINT('',(1.8,-108.4,4.));
#2700 = DIRECTION('',(0.,1.,-2.2E-16));
#2701 = DIRECTION('',(0.,-2.2E-16,-1.));
#2702 = ORIENTED_EDGE('',*,*,#2654,.F.);
#2703 = ORIENTED_EDGE('',*,*,#1500,.T.);
#2704 = ORIENTED_EDGE('',*,*,#2637,.T.);
#2705 = ORIENTED_EDGE('',*,*,#2706,.T.);
#2706 = EDGE_CURVE('',#2629,#2707,#2709,.T.);
#2707 = VERTEX_POINT('',#2708);
#2708 = CARTESIAN_POINT('',(1.8,2.,3.));
#2709 = CIRCLE('',#2710,1.);
#2710 = AXIS2_PLACEMENT_3D('',#2711,#2712,#2713);
#2711 = CARTESIAN_POINT('',(1.8,2.,4.));
#2712 = DIRECTION('',(0.,1.,-2.2E-16));
#2713 = DIRECTION('',(0.,-2.2E-16,-1.));
#2714 = ORIENTED_EDGE('',*,*,#2715,.T.);
#2715 = EDGE_CURVE('',#2707,#2680,#2716,.T.);
#2716 = LINE('',#2717,#2718);
#2717 = CARTESIAN_POINT('',(1.8,-110.,3.));
#2718 = VECTOR('',#2719,1.);
#2719 = DIRECTION('',(0.,-1.,0.));
#2720 = CYLINDRICAL_SURFACE('',#2721,1.);
#2721 = AXIS2_PLACEMENT_3D('',#2722,#2723,#2724);
#2722 = CARTESIAN_POINT('',(1.8,-1.6,4.));
#2723 = DIRECTION('',(0.,-1.,2.2E-16));
#2724 = DIRECTION('',(1.,0.,0.));
#2725 = ADVANCED_FACE('',(#2726),#2745,.F.);
#2726 = FACE_BOUND('',#2727,.T.);
#2727 = EDGE_LOOP('',(#2728,#2736,#2737,#2738));
#2728 = ORIENTED_EDGE('',*,*,#2729,.F.);
#2729 = EDGE_CURVE('',#1561,#2730,#2732,.T.);
#2730 = VERTEX_POINT('',#2731);
#2731 = CARTESIAN_POINT('',(7.32,-108.4,6.));
#2732 = LINE('',#2733,#2734);
#2733 = CARTESIAN_POINT('',(7.32,1.33E-15,6.));
#2734 = VECTOR('',#2735,1.);
#2735 = DIRECTION('',(0.,-1.,2.2E-16));
#2736 = ORIENTED_EDGE('',*,*,#1560,.T.);
#2737 = ORIENTED_EDGE('',*,*,#2729,.T.);
#2738 = ORIENTED_EDGE('',*,*,#2739,.F.);
#2739 = EDGE_CURVE('',#2730,#2730,#2740,.T.);
#2740 = CIRCLE('',#2741,1.32);
#2741 = AXIS2_PLACEMENT_3D('',#2742,#2743,#2744);
#2742 = CARTESIAN_POINT('',(6.,-108.4,6.));
#2743 = DIRECTION('',(0.,1.,-2.2E-16));
#2744 = DIRECTION('',(1.,0.,0.));
#2745 = CYLINDRICAL_SURFACE('',#2746,1.32);
#2746 = AXIS2_PLACEMENT_3D('',#2747,#2748,#2749);
#2747 = CARTESIAN_POINT('',(6.,1.33E-15,6.));
#2748 = DIRECTION('',(0.,1.,-2.2E-16));
#2749 = DIRECTION('',(1.,0.,0.));
#2750 = ADVANCED_FACE('',(#2751),#2770,.F.);
#2751 = FACE_BOUND('',#2752,.T.);
#2752 = EDGE_LOOP('',(#2753,#2761,#2762,#2763));
#2753 = ORIENTED_EDGE('',*,*,#2754,.F.);
#2754 = EDGE_CURVE('',#1572,#2755,#2757,.T.);
#2755 = VERTEX_POINT('',#2756);
#2756 = CARTESIAN_POINT('',(95.32,-108.4,6.));
#2757 = LINE('',#2758,#2759);
#2758 = CARTESIAN_POINT('',(95.32,1.33E-15,6.));
#2759 = VECTOR('',#2760,1.);
#2760 = DIRECTION('',(0.,-1.,2.2E-16));
#2761 = ORIENTED_EDGE('',*,*,#1571,.T.);
#2762 = ORIENTED_EDGE('',*,*,#2754,.T.);
#2763 = ORIENTED_EDGE('',*,*,#2764,.F.);
#2764 = EDGE_CURVE('',#2755,#2755,#2765,.T.);
#2765 = CIRCLE('',#2766,1.32);
#2766 = AXIS2_PLACEMENT_3D('',#2767,#2768,#2769);
#2767 = CARTESIAN_POINT('',(94.,-108.4,6.));
#2768 = DIRECTION('',(0.,1.,-2.2E-16));
#2769 = DIRECTION('',(1.,0.,0.));
#2770 = CYLINDRICAL_SURFACE('',#2771,1.32);
#2771 = AXIS2_PLACEMENT_3D('',#2772,#2773,#2774);
#2772 = CARTESIAN_POINT('',(94.,1.33E-15,6.));
#2773 = DIRECTION('',(0.,1.,-2.2E-16));
#2774 = DIRECTION('',(1.,0.,0.));
#2775 = ADVANCED_FACE('',(#2776),#2788,.F.);
#2776 = FACE_BOUND('',#2777,.T.);
#2777 = EDGE_LOOP('',(#2778,#2785,#2786,#2787));
#2778 = ORIENTED_EDGE('',*,*,#2779,.F.);
#2779 = EDGE_CURVE('',#2145,#1640,#2780,.T.);
#2780 = CIRCLE('',#2781,1.);
#2781 = AXIS2_PLACEMENT_3D('',#2782,#2783,#2784);
#2782 = CARTESIAN_POINT('',(60.025,-22.6,11.));
#2783 = DIRECTION('',(1.,-2.842E-14,0.));
#2784 = DIRECTION('',(-2.842E-14,-1.,2.2E-16));
#2785 = ORIENTED_EDGE('',*,*,#2144,.T.);
#2786 = ORIENTED_EDGE('',*,*,#1597,.T.);
#2787 = ORIENTED_EDGE('',*,*,#1639,.F.);
#2788 = TOROIDAL_SURFACE('',#2789,2.,1.);
#2789 = AXIS2_PLACEMENT_3D('',#2790,#2791,#2792);
#2790 = CARTESIAN_POINT('',(60.025,-20.6,11.));
#2791 = DIRECTION('',(-0.,-2.2E-16,-1.));
#2792 = DIRECTION('',(-2.842E-14,-1.,2.2E-16));
#2793 = ADVANCED_FACE('',(#2794),#2805,.T.);
#2794 = FACE_BOUND('',#2795,.T.);
#2795 = EDGE_LOOP('',(#2796,#2803,#2804));
#2796 = ORIENTED_EDGE('',*,*,#2797,.F.);
#2797 = EDGE_CURVE('',#1649,#1615,#2798,.T.);
#2798 = CIRCLE('',#2799,1.);
#2799 = AXIS2_PLACEMENT_3D('',#2800,#2801,#2802);
#2800 = CARTESIAN_POINT('',(60.025,-20.6,29.000000000001));
#2801 = DIRECTION('',(-1.,0.,-2.842E-14));
#2802 = DIRECTION('',(-2.842E-14,-4.7E-16,1.));
#2803 = ORIENTED_EDGE('',*,*,#1656,.T.);
#2804 = ORIENTED_EDGE('',*,*,#1614,.F.);
#2805 = SPHERICAL_SURFACE('',#2806,1.);
#2806 = AXIS2_PLACEMENT_3D('',#2807,#2808,#2809);
#2807 = CARTESIAN_POINT('',(60.025,-20.6,29.000000000001));
#2808 = DIRECTION('',(0.,1.,4.7E-16));
#2809 = DIRECTION('',(-2.842E-14,-4.7E-16,1.));
#2810 = ADVANCED_FACE('',(#2811),#2830,.F.);
#2811 = FACE_BOUND('',#2812,.F.);
#2812 = EDGE_LOOP('',(#2813,#2821,#2828,#2829));
#2813 = ORIENTED_EDGE('',*,*,#2814,.T.);
#2814 = EDGE_CURVE('',#1714,#2815,#2817,.T.);
#2815 = VERTEX_POINT('',#2816);
#2816 = CARTESIAN_POINT('',(43.357531408956,-11.6,18.999999996196));
#2817 = LINE('',#2818,#2819);
#2818 = CARTESIAN_POINT('',(43.357531407233,-11.6,26.999999996196));
#2819 = VECTOR('',#2820,1.);
#2820 = DIRECTION('',(2.1533702E-10,0.,-1.));
#2821 = ORIENTED_EDGE('',*,*,#2822,.T.);
#2822 = EDGE_CURVE('',#2815,#2815,#2823,.T.);
#2823 = CIRCLE('',#2824,1.32);
#2824 = AXIS2_PLACEMENT_3D('',#2825,#2826,#2827);
#2825 = CARTESIAN_POINT('',(42.037531408956,-11.6,18.999999995911));
#2826 = DIRECTION('',(-2.15337E-10,0.,1.));
#2827 = DIRECTION('',(1.,0.,2.15337E-10));
#2828 = ORIENTED_EDGE('',*,*,#2814,.F.);
#2829 = ORIENTED_EDGE('',*,*,#1720,.F.);
#2830 = CYLINDRICAL_SURFACE('',#2831,1.32);
#2831 = AXIS2_PLACEMENT_3D('',#2832,#2833,#2834);
#2832 = CARTESIAN_POINT('',(42.037531407233,-11.6,26.999999995911));
#2833 = DIRECTION('',(-2.1533702E-10,0.,1.));
#2834 = DIRECTION('',(1.,0.,2.1533702E-10));
#2835 = ADVANCED_FACE('',(#2836),#2848,.F.);
#2836 = FACE_BOUND('',#2837,.F.);
#2837 = EDGE_LOOP('',(#2838,#2845,#2846,#2847));
#2838 = ORIENTED_EDGE('',*,*,#2839,.F.);
#2839 = EDGE_CURVE('',#2154,#1881,#2840,.T.);
#2840 = CIRCLE('',#2841,1.);
#2841 = AXIS2_PLACEMENT_3D('',#2842,#2843,#2844);
#2842 = CARTESIAN_POINT('',(40.025,-22.6,11.));
#2843 = DIRECTION('',(1.,0.,0.));
#2844 = DIRECTION('',(0.,-1.,2.2E-16));
#2845 = ORIENTED_EDGE('',*,*,#2161,.T.);
#2846 = ORIENTED_EDGE('',*,*,#1838,.T.);
#2847 = ORIENTED_EDGE('',*,*,#1880,.F.);
#2848 = TOROIDAL_SURFACE('',#2849,2.,1.);
#2849 = AXIS2_PLACEMENT_3D('',#2850,#2851,#2852);
#2850 = CARTESIAN_POINT('',(40.025,-20.6,11.));
#2851 = DIRECTION('',(-0.,-2.2E-16,-1.));
#2852 = DIRECTION('',(0.,-1.,2.2E-16));
#2853 = ADVANCED_FACE('',(#2854),#2865,.T.);
#2854 = FACE_BOUND('',#2855,.F.);
#2855 = EDGE_LOOP('',(#2856,#2863,#2864));
#2856 = ORIENTED_EDGE('',*,*,#2857,.F.);
#2857 = EDGE_CURVE('',#1890,#1856,#2858,.T.);
#2858 = CIRCLE('',#2859,1.);
#2859 = AXIS2_PLACEMENT_3D('',#2860,#2861,#2862);
#2860 = CARTESIAN_POINT('',(40.025,-20.6,29.));
#2861 = DIRECTION('',(-1.,0.,-2.842E-14));
#2862 = DIRECTION('',(-2.842E-14,-4.7E-16,1.));
#2863 = ORIENTED_EDGE('',*,*,#1897,.T.);
#2864 = ORIENTED_EDGE('',*,*,#1863,.F.);
#2865 = SPHERICAL_SURFACE('',#2866,1.);
#2866 = AXIS2_PLACEMENT_3D('',#2867,#2868,#2869);
#2867 = CARTESIAN_POINT('',(40.025,-20.6,29.));
#2868 = DIRECTION('',(0.,1.,4.7E-16));
#2869 = DIRECTION('',(-2.842E-14,-4.7E-16,1.));
#2870 = ADVANCED_FACE('',(#2871),#2877,.T.);
#2871 = FACE_BOUND('',#2872,.F.);
#2872 = EDGE_LOOP('',(#2873,#2874,#2875,#2876));
#2873 = ORIENTED_EDGE('',*,*,#2857,.T.);
#2874 = ORIENTED_EDGE('',*,*,#1981,.T.);
#2875 = ORIENTED_EDGE('',*,*,#1954,.F.);
#2876 = ORIENTED_EDGE('',*,*,#1997,.F.);
#2877 = CYLINDRICAL_SURFACE('',#2878,1.);
#2878 = AXIS2_PLACEMENT_3D('',#2879,#2880,#2881);
#2879 = CARTESIAN_POINT('',(39.024999999999,-20.6,29.));
#2880 = DIRECTION('',(1.,0.,3.E-14));
#2881 = DIRECTION('',(1.41E-29,-1.,-4.7E-16));
#2882 = ADVANCED_FACE('',(#2883),#2889,.F.);
#2883 = FACE_BOUND('',#2884,.F.);
#2884 = EDGE_LOOP('',(#2885,#2886,#2887,#2888));
#2885 = ORIENTED_EDGE('',*,*,#2779,.F.);
#2886 = ORIENTED_EDGE('',*,*,#2153,.T.);
#2887 = ORIENTED_EDGE('',*,*,#2839,.T.);
#2888 = ORIENTED_EDGE('',*,*,#2004,.F.);
#2889 = CYLINDRICAL_SURFACE('',#2890,1.);
#2890 = AXIS2_PLACEMENT_3D('',#2891,#2892,#2893);
#2891 = CARTESIAN_POINT('',(61.025,-22.6,11.));
#2892 = DIRECTION('',(-1.,0.,0.));
#2893 = DIRECTION('',(0.,1.,4.7E-16));
#2894 = ADVANCED_FACE('',(#2895),#2901,.T.);
#2895 = FACE_BOUND('',#2896,.T.);
#2896 = EDGE_LOOP('',(#2897,#2898,#2899,#2900));
#2897 = ORIENTED_EDGE('',*,*,#2067,.T.);
#2898 = ORIENTED_EDGE('',*,*,#2011,.T.);
#2899 = ORIENTED_EDGE('',*,*,#2797,.T.);
#2900 = ORIENTED_EDGE('',*,*,#2093,.F.);
#2901 = CYLINDRICAL_SURFACE('',#2902,1.);
#2902 = AXIS2_PLACEMENT_3D('',#2903,#2904,#2905);
#2903 = CARTESIAN_POINT('',(53.489101614952,-20.6,29.));
#2904 = DIRECTION('',(1.,0.,3.E-14));
#2905 = DIRECTION('',(-3.E-14,-8.47E-15,1.));
#2906 = ADVANCED_FACE('',(#2907,#2940,#2943),#2946,.F.);
#2907 = FACE_BOUND('',#2908,.F.);
#2908 = EDGE_LOOP('',(#2909,#2918,#2919,#2920,#2921,#2922,#2923,#2924,
    #2925,#2934));
#2909 = ORIENTED_EDGE('',*,*,#2910,.F.);
#2910 = EDGE_CURVE('',#2689,#2911,#2913,.T.);
#2911 = VERTEX_POINT('',#2912);
#2912 = CARTESIAN_POINT('',(5.,-108.4,1.5));
#2913 = CIRCLE('',#2914,3.5);
#2914 = AXIS2_PLACEMENT_3D('',#2915,#2916,#2917);
#2915 = CARTESIAN_POINT('',(5.,-108.4,5.));
#2916 = DIRECTION('',(0.,-1.,0.));
#2917 = DIRECTION('',(1.,0.,0.));
#2918 = ORIENTED_EDGE('',*,*,#2696,.F.);
#2919 = ORIENTED_EDGE('',*,*,#2662,.T.);
#2920 = ORIENTED_EDGE('',*,*,#2605,.T.);
#2921 = ORIENTED_EDGE('',*,*,#2128,.F.);
#2922 = ORIENTED_EDGE('',*,*,#2436,.F.);
#2923 = ORIENTED_EDGE('',*,*,#2480,.F.);
#2924 = ORIENTED_EDGE('',*,*,#2505,.T.);
#2925 = ORIENTED_EDGE('',*,*,#2926,.F.);
#2926 = EDGE_CURVE('',#2927,#2496,#2929,.T.);
#2927 = VERTEX_POINT('',#2928);
#2928 = CARTESIAN_POINT('',(95.,-108.4,1.5));
#2929 = CIRCLE('',#2930,3.5);
#2930 = AXIS2_PLACEMENT_3D('',#2931,#2932,#2933);
#2931 = CARTESIAN_POINT('',(95.,-108.4,5.));
#2932 = DIRECTION('',(0.,-1.,0.));
#2933 = DIRECTION('',(1.,0.,0.));
#2934 = ORIENTED_EDGE('',*,*,#2935,.F.);
#2935 = EDGE_CURVE('',#2911,#2927,#2936,.T.);
#2936 = LINE('',#2937,#2938);
#2937 = CARTESIAN_POINT('',(5.,-108.4,1.5));
#2938 = VECTOR('',#2939,1.);
#2939 = DIRECTION('',(1.,0.,0.));
#2940 = FACE_BOUND('',#2941,.F.);
#2941 = EDGE_LOOP('',(#2942));
#2942 = ORIENTED_EDGE('',*,*,#2739,.F.);
#2943 = FACE_BOUND('',#2944,.F.);
#2944 = EDGE_LOOP('',(#2945));
#2945 = ORIENTED_EDGE('',*,*,#2764,.F.);
#2946 = PLANE('',#2947);
#2947 = AXIS2_PLACEMENT_3D('',#2948,#2949,#2950);
#2948 = CARTESIAN_POINT('',(50.,-108.4,28.538205943739));
#2949 = DIRECTION('',(0.,1.,-2.7E-16));
#2950 = DIRECTION('',(0.,2.7E-16,1.));
#2951 = ADVANCED_FACE('',(#2952),#2972,.F.);
#2952 = FACE_BOUND('',#2953,.T.);
#2953 = EDGE_LOOP('',(#2954,#2963,#2964,#2965));
#2954 = ORIENTED_EDGE('',*,*,#2955,.F.);
#2955 = EDGE_CURVE('',#2172,#2956,#2958,.T.);
#2956 = VERTEX_POINT('',#2957);
#2957 = CARTESIAN_POINT('',(91.,-100.5,11.));
#2958 = CIRCLE('',#2959,1.);
#2959 = AXIS2_PLACEMENT_3D('',#2960,#2961,#2962);
#2960 = CARTESIAN_POINT('',(92.,-100.5,11.));
#2961 = DIRECTION('',(-7.E-17,1.,-2.2E-16));
#2962 = DIRECTION('',(1.,7.E-17,0.));
#2963 = ORIENTED_EDGE('',*,*,#2171,.F.);
#2964 = ORIENTED_EDGE('',*,*,#2955,.T.);
#2965 = ORIENTED_EDGE('',*,*,#2966,.T.);
#2966 = EDGE_CURVE('',#2956,#2956,#2967,.T.);
#2967 = CIRCLE('',#2968,3.);
#2968 = AXIS2_PLACEMENT_3D('',#2969,#2970,#2971);
#2969 = CARTESIAN_POINT('',(88.,-100.5,11.));
#2970 = DIRECTION('',(0.,2.2E-16,1.));
#2971 = DIRECTION('',(1.,7.E-17,-1.54E-32));
#2972 = TOROIDAL_SURFACE('',#2973,4.,1.);
#2973 = AXIS2_PLACEMENT_3D('',#2974,#2975,#2976);
#2974 = CARTESIAN_POINT('',(88.,-100.5,11.));
#2975 = DIRECTION('',(-0.,-2.2E-16,-1.));
#2976 = DIRECTION('',(1.,7.E-17,-1.54E-32));
#2977 = ADVANCED_FACE('',(#2978),#3036,.F.);
#2978 = FACE_BOUND('',#2979,.T.);
#2979 = EDGE_LOOP('',(#2980,#2990,#3019,#3020));
#2980 = ORIENTED_EDGE('',*,*,#2981,.T.);
#2981 = EDGE_CURVE('',#2982,#2984,#2986,.T.);
#2982 = VERTEX_POINT('',#2983);
#2983 = CARTESIAN_POINT('',(59.52,-60.,11.));
#2984 = VERTEX_POINT('',#2985);
#2985 = CARTESIAN_POINT('',(92.,-60.,11.));
#2986 = LINE('',#2987,#2988);
#2987 = CARTESIAN_POINT('',(59.02,-60.,11.));
#2988 = VECTOR('',#2989,1.);
#2989 = DIRECTION('',(1.,0.,0.));
#2990 = ORIENTED_EDGE('',*,*,#2991,.T.);
#2991 = EDGE_CURVE('',#2984,#2185,#2992,.T.);
#2992 = ( BOUNDED_CURVE() B_SPLINE_CURVE(13,(#2993,#2994,#2995,#2996,
    #2997,#2998,#2999,#3000,#3001,#3002,#3003,#3004,#3005,#3006,#3007,
    #3008,#3009,#3010,#3011,#3012,#3013,#3014,#3015,#3016,#3017,#3018),
.UNSPECIFIED.,.F.,.F.) B_SPLINE_CURVE_WITH_KNOTS((14,12,14),(14.,
14.955048914139,15.910097828278),.UNSPECIFIED.) CURVE() 
GEOMETRIC_REPRESENTATION_ITEM() RATIONAL_B_SPLINE_CURVE((1.,1.,
    0.999999999999,1.000000000001,0.999999999997,1.000000000003,
    0.999999999997,1.000000000002,0.999999999998,1.000000000001,1.,1.,1.
    ,1.,0.999999999999,1.000000000002,0.999999999995,1.000000000008,
    0.999999999991,1.000000000009,0.999999999993,1.000000000005,
0.999999999998,1.000000000001,1.,1.)) REPRESENTATION_ITEM('') );
#2993 = CARTESIAN_POINT('',(92.,-60.,11.));
#2994 = CARTESIAN_POINT('',(92.,-60.,10.818755186695));
#2995 = CARTESIAN_POINT('',(92.074940812621,-59.96440186901,
    10.637397887419));
#2996 = CARTESIAN_POINT('',(92.226909810332,-59.89318470065,
    10.47827665904));
#2997 = CARTESIAN_POINT('',(92.425941806944,-59.80204177888,
    10.356601294148));
#2998 = CARTESIAN_POINT('',(92.675256595979,-59.71140470127,
    10.298858781143));
#2999 = CARTESIAN_POINT('',(92.833156957587,-59.68488594696,
    10.248033066697));
#3000 = CARTESIAN_POINT('',(93.019461440025,-59.60543246272,
    10.202705115571));
#3001 = CARTESIAN_POINT('',(93.165832120445,-59.58091690187,
    10.179635022338));
#3002 = CARTESIAN_POINT('',(93.305325635425,-59.53157214323,
    10.14986398621));
#3003 = CARTESIAN_POINT('',(93.433008910542,-59.49796919584,
    10.130580569299));
#3004 = CARTESIAN_POINT('',(93.551888423806,-59.46234784871,
    10.111862679312));
#3005 = CARTESIAN_POINT('',(93.664289384087,-59.42902071738,
    10.096016349965));
#3006 = CARTESIAN_POINT('',(93.878790584099,-59.36423409776,
    10.068024282774));
#3007 = CARTESIAN_POINT('',(93.98092165814,-59.33285171599,
    10.055923937533));
#3008 = CARTESIAN_POINT('',(94.079414754795,-59.30207927656,
    10.045345647342));
#3009 = CARTESIAN_POINT('',(94.175356865652,-59.27165097767,
    10.036056103594));
#3010 = CARTESIAN_POINT('',(94.269527226361,-59.24140032208,
    10.027920425511));
#3011 = CARTESIAN_POINT('',(94.362472577157,-59.21122996946,
    10.020867555031));
#3012 = CARTESIAN_POINT('',(94.454570882964,-59.18108732076,
    10.014862943464));
#3013 = CARTESIAN_POINT('',(94.546083512942,-59.15094583411,
    10.009888529921));
#3014 = CARTESIAN_POINT('',(94.637195879599,-59.12079207281,
    10.005930011501));
#3015 = CARTESIAN_POINT('',(94.728046537411,-59.09061848488,
    10.002971405257));
#3016 = CARTESIAN_POINT('',(94.818744740926,-59.06042191463,
    10.000996901919));
#3017 = CARTESIAN_POINT('',(94.909376462429,-59.03020784585,
    10.000000011387));
#3018 = CARTESIAN_POINT('',(95.,-59.,10.));
#3019 = ORIENTED_EDGE('',*,*,#2182,.F.);
#3020 = ORIENTED_EDGE('',*,*,#3021,.F.);
#3021 = EDGE_CURVE('',#2982,#2183,#3022,.T.);
#3022 = ( BOUNDED_CURVE() B_SPLINE_CURVE(12,(#3023,#3024,#3025,#3026,
    #3027,#3028,#3029,#3030,#3031,#3032,#3033,#3034,#3035),
.UNSPECIFIED.,.F.,.F.) B_SPLINE_CURVE_WITH_KNOTS((13,13),(14.,
15.9100988945),.PIECEWISE_BEZIER_KNOTS.) CURVE() 
GEOMETRIC_REPRESENTATION_ITEM() RATIONAL_B_SPLINE_CURVE((1.,1.,1.,
    0.999999999999,1.000000000001,0.999999999998,1.000000000002,
    0.999999999998,1.000000000001,0.999999999999,1.,1.,1.)) 
REPRESENTATION_ITEM('') );
#3023 = CARTESIAN_POINT('',(59.52,-60.,11.));
#3024 = CARTESIAN_POINT('',(59.52,-60.,10.934550452672));
#3025 = CARTESIAN_POINT('',(59.524718813962,-59.99525589768,
    10.868993528713));
#3026 = CARTESIAN_POINT('',(59.533782348839,-59.98641107505,
    10.797180880077));
#3027 = CARTESIAN_POINT('',(59.54762497513,-59.96815551268,
    10.705158458941));
#3028 = CARTESIAN_POINT('',(59.563540318728,-59.94108053585,
    10.609965103232));
#3029 = CARTESIAN_POINT('',(59.576336367847,-59.89124829768,
    10.445129929029));
#3030 = CARTESIAN_POINT('',(59.632708323275,-59.78622558626,
    10.323169880222));
#3031 = CARTESIAN_POINT('',(59.686618781727,-59.66711681443,
    10.194798985131));
#3032 = CARTESIAN_POINT('',(59.763271714321,-59.51473367044,
    10.100095508892));
#3033 = CARTESIAN_POINT('',(59.845378786121,-59.34915429212,
    10.033182902923));
#3034 = CARTESIAN_POINT('',(59.932733936885,-59.17453212623,
    10.000000000004));
#3035 = CARTESIAN_POINT('',(60.019999999969,-59.00000000003,10.));
#3036 = CYLINDRICAL_SURFACE('',#3037,1.);
#3037 = AXIS2_PLACEMENT_3D('',#3038,#3039,#3040);
#3038 = CARTESIAN_POINT('',(59.02,-59.,11.));
#3039 = DIRECTION('',(1.,0.,0.));
#3040 = DIRECTION('',(0.,-2.2E-16,-1.));
#3041 = ADVANCED_FACE('',(#3042),#3087,.F.);
#3042 = FACE_BOUND('',#3043,.T.);
#3043 = EDGE_LOOP('',(#3044,#3054,#3070,#3071));
#3044 = ORIENTED_EDGE('',*,*,#3045,.T.);
#3045 = EDGE_CURVE('',#3046,#3048,#3050,.T.);
#3046 = VERTEX_POINT('',#3047);
#3047 = CARTESIAN_POINT('',(59.02,-50.5,11.));
#3048 = VERTEX_POINT('',#3049);
#3049 = CARTESIAN_POINT('',(59.02,-59.5,11.));
#3050 = LINE('',#3051,#3052);
#3051 = CARTESIAN_POINT('',(59.02,-50.,11.));
#3052 = VECTOR('',#3053,1.);
#3053 = DIRECTION('',(0.,-1.,0.));
#3054 = ORIENTED_EDGE('',*,*,#3055,.T.);
#3055 = EDGE_CURVE('',#3048,#2183,#3056,.T.);
#3056 = ( BOUNDED_CURVE() B_SPLINE_CURVE(12,(#3057,#3058,#3059,#3060,
    #3061,#3062,#3063,#3064,#3065,#3066,#3067,#3068,#3069),
.UNSPECIFIED.,.F.,.F.) B_SPLINE_CURVE_WITH_KNOTS((13,13),(14.,
15.9100988945),.PIECEWISE_BEZIER_KNOTS.) CURVE() 
GEOMETRIC_REPRESENTATION_ITEM() RATIONAL_B_SPLINE_CURVE((1.,1.,1.,
    0.999999999999,1.000000000001,0.999999999998,1.000000000002,
    0.999999999998,1.000000000001,0.999999999999,1.,1.,1.)) 
REPRESENTATION_ITEM('') );
#3057 = CARTESIAN_POINT('',(59.02,-59.5,11.));
#3058 = CARTESIAN_POINT('',(59.02,-59.5,10.934550452672));
#3059 = CARTESIAN_POINT('',(59.024744102316,-59.49528118603,
    10.868993528713));
#3060 = CARTESIAN_POINT('',(59.033588924952,-59.48621765116,
    10.797180880077));
#3061 = CARTESIAN_POINT('',(59.051844487307,-59.47237502486,
    10.705158458941));
#3062 = CARTESIAN_POINT('',(59.078919464151,-59.45645968128,
    10.609965103231));
#3063 = CARTESIAN_POINT('',(59.128751702305,-59.44366363213,
    10.44512992903));
#3064 = CARTESIAN_POINT('',(59.233774413745,-59.38729167673,
    10.323169880221));
#3065 = CARTESIAN_POINT('',(59.35288318556,-59.33338121826,
    10.194798985132));
#3066 = CARTESIAN_POINT('',(59.505266329557,-59.25672828568,
    10.100095508892));
#3067 = CARTESIAN_POINT('',(59.670845707878,-59.17462121387,
    10.033182902923));
#3068 = CARTESIAN_POINT('',(59.84546787377,-59.08726606311,
    10.000000000004));
#3069 = CARTESIAN_POINT('',(60.02,-59.,10.));
#3070 = ORIENTED_EDGE('',*,*,#2224,.F.);
#3071 = ORIENTED_EDGE('',*,*,#3072,.F.);
#3072 = EDGE_CURVE('',#3046,#2217,#3073,.T.);
#3073 = ( BOUNDED_CURVE() B_SPLINE_CURVE(12,(#3074,#3075,#3076,#3077,
    #3078,#3079,#3080,#3081,#3082,#3083,#3084,#3085,#3086),
.UNSPECIFIED.,.F.,.F.) B_SPLINE_CURVE_WITH_KNOTS((13,13),(14.,
15.910098894519),.PIECEWISE_BEZIER_KNOTS.) CURVE() 
GEOMETRIC_REPRESENTATION_ITEM() RATIONAL_B_SPLINE_CURVE((1.,1.,1.,1.,1.,
    1.,0.999999999999,1.000000000001,0.999999999999,1.,1.,1.,1.)) 
REPRESENTATION_ITEM('') );
#3074 = CARTESIAN_POINT('',(59.02,-50.5,11.));
#3075 = CARTESIAN_POINT('',(59.02,-50.5,10.803651358013));
#3076 = CARTESIAN_POINT('',(59.061942886474,-50.43930248202,
    10.607634378085));
#3077 = CARTESIAN_POINT('',(59.146700333436,-50.31773153313,
    10.43914803519));
#3078 = CARTESIAN_POINT('',(59.248030091974,-50.1647057354,
    10.348618660245));
#3079 = CARTESIAN_POINT('',(59.306958623104,-50.0671159044,
    10.252147820473));
#3080 = CARTESIAN_POINT('',(59.426013644122,-49.8977051827,
    10.17742906652));
#3081 = CARTESIAN_POINT('',(59.499219199169,-49.77827398908,
    10.122378835617));
#3082 = CARTESIAN_POINT('',(59.609102816005,-49.61831662995,
    10.070242035044));
#3083 = CARTESIAN_POINT('',(59.705940112464,-49.47065724628,
    10.03640653875));
#3084 = CARTESIAN_POINT('',(59.810706929728,-49.31401506168,
    10.011879535992));
#3085 = CARTESIAN_POINT('',(59.915280724273,-49.15707891359,10.));
#3086 = CARTESIAN_POINT('',(60.02,-49.,10.));
#3087 = CYLINDRICAL_SURFACE('',#3088,1.);
#3088 = AXIS2_PLACEMENT_3D('',#3089,#3090,#3091);
#3089 = CARTESIAN_POINT('',(60.02,-50.,11.));
#3090 = DIRECTION('',(0.,-1.,0.));
#3091 = DIRECTION('',(-0.,-0.,-1.));
#3092 = ADVANCED_FACE('',(#3093),#3164,.F.);
#3093 = FACE_BOUND('',#3094,.T.);
#3094 = EDGE_LOOP('',(#3095,#3105,#3134,#3135));
#3095 = ORIENTED_EDGE('',*,*,#3096,.T.);
#3096 = EDGE_CURVE('',#3097,#3099,#3101,.T.);
#3097 = VERTEX_POINT('',#3098);
#3098 = CARTESIAN_POINT('',(94.,-62.,11.));
#3099 = VERTEX_POINT('',#3100);
#3100 = CARTESIAN_POINT('',(94.,-88.,11.));
#3101 = LINE('',#3102,#3103);
#3102 = CARTESIAN_POINT('',(94.,-60.,11.));
#3103 = VECTOR('',#3104,1.);
#3104 = DIRECTION('',(0.,-1.,2.2E-16));
#3105 = ORIENTED_EDGE('',*,*,#3106,.T.);
#3106 = EDGE_CURVE('',#3099,#2193,#3107,.T.);
#3107 = ( BOUNDED_CURVE() B_SPLINE_CURVE(13,(#3108,#3109,#3110,#3111,
    #3112,#3113,#3114,#3115,#3116,#3117,#3118,#3119,#3120,#3121,#3122,
    #3123,#3124,#3125,#3126,#3127,#3128,#3129,#3130,#3131,#3132,#3133),
.UNSPECIFIED.,.F.,.F.) B_SPLINE_CURVE_WITH_KNOTS((14,12,14),(14.,
14.955048970422,15.910097940844),.UNSPECIFIED.) CURVE() 
GEOMETRIC_REPRESENTATION_ITEM() RATIONAL_B_SPLINE_CURVE((1.,1.,
    1.000000000001,0.999999999998,1.000000000004,0.999999999993,
    1.000000000008,0.999999999992,1.000000000006,0.999999999996,
    1.000000000002,0.999999999999,1.,1.,1.,1.000000000001,0.999999999999
    ,1.000000000002,0.999999999999,1.000000000001,1.,1.,1.,1.,1.,1.)) 
REPRESENTATION_ITEM('') );
#3108 = CARTESIAN_POINT('',(94.,-88.,11.));
#3109 = CARTESIAN_POINT('',(94.,-88.,10.818755177511));
#3110 = CARTESIAN_POINT('',(94.035598134649,-88.07494082019,
    10.637397868998));
#3111 = CARTESIAN_POINT('',(94.106815309794,-88.22690983357,
    10.478276635137));
#3112 = CARTESIAN_POINT('',(94.197958240919,-88.42594184677,
    10.356601268478));
#3113 = CARTESIAN_POINT('',(94.288595318648,-88.67525666031,
    10.298858768808));
#3114 = CARTESIAN_POINT('',(94.315114065969,-88.83315700374,
    10.248033047575));
#3115 = CARTESIAN_POINT('',(94.394567559776,-89.01946150823,
    10.202705103755));
#3116 = CARTESIAN_POINT('',(94.419083112931,-89.165832178,
    10.179635009355));
#3117 = CARTESIAN_POINT('',(94.468427876239,-89.30532570011,
    10.149863974878));
#3118 = CARTESIAN_POINT('',(94.502030822509,-89.43300897479,
    10.130580558558));
#3119 = CARTESIAN_POINT('',(94.537652170765,-89.55188849018,
    10.111862669147));
#3120 = CARTESIAN_POINT('',(94.570979302932,-89.66428945242,
    10.096016340293));
#3121 = CARTESIAN_POINT('',(94.635765924591,-89.87879065706,
    10.068024274006));
#3122 = CARTESIAN_POINT('',(94.667148307105,-89.98092173415,
    10.055923929193));
#3123 = CARTESIAN_POINT('',(94.697920747806,-90.07941483377,
    10.045345639419));
#3124 = CARTESIAN_POINT('',(94.728349048468,-90.17535694748,
    10.036056096109));
#3125 = CARTESIAN_POINT('',(94.758599705949,-90.26952731127,
    10.027920418519));
#3126 = CARTESIAN_POINT('',(94.788770060203,-90.3624726657,
    10.020867548604));
#3127 = CARTESIAN_POINT('',(94.8189127101,-90.45457097578,
    10.014862937696));
#3128 = CARTESIAN_POINT('',(94.849054197669,-90.54608361051,
    10.009888524897));
#3129 = CARTESIAN_POINT('',(94.879207959979,-90.63719598195,
    10.005930007308));
#3130 = CARTESIAN_POINT('',(94.909381549495,-90.72804664407,
    10.002971401965));
#3131 = CARTESIAN_POINT('',(94.939578122151,-90.81874485116,
    10.000996899602));
#3132 = CARTESIAN_POINT('',(94.969792193728,-90.90937657591,
    10.000000010145));
#3133 = CARTESIAN_POINT('',(95.,-91.,10.));
#3134 = ORIENTED_EDGE('',*,*,#2192,.F.);
#3135 = ORIENTED_EDGE('',*,*,#3136,.F.);
#3136 = EDGE_CURVE('',#3097,#2185,#3137,.T.);
#3137 = ( BOUNDED_CURVE() B_SPLINE_CURVE(13,(#3138,#3139,#3140,#3141,
    #3142,#3143,#3144,#3145,#3146,#3147,#3148,#3149,#3150,#3151,#3152,
    #3153,#3154,#3155,#3156,#3157,#3158,#3159,#3160,#3161,#3162,#3163),
.UNSPECIFIED.,.F.,.F.) B_SPLINE_CURVE_WITH_KNOTS((14,12,14),(14.,
14.955048914139,15.910097828278),.UNSPECIFIED.) CURVE() 
GEOMETRIC_REPRESENTATION_ITEM() RATIONAL_B_SPLINE_CURVE((1.,1.,
    0.999999999999,1.000000000001,0.999999999997,1.000000000003,
    0.999999999997,1.000000000002,0.999999999998,1.000000000001,1.,1.,1.
    ,1.,0.999999999999,1.000000000002,0.999999999995,1.000000000008,
    0.999999999991,1.000000000009,0.999999999993,1.000000000005,
0.999999999998,1.000000000001,1.,1.)) REPRESENTATION_ITEM('') );
#3138 = CARTESIAN_POINT('',(94.,-62.,11.));
#3139 = CARTESIAN_POINT('',(94.,-62.,10.818755186695));
#3140 = CARTESIAN_POINT('',(94.035598130988,-61.92505918737,
    10.637397887418));
#3141 = CARTESIAN_POINT('',(94.106815299344,-61.77309018966,
    10.478276659041));
#3142 = CARTESIAN_POINT('',(94.197958221113,-61.57405819306,
    10.356601294146));
#3143 = CARTESIAN_POINT('',(94.288595298729,-61.324743404,
    10.298858781146));
#3144 = CARTESIAN_POINT('',(94.315114053026,-61.16684304243,
    10.248033066693));
#3145 = CARTESIAN_POINT('',(94.394567537284,-60.98053855995,
    10.202705115575));
#3146 = CARTESIAN_POINT('',(94.41908309812,-60.83416787956,
    10.179635022336));
#3147 = CARTESIAN_POINT('',(94.468427856769,-60.69467436457,
    10.149863986211));
#3148 = CARTESIAN_POINT('',(94.502030804156,-60.56699108945,
    10.130580569299));
#3149 = CARTESIAN_POINT('',(94.537652151282,-60.44811157619,
    10.111862679312));
#3150 = CARTESIAN_POINT('',(94.570979282613,-60.33571061591,
    10.096016349965));
#3151 = CARTESIAN_POINT('',(94.635765902232,-60.1212094159,
    10.068024282774));
#3152 = CARTESIAN_POINT('',(94.667148284003,-60.01907834185,
    10.055923937533));
#3153 = CARTESIAN_POINT('',(94.697920723435,-59.9205852452,
    10.045345647341));
#3154 = CARTESIAN_POINT('',(94.728349022321,-59.82464313434,
    10.036056103595));
#3155 = CARTESIAN_POINT('',(94.758599677921,-59.73047277364,
    10.02792042551));
#3156 = CARTESIAN_POINT('',(94.78877003053,-59.63752742283,
    10.020867555032));
#3157 = CARTESIAN_POINT('',(94.818912679239,-59.54542911704,
    10.014862943463));
#3158 = CARTESIAN_POINT('',(94.849054165881,-59.45391648705,
    10.009888529922));
#3159 = CARTESIAN_POINT('',(94.879207927188,-59.3628041204,
    10.005930011501));
#3160 = CARTESIAN_POINT('',(94.909381515111,-59.27195346258,
    10.002971405258));
#3161 = CARTESIAN_POINT('',(94.939578085366,-59.18125525907,
    10.000996901919));
#3162 = CARTESIAN_POINT('',(94.969792154143,-59.09062353757,
    10.000000011388));
#3163 = CARTESIAN_POINT('',(95.,-59.,10.));
#3164 = CYLINDRICAL_SURFACE('',#3165,1.);
#3165 = AXIS2_PLACEMENT_3D('',#3166,#3167,#3168);
#3166 = CARTESIAN_POINT('',(95.,-60.,11.));
#3167 = DIRECTION('',(0.,-1.,2.2E-16));
#3168 = DIRECTION('',(-0.,-2.2E-16,-1.));
#3169 = ADVANCED_FACE('',(#3170),#3215,.F.);
#3170 = FACE_BOUND('',#3171,.T.);
#3171 = EDGE_LOOP('',(#3172,#3182,#3198,#3199));
#3172 = ORIENTED_EDGE('',*,*,#3173,.T.);
#3173 = EDGE_CURVE('',#3174,#3176,#3178,.T.);
#3174 = VERTEX_POINT('',#3175);
#3175 = CARTESIAN_POINT('',(54.52,-50.,11.));
#3176 = VERTEX_POINT('',#3177);
#3177 = CARTESIAN_POINT('',(58.52,-50.,11.));
#3178 = LINE('',#3179,#3180);
#3179 = CARTESIAN_POINT('',(54.02,-50.,11.));
#3180 = VECTOR('',#3181,1.);
#3181 = DIRECTION('',(1.,0.,0.));
#3182 = ORIENTED_EDGE('',*,*,#3183,.T.);
#3183 = EDGE_CURVE('',#3176,#2217,#3184,.T.);
#3184 = ( BOUNDED_CURVE() B_SPLINE_CURVE(12,(#3185,#3186,#3187,#3188,
    #3189,#3190,#3191,#3192,#3193,#3194,#3195,#3196,#3197),
.UNSPECIFIED.,.F.,.F.) B_SPLINE_CURVE_WITH_KNOTS((13,13),(14.,
15.910098894519),.PIECEWISE_BEZIER_KNOTS.) CURVE() 
GEOMETRIC_REPRESENTATION_ITEM() RATIONAL_B_SPLINE_CURVE((1.,1.,1.,1.,1.,
    1.,0.999999999999,1.000000000001,0.999999999999,1.,1.,1.,1.)) 
REPRESENTATION_ITEM('') );
#3185 = CARTESIAN_POINT('',(58.52,-50.,11.));
#3186 = CARTESIAN_POINT('',(58.52,-50.,10.803651358013));
#3187 = CARTESIAN_POINT('',(58.580697517972,-49.95805711352,
    10.607634378086));
#3188 = CARTESIAN_POINT('',(58.702268466869,-49.87329966656,
    10.439148035189));
#3189 = CARTESIAN_POINT('',(58.855294264599,-49.77196990802,
    10.348618660246));
#3190 = CARTESIAN_POINT('',(58.952884095597,-49.71304137689,
    10.252147820472));
#3191 = CARTESIAN_POINT('',(59.122294817299,-49.59398635587,
    10.177429066521));
#3192 = CARTESIAN_POINT('',(59.241726010921,-49.52078080083,
    10.122378835616));
#3193 = CARTESIAN_POINT('',(59.401683370047,-49.41089718399,
    10.070242035045));
#3194 = CARTESIAN_POINT('',(59.549342753716,-49.31405988753,
    10.03640653875));
#3195 = CARTESIAN_POINT('',(59.70598493832,-49.20929307027,
    10.011879535992));
#3196 = CARTESIAN_POINT('',(59.86292108641,-49.10471927572,10.));
#3197 = CARTESIAN_POINT('',(60.02,-49.,10.));
#3198 = ORIENTED_EDGE('',*,*,#2216,.F.);
#3199 = ORIENTED_EDGE('',*,*,#3200,.F.);
#3200 = EDGE_CURVE('',#3174,#2209,#3201,.T.);
#3201 = ( BOUNDED_CURVE() B_SPLINE_CURVE(12,(#3202,#3203,#3204,#3205,
    #3206,#3207,#3208,#3209,#3210,#3211,#3212,#3213,#3214),
.UNSPECIFIED.,.F.,.F.) B_SPLINE_CURVE_WITH_KNOTS((13,13),(14.,
15.91009889446),.PIECEWISE_BEZIER_KNOTS.) CURVE() 
GEOMETRIC_REPRESENTATION_ITEM() RATIONAL_B_SPLINE_CURVE((1.,1.,1.,
    0.999999999999,1.000000000001,0.999999999999,1.,1.,1.,1.,1.,1.,1.)) 
REPRESENTATION_ITEM('') );
#3202 = CARTESIAN_POINT('',(54.52,-50.,11.));
#3203 = CARTESIAN_POINT('',(54.52,-50.,10.803651358019));
#3204 = CARTESIAN_POINT('',(54.459302482031,-49.95805711352,
    10.607634378097));
#3205 = CARTESIAN_POINT('',(54.337731533143,-49.87329966657,
    10.439148035205));
#3206 = CARTESIAN_POINT('',(54.184705735417,-49.77196990803,
    10.348618660256));
#3207 = CARTESIAN_POINT('',(54.087115904423,-49.71304137691,
    10.252147820489));
#3208 = CARTESIAN_POINT('',(53.917705182724,-49.59398635588,
    10.177429066531));
#3209 = CARTESIAN_POINT('',(53.798273989112,-49.52078080086,
    10.122378835631));
#3210 = CARTESIAN_POINT('',(53.638316629987,-49.41089718401,
    10.070242035056));
#3211 = CARTESIAN_POINT('',(53.490657246326,-49.31405988756,
    10.03640653876));
#3212 = CARTESIAN_POINT('',(53.334015061728,-49.2092930703,
    10.011879535999));
#3213 = CARTESIAN_POINT('',(53.177078913643,-49.10471927576,
    10.000000000004));
#3214 = CARTESIAN_POINT('',(53.020000000059,-49.00000000005,10.));
#3215 = CYLINDRICAL_SURFACE('',#3216,1.);
#3216 = AXIS2_PLACEMENT_3D('',#3217,#3218,#3219);
#3217 = CARTESIAN_POINT('',(54.02,-49.,11.));
#3218 = DIRECTION('',(1.,0.,0.));
#3219 = DIRECTION('',(0.,-2.2E-16,-1.));
#3220 = ADVANCED_FACE('',(#3221),#3292,.F.);
#3221 = FACE_BOUND('',#3222,.F.);
#3222 = EDGE_LOOP('',(#3223,#3233,#3262,#3263));
#3223 = ORIENTED_EDGE('',*,*,#3224,.T.);
#3224 = EDGE_CURVE('',#3225,#3227,#3229,.T.);
#3225 = VERTEX_POINT('',#3226);
#3226 = CARTESIAN_POINT('',(56.02,-90.,11.));
#3227 = VERTEX_POINT('',#3228);
#3228 = CARTESIAN_POINT('',(92.,-90.,11.));
#3229 = LINE('',#3230,#3231);
#3230 = CARTESIAN_POINT('',(54.02,-90.,11.));
#3231 = VECTOR('',#3232,1.);
#3232 = DIRECTION('',(1.,0.,0.));
#3233 = ORIENTED_EDGE('',*,*,#3234,.T.);
#3234 = EDGE_CURVE('',#3227,#2193,#3235,.T.);
#3235 = ( BOUNDED_CURVE() B_SPLINE_CURVE(13,(#3236,#3237,#3238,#3239,
    #3240,#3241,#3242,#3243,#3244,#3245,#3246,#3247,#3248,#3249,#3250,
    #3251,#3252,#3253,#3254,#3255,#3256,#3257,#3258,#3259,#3260,#3261),
.UNSPECIFIED.,.F.,.F.) B_SPLINE_CURVE_WITH_KNOTS((14,12,14),(14.,
14.955048970422,15.910097940844),.UNSPECIFIED.) CURVE() 
GEOMETRIC_REPRESENTATION_ITEM() RATIONAL_B_SPLINE_CURVE((1.,1.,
    1.000000000001,0.999999999998,1.000000000004,0.999999999993,
    1.000000000008,0.999999999992,1.000000000006,0.999999999996,
    1.000000000002,0.999999999999,1.,1.,1.,1.000000000001,0.999999999999
    ,1.000000000002,0.999999999999,1.000000000001,1.,1.,1.,1.,1.,1.)) 
REPRESENTATION_ITEM('') );
#3236 = CARTESIAN_POINT('',(92.,-90.,11.));
#3237 = CARTESIAN_POINT('',(92.,-90.,10.818755177511));
#3238 = CARTESIAN_POINT('',(92.074940820195,-90.03559813464,
    10.637397868998));
#3239 = CARTESIAN_POINT('',(92.22690983358,-90.10681530979,
    10.478276635137));
#3240 = CARTESIAN_POINT('',(92.425941846769,-90.19795824092,
    10.356601268477));
#3241 = CARTESIAN_POINT('',(92.675256660316,-90.28859531864,
    10.29885876881));
#3242 = CARTESIAN_POINT('',(92.833157003743,-90.31511406597,
    10.248033047573));
#3243 = CARTESIAN_POINT('',(93.01946150823,-90.39456755976,
    10.202705103756));
#3244 = CARTESIAN_POINT('',(93.165832178003,-90.41908311293,
    10.179635009354));
#3245 = CARTESIAN_POINT('',(93.305325700116,-90.46842787623,
    10.149863974878));
#3246 = CARTESIAN_POINT('',(93.433008974792,-90.50203082251,
    10.130580558558));
#3247 = CARTESIAN_POINT('',(93.551888490186,-90.53765217076,
    10.111862669147));
#3248 = CARTESIAN_POINT('',(93.664289452421,-90.57097930293,
    10.096016340293));
#3249 = CARTESIAN_POINT('',(93.878790657067,-90.63576592459,
    10.068024274006));
#3250 = CARTESIAN_POINT('',(93.980921733332,-90.66714830793,
    10.05592392917));
#3251 = CARTESIAN_POINT('',(94.079414832954,-90.69792074862,
    10.045345639398));
#3252 = CARTESIAN_POINT('',(94.175356947506,-90.72834904845,
    10.036056096112));
#3253 = CARTESIAN_POINT('',(94.269527312226,-90.75859970499,
    10.027920418548));
#3254 = CARTESIAN_POINT('',(94.362472666974,-90.78877005893,
    10.020867548637));
#3255 = CARTESIAN_POINT('',(94.45457097644,-90.81891270944,
    10.01486293771));
#3256 = CARTESIAN_POINT('',(94.546083609929,-90.84905419826,
    10.009888524873));
#3257 = CARTESIAN_POINT('',(94.637195980294,-90.87920796163,
    10.005930007261));
#3258 = CARTESIAN_POINT('',(94.728046642485,-90.90938155108,
    10.00297140193));
#3259 = CARTESIAN_POINT('',(94.818744851281,-90.93957812203,
    10.000996899626));
#3260 = CARTESIAN_POINT('',(94.909376578548,-90.96979219109,
    10.000000010225));
#3261 = CARTESIAN_POINT('',(94.999998651301,-91.,10.));
#3262 = ORIENTED_EDGE('',*,*,#2200,.F.);
#3263 = ORIENTED_EDGE('',*,*,#3264,.T.);
#3264 = EDGE_CURVE('',#2201,#3225,#3265,.T.);
#3265 = ( BOUNDED_CURVE() B_SPLINE_CURVE(13,(#3266,#3267,#3268,#3269,
    #3270,#3271,#3272,#3273,#3274,#3275,#3276,#3277,#3278,#3279,#3280,
    #3281,#3282,#3283,#3284,#3285,#3286,#3287,#3288,#3289,#3290,#3291),
.UNSPECIFIED.,.F.,.F.) B_SPLINE_CURVE_WITH_KNOTS((14,12,14),(0.,
0.955049447259,1.910098894519),.UNSPECIFIED.) CURVE() 
GEOMETRIC_REPRESENTATION_ITEM() RATIONAL_B_SPLINE_CURVE((1.,1.,1.,1.,
    0.999999999999,1.000000000001,0.999999999999,1.000000000001,
    0.999999999999,1.000000000001,0.999999999999,1.,1.,1.,0.999999999999
    ,1.000000000002,0.999999999996,1.000000000006,0.999999999993,
    1.000000000007,0.999999999994,1.000000000004,0.999999999998,
1.000000000001,1.,1.)) REPRESENTATION_ITEM('') );
#3266 = CARTESIAN_POINT('',(53.02,-91.,10.));
#3267 = CARTESIAN_POINT('',(53.110622450148,-90.96979251661,10.));
#3268 = CARTESIAN_POINT('',(53.201254214336,-90.93957843324,
    10.000996880086));
#3269 = CARTESIAN_POINT('',(53.291952459777,-90.90938184832,
    10.002971373911));
#3270 = CARTESIAN_POINT('',(53.382803158725,-90.87920824568,
    10.005929971548));
#3271 = CARTESIAN_POINT('',(53.473915565611,-90.84905446972,
    10.009888482231));
#3272 = CARTESIAN_POINT('',(53.565428234684,-90.81891296852,
    10.014862888874));
#3273 = CARTESIAN_POINT('',(53.657526578147,-90.78877030551,
    10.020867494321));
#3274 = CARTESIAN_POINT('',(53.750471964787,-90.75859993894,
    10.027920359404));
#3275 = CARTESIAN_POINT('',(53.844642359116,-90.72834926988,
    10.036056032717));
#3276 = CARTESIAN_POINT('',(53.940584500984,-90.69792095817,
    10.045345572194));
#3277 = CARTESIAN_POINT('',(54.03907762572,-90.66714850674,
    10.055923858422));
#3278 = CARTESIAN_POINT('',(54.141208724744,-90.63576611402,
    10.06802419973));
#3279 = CARTESIAN_POINT('',(54.355709968646,-90.57097947507,
    10.096016258347));
#3280 = CARTESIAN_POINT('',(54.468110947439,-90.53765233581,
    10.111862583027));
#3281 = CARTESIAN_POINT('',(54.586990480832,-90.502030978,
    10.130580467548));
#3282 = CARTESIAN_POINT('',(54.714673751903,-90.46842804117,
    10.14986387888));
#3283 = CARTESIAN_POINT('',(54.854167334172,-90.41908323843,
    10.179634899347));
#3284 = CARTESIAN_POINT('',(55.000537914202,-90.39456775032,
    10.20270500365));
#3285 = CARTESIAN_POINT('',(55.186842604923,-90.31511417563,
    10.24803288557));
#3286 = CARTESIAN_POINT('',(55.344742794825,-90.28859548741,
    10.298858664308));
#3287 = CARTESIAN_POINT('',(55.594057815732,-90.19795840871,
    10.356601051004));
#3288 = CARTESIAN_POINT('',(55.793089969485,-90.10681539832,
    10.478276432616));
#3289 = CARTESIAN_POINT('',(55.945059115636,-90.03559816566,
    10.637397712941));
#3290 = CARTESIAN_POINT('',(56.02,-90.,10.818755099704));
#3291 = CARTESIAN_POINT('',(56.02,-90.,11.));
#3292 = CYLINDRICAL_SURFACE('',#3293,1.);
#3293 = AXIS2_PLACEMENT_3D('',#3294,#3295,#3296);
#3294 = CARTESIAN_POINT('',(54.02,-91.,11.));
#3295 = DIRECTION('',(1.,0.,0.));
#3296 = DIRECTION('',(0.,-2.2E-16,-1.));
#3297 = ADVANCED_FACE('',(#3298),#3356,.F.);
#3298 = FACE_BOUND('',#3299,.F.);
#3299 = EDGE_LOOP('',(#3300,#3310,#3339,#3340));
#3300 = ORIENTED_EDGE('',*,*,#3301,.T.);
#3301 = EDGE_CURVE('',#3302,#3304,#3306,.T.);
#3302 = VERTEX_POINT('',#3303);
#3303 = CARTESIAN_POINT('',(54.02,-50.5,11.));
#3304 = VERTEX_POINT('',#3305);
#3305 = CARTESIAN_POINT('',(54.02,-88.,11.));
#3306 = LINE('',#3307,#3308);
#3307 = CARTESIAN_POINT('',(54.02,-50.,11.));
#3308 = VECTOR('',#3309,1.);
#3309 = DIRECTION('',(0.,-1.,2.2E-16));
#3310 = ORIENTED_EDGE('',*,*,#3311,.F.);
#3311 = EDGE_CURVE('',#2201,#3304,#3312,.T.);
#3312 = ( BOUNDED_CURVE() B_SPLINE_CURVE(13,(#3313,#3314,#3315,#3316,
    #3317,#3318,#3319,#3320,#3321,#3322,#3323,#3324,#3325,#3326,#3327,
    #3328,#3329,#3330,#3331,#3332,#3333,#3334,#3335,#3336,#3337,#3338),
.UNSPECIFIED.,.F.,.F.) B_SPLINE_CURVE_WITH_KNOTS((14,12,14),(0.,
0.955049447259,1.910098894519),.UNSPECIFIED.) CURVE() 
GEOMETRIC_REPRESENTATION_ITEM() RATIONAL_B_SPLINE_CURVE((1.,1.,1.,1.,
    0.999999999999,1.000000000001,0.999999999999,1.000000000001,
    0.999999999999,1.000000000001,0.999999999999,1.,1.,1.,0.999999999999
    ,1.000000000002,0.999999999996,1.000000000006,0.999999999993,
    1.000000000007,0.999999999994,1.000000000004,0.999999999998,
1.000000000001,1.,1.)) REPRESENTATION_ITEM('') );
#3313 = CARTESIAN_POINT('',(53.02,-91.,10.));
#3314 = CARTESIAN_POINT('',(53.050207483383,-90.90937754985,10.));
#3315 = CARTESIAN_POINT('',(53.080421566753,-90.81874578566,
    10.000996880086));
#3316 = CARTESIAN_POINT('',(53.110618151678,-90.72804754022,
    10.002971373911));
#3317 = CARTESIAN_POINT('',(53.140791754312,-90.63719684127,
    10.005929971548));
#3318 = CARTESIAN_POINT('',(53.170945530279,-90.54608443439,
    10.009888482231));
#3319 = CARTESIAN_POINT('',(53.201087031475,-90.45457176531,
    10.014862888874));
#3320 = CARTESIAN_POINT('',(53.231229694482,-90.36247342185,
    10.020867494321));
#3321 = CARTESIAN_POINT('',(53.261400061058,-90.26952803521,
    10.027920359403));
#3322 = CARTESIAN_POINT('',(53.291650730119,-90.17535764088,
    10.036056032717));
#3323 = CARTESIAN_POINT('',(53.322079041828,-90.07941549901,
    10.045345572194));
#3324 = CARTESIAN_POINT('',(53.352851493251,-89.98092237428,
    10.055923858422));
#3325 = CARTESIAN_POINT('',(53.384233885977,-89.87879127525,
    10.06802419973));
#3326 = CARTESIAN_POINT('',(53.449020524929,-89.66429003135,
    10.096016258347));
#3327 = CARTESIAN_POINT('',(53.482347664181,-89.55188905256,
    10.111862583027));
#3328 = CARTESIAN_POINT('',(53.517969021993,-89.43300951916,
    10.130580467549));
#3329 = CARTESIAN_POINT('',(53.551571958832,-89.30532624809,
    10.149863878879));
#3330 = CARTESIAN_POINT('',(53.600916761562,-89.16583266583,
    10.17963489935));
#3331 = CARTESIAN_POINT('',(53.625432249685,-89.01946208578,
    10.202705003644));
#3332 = CARTESIAN_POINT('',(53.704885824361,-88.83315739508,
    10.248032885576));
#3333 = CARTESIAN_POINT('',(53.731404512594,-88.67525720517,
    10.298858664303));
#3334 = CARTESIAN_POINT('',(53.822041591279,-88.42594218426,
    10.356601051007));
#3335 = CARTESIAN_POINT('',(53.913184601672,-88.22691003051,
    10.478276432615));
#3336 = CARTESIAN_POINT('',(53.984401834331,-88.07494088436,
    10.637397712941));
#3337 = CARTESIAN_POINT('',(54.02,-88.,10.818755099704));
#3338 = CARTESIAN_POINT('',(54.02,-88.,11.));
#3339 = ORIENTED_EDGE('',*,*,#2208,.F.);
#3340 = ORIENTED_EDGE('',*,*,#3341,.F.);
#3341 = EDGE_CURVE('',#3302,#2209,#3342,.T.);
#3342 = ( BOUNDED_CURVE() B_SPLINE_CURVE(12,(#3343,#3344,#3345,#3346,
    #3347,#3348,#3349,#3350,#3351,#3352,#3353,#3354,#3355),
.UNSPECIFIED.,.F.,.F.) B_SPLINE_CURVE_WITH_KNOTS((13,13),(14.,
15.91009889446),.PIECEWISE_BEZIER_KNOTS.) CURVE() 
GEOMETRIC_REPRESENTATION_ITEM() RATIONAL_B_SPLINE_CURVE((1.,1.,1.,
    0.999999999999,1.000000000001,0.999999999999,1.,1.,1.,1.,1.,1.,1.)) 
REPRESENTATION_ITEM('') );
#3343 = CARTESIAN_POINT('',(54.02,-50.5,11.));
#3344 = CARTESIAN_POINT('',(54.02,-50.5,10.803651358019));
#3345 = CARTESIAN_POINT('',(53.978057113529,-50.43930248203,
    10.607634378097));
#3346 = CARTESIAN_POINT('',(53.893299666572,-50.31773153314,
    10.439148035206));
#3347 = CARTESIAN_POINT('',(53.791969908036,-50.16470573541,
    10.348618660255));
#3348 = CARTESIAN_POINT('',(53.733041376909,-50.06711590442,
    10.25214782049));
#3349 = CARTESIAN_POINT('',(53.613986355894,-49.89770518271,
    10.17742906653));
#3350 = CARTESIAN_POINT('',(53.540780800852,-49.77827398911,
    10.122378835632));
#3351 = CARTESIAN_POINT('',(53.430897184018,-49.61831662998,
    10.070242035055));
#3352 = CARTESIAN_POINT('',(53.334059887564,-49.47065724632,
    10.03640653876));
#3353 = CARTESIAN_POINT('',(53.229293070304,-49.31401506172,
    10.011879535999));
#3354 = CARTESIAN_POINT('',(53.124719275762,-49.15707891364,
    10.000000000004));
#3355 = CARTESIAN_POINT('',(53.020000000037,-49.00000000003,10.));
#3356 = CYLINDRICAL_SURFACE('',#3357,1.);
#3357 = AXIS2_PLACEMENT_3D('',#3358,#3359,#3360);
#3358 = CARTESIAN_POINT('',(53.02,-50.,11.));
#3359 = DIRECTION('',(0.,-1.,2.2E-16));
#3360 = DIRECTION('',(-0.,-2.2E-16,-1.));
#3361 = ADVANCED_FACE('',(#3362),#3382,.F.);
#3362 = FACE_BOUND('',#3363,.T.);
#3363 = EDGE_LOOP('',(#3364,#3373,#3374,#3375));
#3364 = ORIENTED_EDGE('',*,*,#3365,.F.);
#3365 = EDGE_CURVE('',#2233,#3366,#3368,.T.);
#3366 = VERTEX_POINT('',#3367);
#3367 = CARTESIAN_POINT('',(56.,-104.,11.));
#3368 = CIRCLE('',#3369,1.);
#3369 = AXIS2_PLACEMENT_3D('',#3370,#3371,#3372);
#3370 = CARTESIAN_POINT('',(57.,-104.,11.));
#3371 = DIRECTION('',(-7.E-17,1.,-2.2E-16));
#3372 = DIRECTION('',(1.,7.E-17,0.));
#3373 = ORIENTED_EDGE('',*,*,#2232,.F.);
#3374 = ORIENTED_EDGE('',*,*,#3365,.T.);
#3375 = ORIENTED_EDGE('',*,*,#3376,.T.);
#3376 = EDGE_CURVE('',#3366,#3366,#3377,.T.);
#3377 = CIRCLE('',#3378,3.);
#3378 = AXIS2_PLACEMENT_3D('',#3379,#3380,#3381);
#3379 = CARTESIAN_POINT('',(53.,-104.,11.));
#3380 = DIRECTION('',(0.,2.2E-16,1.));
#3381 = DIRECTION('',(1.,7.E-17,-1.54E-32));
#3382 = TOROIDAL_SURFACE('',#3383,4.,1.);
#3383 = AXIS2_PLACEMENT_3D('',#3384,#3385,#3386);
#3384 = CARTESIAN_POINT('',(53.,-104.,11.));
#3385 = DIRECTION('',(-0.,-2.2E-16,-1.));
#3386 = DIRECTION('',(1.,7.E-17,-1.54E-32));
#3387 = ADVANCED_FACE('',(#3388),#3424,.F.);
#3388 = FACE_BOUND('',#3389,.F.);
#3389 = EDGE_LOOP('',(#3390,#3400,#3416,#3417));
#3390 = ORIENTED_EDGE('',*,*,#3391,.T.);
#3391 = EDGE_CURVE('',#3392,#3394,#3396,.T.);
#3392 = VERTEX_POINT('',#3393);
#3393 = CARTESIAN_POINT('',(81.,-9.8,11.));
#3394 = VERTEX_POINT('',#3395);
#3395 = CARTESIAN_POINT('',(81.,-10.8,11.));
#3396 = LINE('',#3397,#3398);
#3397 = CARTESIAN_POINT('',(81.,-9.3,11.));
#3398 = VECTOR('',#3399,1.);
#3399 = DIRECTION('',(0.,-1.,0.));
#3400 = ORIENTED_EDGE('',*,*,#3401,.T.);
#3401 = EDGE_CURVE('',#3394,#2246,#3402,.T.);
#3402 = ( BOUNDED_CURVE() B_SPLINE_CURVE(12,(#3403,#3404,#3405,#3406,
    #3407,#3408,#3409,#3410,#3411,#3412,#3413,#3414,#3415),
.UNSPECIFIED.,.F.,.F.) B_SPLINE_CURVE_WITH_KNOTS((13,13),(9.910098894519
,11.820197789037),.PIECEWISE_BEZIER_KNOTS.) CURVE() 
GEOMETRIC_REPRESENTATION_ITEM() RATIONAL_B_SPLINE_CURVE((1.,1.,1.,
    1.000000000001,0.999999999999,1.000000000002,0.999999999998,
1.000000000001,0.999999999999,1.,1.,1.,1.)) REPRESENTATION_ITEM('') );
#3403 = CARTESIAN_POINT('',(81.,-10.8,11.));
#3404 = CARTESIAN_POINT('',(81.,-10.8,10.934550452671));
#3405 = CARTESIAN_POINT('',(80.995255897684,-10.79528118603,
    10.868993528712));
#3406 = CARTESIAN_POINT('',(80.986411075049,-10.78621765116,
    10.797180880075));
#3407 = CARTESIAN_POINT('',(80.968155512688,-10.77237502486,
    10.705158458936));
#3408 = CARTESIAN_POINT('',(80.941080535854,-10.75645968127,
    10.60996510323));
#3409 = CARTESIAN_POINT('',(80.891248297683,-10.74366363214,
    10.445129929015));
#3410 = CARTESIAN_POINT('',(80.786225586256,-10.68729167672,
    10.323169880217));
#3411 = CARTESIAN_POINT('',(80.667116814425,-10.63338121826,
    10.194798985119));
#3412 = CARTESIAN_POINT('',(80.514733670433,-10.55672828567,
    10.100095508885));
#3413 = CARTESIAN_POINT('',(80.349154292105,-10.47462121387,
    10.033182902916));
#3414 = CARTESIAN_POINT('',(80.174532126211,-10.3872660631,10.));
#3415 = CARTESIAN_POINT('',(80.,-10.3,10.));
#3416 = ORIENTED_EDGE('',*,*,#2243,.F.);
#3417 = ORIENTED_EDGE('',*,*,#3418,.T.);
#3418 = EDGE_CURVE('',#2244,#3392,#3419,.T.);
#3419 = CIRCLE('',#3420,1.);
#3420 = AXIS2_PLACEMENT_3D('',#3421,#3422,#3423);
#3421 = CARTESIAN_POINT('',(80.,-9.8,11.));
#3422 = DIRECTION('',(0.,-1.,2.5E-16));
#3423 = DIRECTION('',(-0.,-2.5E-16,-1.));
#3424 = CYLINDRICAL_SURFACE('',#3425,1.);
#3425 = AXIS2_PLACEMENT_3D('',#3426,#3427,#3428);
#3426 = CARTESIAN_POINT('',(80.,-9.3,11.));
#3427 = DIRECTION('',(0.,-1.,0.));
#3428 = DIRECTION('',(-0.,-0.,-1.));
#3429 = ADVANCED_FACE('',(#3430),#3457,.T.);
#3430 = FACE_BOUND('',#3431,.F.);
#3431 = EDGE_LOOP('',(#3432,#3441,#3449,#3456));
#3432 = ORIENTED_EDGE('',*,*,#3433,.T.);
#3433 = EDGE_CURVE('',#2254,#3434,#3436,.T.);
#3434 = VERTEX_POINT('',#3435);
#3435 = CARTESIAN_POINT('',(74.,-9.3,9.5));
#3436 = ELLIPSE('',#3437,0.707106781187,0.5);
#3437 = AXIS2_PLACEMENT_3D('',#3438,#3439,#3440);
#3438 = CARTESIAN_POINT('',(73.5,-9.8,9.5));
#3439 = DIRECTION('',(-0.707106781187,0.707106781187,-1.6E-16));
#3440 = DIRECTION('',(-0.707106781187,-0.707106781187,1.6E-16));
#3441 = ORIENTED_EDGE('',*,*,#3442,.T.);
#3442 = EDGE_CURVE('',#3434,#3443,#3445,.T.);
#3443 = VERTEX_POINT('',#3444);
#3444 = CARTESIAN_POINT('',(80.,-9.3,9.5));
#3445 = LINE('',#3446,#3447);
#3446 = CARTESIAN_POINT('',(74.,-9.3,9.5));
#3447 = VECTOR('',#3448,1.);
#3448 = DIRECTION('',(1.,0.,0.));
#3449 = ORIENTED_EDGE('',*,*,#3450,.F.);
#3450 = EDGE_CURVE('',#2244,#3443,#3451,.T.);
#3451 = CIRCLE('',#3452,0.5);
#3452 = AXIS2_PLACEMENT_3D('',#3453,#3454,#3455);
#3453 = CARTESIAN_POINT('',(80.,-9.8,9.5));
#3454 = DIRECTION('',(-1.,0.,0.));
#3455 = DIRECTION('',(0.,2.2E-16,1.));
#3456 = ORIENTED_EDGE('',*,*,#2253,.F.);
#3457 = CYLINDRICAL_SURFACE('',#3458,0.5);
#3458 = AXIS2_PLACEMENT_3D('',#3459,#3460,#3461);
#3459 = CARTESIAN_POINT('',(74.,-9.8,9.5));
#3460 = DIRECTION('',(1.,0.,0.));
#3461 = DIRECTION('',(0.,2.2E-16,1.));
#3462 = ADVANCED_FACE('',(#3463),#3508,.F.);
#3463 = FACE_BOUND('',#3464,.F.);
#3464 = EDGE_LOOP('',(#3465,#3475,#3491,#3492));
#3465 = ORIENTED_EDGE('',*,*,#3466,.T.);
#3466 = EDGE_CURVE('',#3467,#3469,#3471,.T.);
#3467 = VERTEX_POINT('',#3468);
#3468 = CARTESIAN_POINT('',(80.5,-11.3,11.));
#3469 = VERTEX_POINT('',#3470);
#3470 = CARTESIAN_POINT('',(74.5,-11.3,11.));
#3471 = LINE('',#3472,#3473);
#3472 = CARTESIAN_POINT('',(81.,-11.3,11.));
#3473 = VECTOR('',#3474,1.);
#3474 = DIRECTION('',(-1.,0.,0.));
#3475 = ORIENTED_EDGE('',*,*,#3476,.T.);
#3476 = EDGE_CURVE('',#3469,#2310,#3477,.T.);
#3477 = ( BOUNDED_CURVE() B_SPLINE_CURVE(12,(#3478,#3479,#3480,#3481,
    #3482,#3483,#3484,#3485,#3486,#3487,#3488,#3489,#3490),
.UNSPECIFIED.,.F.,.F.) B_SPLINE_CURVE_WITH_KNOTS((13,13),(9.910098894519
,11.820197789037),.PIECEWISE_BEZIER_KNOTS.) CURVE() 
GEOMETRIC_REPRESENTATION_ITEM() RATIONAL_B_SPLINE_CURVE((1.,1.,1.,1.,1.,
1.,1.,1.,1.,1.,1.,1.,1.)) REPRESENTATION_ITEM('') );
#3478 = CARTESIAN_POINT('',(74.5,-11.3,11.));
#3479 = CARTESIAN_POINT('',(74.5,-11.3,10.803651358013));
#3480 = CARTESIAN_POINT('',(74.439302482028,-11.25805711352,
    10.607634378085));
#3481 = CARTESIAN_POINT('',(74.317731533132,-11.17329966656,
    10.43914803519));
#3482 = CARTESIAN_POINT('',(74.164705735399,-11.07196990802,
    10.348618660244));
#3483 = CARTESIAN_POINT('',(74.067115904407,-11.01304137689,
    10.252147820475));
#3484 = CARTESIAN_POINT('',(73.897705182696,-10.89398635587,
    10.177429066518));
#3485 = CARTESIAN_POINT('',(73.778273989082,-10.82078080083,
    10.122378835618));
#3486 = CARTESIAN_POINT('',(73.618316629952,-10.71089718399,
    10.070242035044));
#3487 = CARTESIAN_POINT('',(73.470657246284,-10.61405988753,
    10.03640653875));
#3488 = CARTESIAN_POINT('',(73.31401506168,-10.50929307027,
    10.011879535992));
#3489 = CARTESIAN_POINT('',(73.15707891359,-10.40471927572,10.));
#3490 = CARTESIAN_POINT('',(73.,-10.3,10.));
#3491 = ORIENTED_EDGE('',*,*,#2317,.F.);
#3492 = ORIENTED_EDGE('',*,*,#3493,.F.);
#3493 = EDGE_CURVE('',#3467,#2246,#3494,.T.);
#3494 = ( BOUNDED_CURVE() B_SPLINE_CURVE(12,(#3495,#3496,#3497,#3498,
    #3499,#3500,#3501,#3502,#3503,#3504,#3505,#3506,#3507),
.UNSPECIFIED.,.F.,.F.) B_SPLINE_CURVE_WITH_KNOTS((13,13),(9.910098894519
,11.820197789037),.PIECEWISE_BEZIER_KNOTS.) CURVE() 
GEOMETRIC_REPRESENTATION_ITEM() RATIONAL_B_SPLINE_CURVE((1.,1.,1.,
    1.000000000001,0.999999999999,1.000000000002,0.999999999998,
1.000000000001,0.999999999999,1.,1.,1.,1.)) REPRESENTATION_ITEM('') );
#3495 = CARTESIAN_POINT('',(80.5,-11.3,11.));
#3496 = CARTESIAN_POINT('',(80.5,-11.3,10.934550452671));
#3497 = CARTESIAN_POINT('',(80.495281186038,-11.29525589768,
    10.868993528712));
#3498 = CARTESIAN_POINT('',(80.486217651162,-11.28641107504,
    10.797180880075));
#3499 = CARTESIAN_POINT('',(80.472375024865,-11.26815551268,
    10.705158458937));
#3500 = CARTESIAN_POINT('',(80.45645968128,-11.24108053585,
    10.609965103229));
#3501 = CARTESIAN_POINT('',(80.443663632139,-11.19124829768,
    10.445129929017));
#3502 = CARTESIAN_POINT('',(80.387291676735,-11.08622558625,
    10.323169880216));
#3503 = CARTESIAN_POINT('',(80.33338121826,-10.96711681442,
    10.19479898512));
#3504 = CARTESIAN_POINT('',(80.256728285676,-10.81473367043,
    10.100095508884));
#3505 = CARTESIAN_POINT('',(80.17462121387,-10.6491542921,
    10.033182902916));
#3506 = CARTESIAN_POINT('',(80.087266063106,-10.47453212621,10.));
#3507 = CARTESIAN_POINT('',(80.,-10.3,10.));
#3508 = CYLINDRICAL_SURFACE('',#3509,1.);
#3509 = AXIS2_PLACEMENT_3D('',#3510,#3511,#3512);
#3510 = CARTESIAN_POINT('',(81.,-10.3,11.));
#3511 = DIRECTION('',(-1.,0.,0.));
#3512 = DIRECTION('',(-0.,-2.2E-16,-1.));
#3513 = ADVANCED_FACE('',(#3514),#3533,.T.);
#3514 = FACE_BOUND('',#3515,.F.);
#3515 = EDGE_LOOP('',(#3516,#3525,#3531,#3532));
#3516 = ORIENTED_EDGE('',*,*,#3517,.T.);
#3517 = EDGE_CURVE('',#2262,#3518,#3520,.T.);
#3518 = VERTEX_POINT('',#3519);
#3519 = CARTESIAN_POINT('',(74.,-7.5,9.5));
#3520 = ELLIPSE('',#3521,0.707106781187,0.5);
#3521 = AXIS2_PLACEMENT_3D('',#3522,#3523,#3524);
#3522 = CARTESIAN_POINT('',(73.5,-7.,9.5));
#3523 = DIRECTION('',(0.707106781187,0.707106781187,-1.6E-16));
#3524 = DIRECTION('',(0.707106781187,-0.707106781187,1.6E-16));
#3525 = ORIENTED_EDGE('',*,*,#3526,.T.);
#3526 = EDGE_CURVE('',#3518,#3434,#3527,.T.);
#3527 = LINE('',#3528,#3529);
#3528 = CARTESIAN_POINT('',(74.,-7.5,9.5));
#3529 = VECTOR('',#3530,1.);
#3530 = DIRECTION('',(0.,-1.,2.2E-16));
#3531 = ORIENTED_EDGE('',*,*,#3433,.F.);
#3532 = ORIENTED_EDGE('',*,*,#2261,.F.);
#3533 = CYLINDRICAL_SURFACE('',#3534,0.5);
#3534 = AXIS2_PLACEMENT_3D('',#3535,#3536,#3537);
#3535 = CARTESIAN_POINT('',(73.5,-7.5,9.5));
#3536 = DIRECTION('',(0.,-1.,2.2E-16));
#3537 = DIRECTION('',(0.,2.2E-16,1.));
#3538 = ADVANCED_FACE('',(#3539),#3584,.F.);
#3539 = FACE_BOUND('',#3540,.T.);
#3540 = EDGE_LOOP('',(#3541,#3551,#3567,#3568));
#3541 = ORIENTED_EDGE('',*,*,#3542,.F.);
#3542 = EDGE_CURVE('',#3543,#3545,#3547,.T.);
#3543 = VERTEX_POINT('',#3544);
#3544 = CARTESIAN_POINT('',(74.,-11.8,11.));
#3545 = VERTEX_POINT('',#3546);
#3546 = CARTESIAN_POINT('',(74.,-15.,11.));
#3547 = LINE('',#3548,#3549);
#3548 = CARTESIAN_POINT('',(74.,-11.3,11.));
#3549 = VECTOR('',#3550,1.);
#3550 = DIRECTION('',(0.,-1.,2.2E-16));
#3551 = ORIENTED_EDGE('',*,*,#3552,.T.);
#3552 = EDGE_CURVE('',#3543,#2310,#3553,.T.);
#3553 = ( BOUNDED_CURVE() B_SPLINE_CURVE(12,(#3554,#3555,#3556,#3557,
    #3558,#3559,#3560,#3561,#3562,#3563,#3564,#3565,#3566),
.UNSPECIFIED.,.F.,.F.) B_SPLINE_CURVE_WITH_KNOTS((13,13),(9.910098894519
,11.820197789037),.PIECEWISE_BEZIER_KNOTS.) CURVE() 
GEOMETRIC_REPRESENTATION_ITEM() RATIONAL_B_SPLINE_CURVE((1.,1.,1.,1.,1.,
1.,1.,1.,1.,1.,1.,1.,1.)) REPRESENTATION_ITEM('') );
#3554 = CARTESIAN_POINT('',(74.,-11.8,11.));
#3555 = CARTESIAN_POINT('',(74.,-11.8,10.803651358013));
#3556 = CARTESIAN_POINT('',(73.958057113526,-11.73930248202,
    10.607634378085));
#3557 = CARTESIAN_POINT('',(73.873299666565,-11.61773153313,
    10.43914803519));
#3558 = CARTESIAN_POINT('',(73.771969908025,-11.46470573539,
    10.348618660244));
#3559 = CARTESIAN_POINT('',(73.713041376898,-11.3671159044,
    10.252147820475));
#3560 = CARTESIAN_POINT('',(73.593986355876,-11.19770518269,
    10.177429066518));
#3561 = CARTESIAN_POINT('',(73.520780800833,-11.07827398908,
    10.122378835618));
#3562 = CARTESIAN_POINT('',(73.410897183994,-10.91831662995,
    10.070242035044));
#3563 = CARTESIAN_POINT('',(73.314059887536,-10.77065724628,
    10.03640653875));
#3564 = CARTESIAN_POINT('',(73.209293070272,-10.61401506168,
    10.011879535992));
#3565 = CARTESIAN_POINT('',(73.104719275727,-10.45707891359,10.));
#3566 = CARTESIAN_POINT('',(73.,-10.3,10.));
#3567 = ORIENTED_EDGE('',*,*,#2309,.T.);
#3568 = ORIENTED_EDGE('',*,*,#3569,.T.);
#3569 = EDGE_CURVE('',#2302,#3545,#3570,.T.);
#3570 = ( BOUNDED_CURVE() B_SPLINE_CURVE(12,(#3571,#3572,#3573,#3574,
    #3575,#3576,#3577,#3578,#3579,#3580,#3581,#3582,#3583),
.UNSPECIFIED.,.F.,.F.) B_SPLINE_CURVE_WITH_KNOTS((13,13),(2.9184E-13,
1.910098894519),.PIECEWISE_BEZIER_KNOTS.) CURVE() 
GEOMETRIC_REPRESENTATION_ITEM() RATIONAL_B_SPLINE_CURVE((1.,1.,1.,
    0.999999999999,1.000000000003,0.999999999996,1.000000000005,
    0.999999999996,1.000000000003,0.999999999998,1.000000000001,1.,1.)) 
REPRESENTATION_ITEM('') );
#3571 = CARTESIAN_POINT('',(73.,-16.5,10.));
#3572 = CARTESIAN_POINT('',(73.104719275727,-16.34292108641,10.));
#3573 = CARTESIAN_POINT('',(73.209293070272,-16.18598493831,
    10.011879535992));
#3574 = CARTESIAN_POINT('',(73.314059887536,-16.02934275371,
    10.03640653875));
#3575 = CARTESIAN_POINT('',(73.410897183995,-15.88168337004,
    10.070242035045));
#3576 = CARTESIAN_POINT('',(73.520780800833,-15.72172601091,
    10.122378835617));
#3577 = CARTESIAN_POINT('',(73.593986355876,-15.6022948173,
    10.17742906652));
#3578 = CARTESIAN_POINT('',(73.713041376899,-15.43288409559,
    10.252147820473));
#3579 = CARTESIAN_POINT('',(73.771969908024,-15.3352942646,
    10.348618660245));
#3580 = CARTESIAN_POINT('',(73.873299666565,-15.18226846686,
    10.43914803519));
#3581 = CARTESIAN_POINT('',(73.958057113526,-15.06069751797,
    10.607634378085));
#3582 = CARTESIAN_POINT('',(74.,-15.,10.803651358013));
#3583 = CARTESIAN_POINT('',(74.,-15.,11.));
#3584 = CYLINDRICAL_SURFACE('',#3585,1.);
#3585 = AXIS2_PLACEMENT_3D('',#3586,#3587,#3588);
#3586 = CARTESIAN_POINT('',(73.,-11.3,11.));
#3587 = DIRECTION('',(0.,-1.,2.2E-16));
#3588 = DIRECTION('',(1.,0.,0.));
#3589 = ADVANCED_FACE('',(#3590),#3609,.T.);
#3590 = FACE_BOUND('',#3591,.F.);
#3591 = EDGE_LOOP('',(#3592,#3601,#3607,#3608));
#3592 = ORIENTED_EDGE('',*,*,#3593,.T.);
#3593 = EDGE_CURVE('',#2270,#3594,#3596,.T.);
#3594 = VERTEX_POINT('',#3595);
#3595 = CARTESIAN_POINT('',(94.,-7.5,9.5));
#3596 = ELLIPSE('',#3597,0.707106781187,0.5);
#3597 = AXIS2_PLACEMENT_3D('',#3598,#3599,#3600);
#3598 = CARTESIAN_POINT('',(94.5,-7.,9.5));
#3599 = DIRECTION('',(0.707106781187,-0.707106781187,1.6E-16));
#3600 = DIRECTION('',(-0.707106781187,-0.707106781187,1.6E-16));
#3601 = ORIENTED_EDGE('',*,*,#3602,.T.);
#3602 = EDGE_CURVE('',#3594,#3518,#3603,.T.);
#3603 = LINE('',#3604,#3605);
#3604 = CARTESIAN_POINT('',(94.,-7.5,9.5));
#3605 = VECTOR('',#3606,1.);
#3606 = DIRECTION('',(-1.,0.,0.));
#3607 = ORIENTED_EDGE('',*,*,#3517,.F.);
#3608 = ORIENTED_EDGE('',*,*,#2269,.F.);
#3609 = CYLINDRICAL_SURFACE('',#3610,0.5);
#3610 = AXIS2_PLACEMENT_3D('',#3611,#3612,#3613);
#3611 = CARTESIAN_POINT('',(94.,-7.,9.5));
#3612 = DIRECTION('',(-1.,0.,0.));
#3613 = DIRECTION('',(0.,2.2E-16,1.));
#3614 = ADVANCED_FACE('',(#3615),#3660,.F.);
#3615 = FACE_BOUND('',#3616,.F.);
#3616 = EDGE_LOOP('',(#3617,#3627,#3643,#3644));
#3617 = ORIENTED_EDGE('',*,*,#3618,.F.);
#3618 = EDGE_CURVE('',#3619,#3621,#3623,.T.);
#3619 = VERTEX_POINT('',#3620);
#3620 = CARTESIAN_POINT('',(93.5,-15.5,11.));
#3621 = VERTEX_POINT('',#3622);
#3622 = CARTESIAN_POINT('',(74.5,-15.5,11.));
#3623 = LINE('',#3624,#3625);
#3624 = CARTESIAN_POINT('',(94.,-15.5,11.));
#3625 = VECTOR('',#3626,1.);
#3626 = DIRECTION('',(-1.,0.,0.));
#3627 = ORIENTED_EDGE('',*,*,#3628,.T.);
#3628 = EDGE_CURVE('',#3619,#2294,#3629,.T.);
#3629 = ( BOUNDED_CURVE() B_SPLINE_CURVE(12,(#3630,#3631,#3632,#3633,
    #3634,#3635,#3636,#3637,#3638,#3639,#3640,#3641,#3642),
.UNSPECIFIED.,.F.,.F.) B_SPLINE_CURVE_WITH_KNOTS((13,13),(9.910098286668
,11.820197181158),.PIECEWISE_BEZIER_KNOTS.) CURVE() 
GEOMETRIC_REPRESENTATION_ITEM() RATIONAL_B_SPLINE_CURVE((1.,1.,1.,
    0.999999999999,1.000000000002,0.999999999996,1.000000000004,
    0.999999999996,1.000000000003,0.999999999999,1.000000000001,1.,1.)) 
REPRESENTATION_ITEM('') );
#3630 = CARTESIAN_POINT('',(93.5,-15.5,11.));
#3631 = CARTESIAN_POINT('',(93.5,-15.5,10.803651358016));
#3632 = CARTESIAN_POINT('',(93.560697517948,-15.54194288649,
    10.60763437809));
#3633 = CARTESIAN_POINT('',(93.682268467008,-15.62670033328,
    10.439148035201));
#3634 = CARTESIAN_POINT('',(93.835294264122,-15.72803009244,
    10.348618660238));
#3635 = CARTESIAN_POINT('',(93.932884096554,-15.78695862212,
    10.252147820506));
#3636 = CARTESIAN_POINT('',(94.102294815917,-15.90601364548,
    10.17742906649));
#3637 = CARTESIAN_POINT('',(94.221726012285,-15.97921919777,
    10.12237883566));
#3638 = CARTESIAN_POINT('',(94.381683369047,-16.08910281697,
    10.070242035023));
#3639 = CARTESIAN_POINT('',(94.529342754171,-16.18594011197,
    10.036406538769));
#3640 = CARTESIAN_POINT('',(94.685984938161,-16.29070692984,
    10.011879535991));
#3641 = CARTESIAN_POINT('',(94.842921086393,-16.39528072424,
    10.000000000003));
#3642 = CARTESIAN_POINT('',(94.999999999971,-16.49999999997,10.));
#3643 = ORIENTED_EDGE('',*,*,#2301,.T.);
#3644 = ORIENTED_EDGE('',*,*,#3645,.T.);
#3645 = EDGE_CURVE('',#2302,#3621,#3646,.T.);
#3646 = ( BOUNDED_CURVE() B_SPLINE_CURVE(12,(#3647,#3648,#3649,#3650,
    #3651,#3652,#3653,#3654,#3655,#3656,#3657,#3658,#3659),
.UNSPECIFIED.,.F.,.F.) B_SPLINE_CURVE_WITH_KNOTS((13,13),(2.9184E-13,
1.910098894519),.PIECEWISE_BEZIER_KNOTS.) CURVE() 
GEOMETRIC_REPRESENTATION_ITEM() RATIONAL_B_SPLINE_CURVE((1.,1.,1.,
    0.999999999999,1.000000000003,0.999999999996,1.000000000005,
    0.999999999996,1.000000000003,0.999999999998,1.000000000001,1.,1.)) 
REPRESENTATION_ITEM('') );
#3647 = CARTESIAN_POINT('',(73.000000000001,-16.5,10.));
#3648 = CARTESIAN_POINT('',(73.15707891359,-16.39528072427,10.));
#3649 = CARTESIAN_POINT('',(73.314015061681,-16.29070692972,
    10.011879535992));
#3650 = CARTESIAN_POINT('',(73.470657246284,-16.18594011246,
    10.03640653875));
#3651 = CARTESIAN_POINT('',(73.618316629951,-16.089102816,
    10.070242035045));
#3652 = CARTESIAN_POINT('',(73.778273989084,-15.97921919916,
    10.122378835617));
#3653 = CARTESIAN_POINT('',(73.897705182695,-15.90601364412,
    10.17742906652));
#3654 = CARTESIAN_POINT('',(74.067115904408,-15.7869586231,
    10.252147820473));
#3655 = CARTESIAN_POINT('',(74.164705735398,-15.72803009197,
    10.348618660245));
#3656 = CARTESIAN_POINT('',(74.317731533132,-15.62670033343,
    10.43914803519));
#3657 = CARTESIAN_POINT('',(74.439302482027,-15.54194288647,
    10.607634378085));
#3658 = CARTESIAN_POINT('',(74.5,-15.5,10.803651358013));
#3659 = CARTESIAN_POINT('',(74.5,-15.5,11.));
#3660 = CYLINDRICAL_SURFACE('',#3661,1.);
#3661 = AXIS2_PLACEMENT_3D('',#3662,#3663,#3664);
#3662 = CARTESIAN_POINT('',(94.,-16.5,11.));
#3663 = DIRECTION('',(-1.,0.,0.));
#3664 = DIRECTION('',(0.,1.,-2.7E-16));
#3665 = ADVANCED_FACE('',(#3666),#3685,.T.);
#3666 = FACE_BOUND('',#3667,.T.);
#3667 = EDGE_LOOP('',(#3668,#3669,#3677,#3684));
#3668 = ORIENTED_EDGE('',*,*,#3593,.T.);
#3669 = ORIENTED_EDGE('',*,*,#3670,.T.);
#3670 = EDGE_CURVE('',#3594,#3671,#3673,.T.);
#3671 = VERTEX_POINT('',#3672);
#3672 = CARTESIAN_POINT('',(94.,-9.3,9.5));
#3673 = LINE('',#3674,#3675);
#3674 = CARTESIAN_POINT('',(94.,-7.5,9.5));
#3675 = VECTOR('',#3676,1.);
#3676 = DIRECTION('',(0.,-1.,2.2E-16));
#3677 = ORIENTED_EDGE('',*,*,#3678,.F.);
#3678 = EDGE_CURVE('',#2278,#3671,#3679,.T.);
#3679 = CIRCLE('',#3680,0.5);
#3680 = AXIS2_PLACEMENT_3D('',#3681,#3682,#3683);
#3681 = CARTESIAN_POINT('',(94.5,-9.3,9.5));
#3682 = DIRECTION('',(0.,-1.,2.2E-16));
#3683 = DIRECTION('',(0.,-2.2E-16,-1.));
#3684 = ORIENTED_EDGE('',*,*,#2277,.F.);
#3685 = CYLINDRICAL_SURFACE('',#3686,0.5);
#3686 = AXIS2_PLACEMENT_3D('',#3687,#3688,#3689);
#3687 = CARTESIAN_POINT('',(94.5,-7.5,9.5));
#3688 = DIRECTION('',(0.,-1.,2.2E-16));
#3689 = DIRECTION('',(0.,2.2E-16,1.));
#3690 = ADVANCED_FACE('',(#3691),#3727,.F.);
#3691 = FACE_BOUND('',#3692,.T.);
#3692 = EDGE_LOOP('',(#3693,#3703,#3719,#3720));
#3693 = ORIENTED_EDGE('',*,*,#3694,.T.);
#3694 = EDGE_CURVE('',#3695,#3697,#3699,.T.);
#3695 = VERTEX_POINT('',#3696);
#3696 = CARTESIAN_POINT('',(94.,-9.3,11.));
#3697 = VERTEX_POINT('',#3698);
#3698 = CARTESIAN_POINT('',(94.,-15.,11.));
#3699 = LINE('',#3700,#3701);
#3700 = CARTESIAN_POINT('',(94.,-9.3,11.));
#3701 = VECTOR('',#3702,1.);
#3702 = DIRECTION('',(0.,-1.,2.2E-16));
#3703 = ORIENTED_EDGE('',*,*,#3704,.T.);
#3704 = EDGE_CURVE('',#3697,#2294,#3705,.T.);
#3705 = ( BOUNDED_CURVE() B_SPLINE_CURVE(12,(#3706,#3707,#3708,#3709,
    #3710,#3711,#3712,#3713,#3714,#3715,#3716,#3717,#3718),
.UNSPECIFIED.,.F.,.F.) B_SPLINE_CURVE_WITH_KNOTS((13,13),(9.910098286668
,11.820197181158),.PIECEWISE_BEZIER_KNOTS.) CURVE() 
GEOMETRIC_REPRESENTATION_ITEM() RATIONAL_B_SPLINE_CURVE((1.,1.,1.,
    0.999999999999,1.000000000002,0.999999999996,1.000000000004,
    0.999999999996,1.000000000003,0.999999999999,1.000000000001,1.,1.)) 
REPRESENTATION_ITEM('') );
#3706 = CARTESIAN_POINT('',(94.,-15.,11.));
#3707 = CARTESIAN_POINT('',(94.,-15.,10.803651358016));
#3708 = CARTESIAN_POINT('',(94.04194288645,-15.06069751799,
    10.607634378091));
#3709 = CARTESIAN_POINT('',(94.126700333578,-15.18226846671,
    10.439148035194));
#3710 = CARTESIAN_POINT('',(94.228030091498,-15.33529426506,
    10.348618660261));
#3711 = CARTESIAN_POINT('',(94.286958624064,-15.43288409461,
    10.252147820459));
#3712 = CARTESIAN_POINT('',(94.406013642744,-15.60229481866,
    10.177429066558));
#3713 = CARTESIAN_POINT('',(94.479219200538,-15.72172600952,
    10.122378835589));
#3714 = CARTESIAN_POINT('',(94.589102815012,-15.88168337101,
    10.070242035076));
#3715 = CARTESIAN_POINT('',(94.685940112925,-16.02934275322,
    10.036406538741));
#3716 = CARTESIAN_POINT('',(94.790706929578,-16.18598493843,10.011879536
    ));
#3717 = CARTESIAN_POINT('',(94.895280724265,-16.34292108637,
    10.000000000001));
#3718 = CARTESIAN_POINT('',(95.,-16.49999999996,10.));
#3719 = ORIENTED_EDGE('',*,*,#2293,.F.);
#3720 = ORIENTED_EDGE('',*,*,#3721,.T.);
#3721 = EDGE_CURVE('',#2286,#3695,#3722,.T.);
#3722 = CIRCLE('',#3723,1.);
#3723 = AXIS2_PLACEMENT_3D('',#3724,#3725,#3726);
#3724 = CARTESIAN_POINT('',(95.,-9.3,11.));
#3725 = DIRECTION('',(0.,1.,-2.2E-16));
#3726 = DIRECTION('',(0.,-2.2E-16,-1.));
#3727 = CYLINDRICAL_SURFACE('',#3728,1.);
#3728 = AXIS2_PLACEMENT_3D('',#3729,#3730,#3731);
#3729 = CARTESIAN_POINT('',(95.,-9.3,11.));
#3730 = DIRECTION('',(0.,-1.,2.2E-16));
#3731 = DIRECTION('',(-0.,-2.2E-16,-1.));
#3732 = ADVANCED_FACE('',(#3733,#3792),#3803,.T.);
#3733 = FACE_BOUND('',#3734,.T.);
#3734 = EDGE_LOOP('',(#3735,#3745,#3751,#3752,#3753,#3754,#3762,#3770,
    #3776,#3777,#3786));
#3735 = ORIENTED_EDGE('',*,*,#3736,.F.);
#3736 = EDGE_CURVE('',#3737,#3739,#3741,.T.);
#3737 = VERTEX_POINT('',#3738);
#3738 = CARTESIAN_POINT('',(94.,-9.3,19.));
#3739 = VERTEX_POINT('',#3740);
#3740 = CARTESIAN_POINT('',(81.5,-9.3,19.));
#3741 = LINE('',#3742,#3743);
#3742 = CARTESIAN_POINT('',(94.,-9.3,19.));
#3743 = VECTOR('',#3744,1.);
#3744 = DIRECTION('',(-1.,0.,0.));
#3745 = ORIENTED_EDGE('',*,*,#3746,.T.);
#3746 = EDGE_CURVE('',#3737,#3695,#3747,.T.);
#3747 = LINE('',#3748,#3749);
#3748 = CARTESIAN_POINT('',(94.,-9.3,30.));
#3749 = VECTOR('',#3750,1.);
#3750 = DIRECTION('',(0.,0.,-1.));
#3751 = ORIENTED_EDGE('',*,*,#3721,.F.);
#3752 = ORIENTED_EDGE('',*,*,#2285,.F.);
#3753 = ORIENTED_EDGE('',*,*,#3678,.T.);
#3754 = ORIENTED_EDGE('',*,*,#3755,.T.);
#3755 = EDGE_CURVE('',#3671,#3756,#3758,.T.);
#3756 = VERTEX_POINT('',#3757);
#3757 = CARTESIAN_POINT('',(94.,-9.3,8.5));
#3758 = LINE('',#3759,#3760);
#3759 = CARTESIAN_POINT('',(94.,-9.3,30.));
#3760 = VECTOR('',#3761,1.);
#3761 = DIRECTION('',(0.,0.,-1.));
#3762 = ORIENTED_EDGE('',*,*,#3763,.T.);
#3763 = EDGE_CURVE('',#3756,#3764,#3766,.T.);
#3764 = VERTEX_POINT('',#3765);
#3765 = CARTESIAN_POINT('',(74.,-9.3,8.5));
#3766 = LINE('',#3767,#3768);
#3767 = CARTESIAN_POINT('',(94.,-9.3,8.5));
#3768 = VECTOR('',#3769,1.);
#3769 = DIRECTION('',(-1.,0.,0.));
#3770 = ORIENTED_EDGE('',*,*,#3771,.T.);
#3771 = EDGE_CURVE('',#3764,#3434,#3772,.T.);
#3772 = LINE('',#3773,#3774);
#3773 = CARTESIAN_POINT('',(74.,-9.3,8.5));
#3774 = VECTOR('',#3775,1.);
#3775 = DIRECTION('',(0.,0.,1.));
#3776 = ORIENTED_EDGE('',*,*,#3442,.T.);
#3777 = ORIENTED_EDGE('',*,*,#3778,.T.);
#3778 = EDGE_CURVE('',#3443,#3779,#3781,.T.);
#3779 = VERTEX_POINT('',#3780);
#3780 = CARTESIAN_POINT('',(81.5,-9.3,11.));
#3781 = CIRCLE('',#3782,1.5);
#3782 = AXIS2_PLACEMENT_3D('',#3783,#3784,#3785);
#3783 = CARTESIAN_POINT('',(80.,-9.3,11.));
#3784 = DIRECTION('',(0.,-1.,2.5E-16));
#3785 = DIRECTION('',(-0.,-2.5E-16,-1.));
#3786 = ORIENTED_EDGE('',*,*,#3787,.T.);
#3787 = EDGE_CURVE('',#3779,#3739,#3788,.T.);
#3788 = LINE('',#3789,#3790);
#3789 = CARTESIAN_POINT('',(81.5,-9.3,11.));
#3790 = VECTOR('',#3791,1.);
#3791 = DIRECTION('',(0.,0.,1.));
#3792 = FACE_BOUND('',#3793,.T.);
#3793 = EDGE_LOOP('',(#3794));
#3794 = ORIENTED_EDGE('',*,*,#3795,.F.);
#3795 = EDGE_CURVE('',#3796,#3796,#3798,.T.);
#3796 = VERTEX_POINT('',#3797);
#3797 = CARTESIAN_POINT('',(85.68,-9.3,13.5));
#3798 = CIRCLE('',#3799,1.32);
#3799 = AXIS2_PLACEMENT_3D('',#3800,#3801,#3802);
#3800 = CARTESIAN_POINT('',(87.,-9.3,13.5));
#3801 = DIRECTION('',(0.,1.,-2.2E-16));
#3802 = DIRECTION('',(-1.,0.,0.));
#3803 = PLANE('',#3804);
#3804 = AXIS2_PLACEMENT_3D('',#3805,#3806,#3807);
#3805 = CARTESIAN_POINT('',(84.,-9.3,19.25));
#3806 = DIRECTION('',(0.,1.,-2.5E-16));
#3807 = DIRECTION('',(0.,2.5E-16,1.));
#3808 = ADVANCED_FACE('',(#3809),#3829,.F.);
#3809 = FACE_BOUND('',#3810,.T.);
#3810 = EDGE_LOOP('',(#3811,#3820,#3821,#3822));
#3811 = ORIENTED_EDGE('',*,*,#3812,.F.);
#3812 = EDGE_CURVE('',#2326,#3813,#3815,.T.);
#3813 = VERTEX_POINT('',#3814);
#3814 = CARTESIAN_POINT('',(52.,-76.,11.));
#3815 = CIRCLE('',#3816,1.);
#3816 = AXIS2_PLACEMENT_3D('',#3817,#3818,#3819);
#3817 = CARTESIAN_POINT('',(53.,-76.,11.));
#3818 = DIRECTION('',(-7.E-17,1.,-2.2E-16));
#3819 = DIRECTION('',(1.,7.E-17,0.));
#3820 = ORIENTED_EDGE('',*,*,#2325,.F.);
#3821 = ORIENTED_EDGE('',*,*,#3812,.T.);
#3822 = ORIENTED_EDGE('',*,*,#3823,.T.);
#3823 = EDGE_CURVE('',#3813,#3813,#3824,.T.);
#3824 = CIRCLE('',#3825,3.);
#3825 = AXIS2_PLACEMENT_3D('',#3826,#3827,#3828);
#3826 = CARTESIAN_POINT('',(49.,-76.,11.));
#3827 = DIRECTION('',(0.,2.2E-16,1.));
#3828 = DIRECTION('',(1.,7.E-17,-1.54E-32));
#3829 = TOROIDAL_SURFACE('',#3830,4.,1.);
#3830 = AXIS2_PLACEMENT_3D('',#3831,#3832,#3833);
#3831 = CARTESIAN_POINT('',(49.,-76.,11.));
#3832 = DIRECTION('',(-0.,-2.2E-16,-1.));
#3833 = DIRECTION('',(1.,7.E-17,-1.54E-32));
#3834 = ADVANCED_FACE('',(#3835),#3855,.F.);
#3835 = FACE_BOUND('',#3836,.T.);
#3836 = EDGE_LOOP('',(#3837,#3846,#3847,#3848));
#3837 = ORIENTED_EDGE('',*,*,#3838,.F.);
#3838 = EDGE_CURVE('',#2337,#3839,#3841,.T.);
#3839 = VERTEX_POINT('',#3840);
#3840 = CARTESIAN_POINT('',(14.,-104.,11.));
#3841 = CIRCLE('',#3842,1.);
#3842 = AXIS2_PLACEMENT_3D('',#3843,#3844,#3845);
#3843 = CARTESIAN_POINT('',(15.,-104.,11.));
#3844 = DIRECTION('',(-7.E-17,1.,-2.2E-16));
#3845 = DIRECTION('',(1.,7.E-17,0.));
#3846 = ORIENTED_EDGE('',*,*,#2336,.F.);
#3847 = ORIENTED_EDGE('',*,*,#3838,.T.);
#3848 = ORIENTED_EDGE('',*,*,#3849,.T.);
#3849 = EDGE_CURVE('',#3839,#3839,#3850,.T.);
#3850 = CIRCLE('',#3851,3.);
#3851 = AXIS2_PLACEMENT_3D('',#3852,#3853,#3854);
#3852 = CARTESIAN_POINT('',(11.,-104.,11.));
#3853 = DIRECTION('',(0.,2.2E-16,1.));
#3854 = DIRECTION('',(1.,7.E-17,-1.54E-32));
#3855 = TOROIDAL_SURFACE('',#3856,4.,1.);
#3856 = AXIS2_PLACEMENT_3D('',#3857,#3858,#3859);
#3857 = CARTESIAN_POINT('',(11.,-104.,11.));
#3858 = DIRECTION('',(-0.,-2.2E-16,-1.));
#3859 = DIRECTION('',(1.,7.E-17,-1.54E-32));
#3860 = ADVANCED_FACE('',(#3861),#3881,.F.);
#3861 = FACE_BOUND('',#3862,.T.);
#3862 = EDGE_LOOP('',(#3863,#3872,#3873,#3874));
#3863 = ORIENTED_EDGE('',*,*,#3864,.F.);
#3864 = EDGE_CURVE('',#2348,#3865,#3867,.T.);
#3865 = VERTEX_POINT('',#3866);
#3866 = CARTESIAN_POINT('',(14.,-76.,11.));
#3867 = CIRCLE('',#3868,1.);
#3868 = AXIS2_PLACEMENT_3D('',#3869,#3870,#3871);
#3869 = CARTESIAN_POINT('',(15.,-76.,11.));
#3870 = DIRECTION('',(-7.E-17,1.,-2.2E-16));
#3871 = DIRECTION('',(1.,7.E-17,0.));
#3872 = ORIENTED_EDGE('',*,*,#2347,.F.);
#3873 = ORIENTED_EDGE('',*,*,#3864,.T.);
#3874 = ORIENTED_EDGE('',*,*,#3875,.T.);
#3875 = EDGE_CURVE('',#3865,#3865,#3876,.T.);
#3876 = CIRCLE('',#3877,3.);
#3877 = AXIS2_PLACEMENT_3D('',#3878,#3879,#3880);
#3878 = CARTESIAN_POINT('',(11.,-76.,11.));
#3879 = DIRECTION('',(0.,2.2E-16,1.));
#3880 = DIRECTION('',(1.,7.E-17,-1.54E-32));
#3881 = TOROIDAL_SURFACE('',#3882,4.,1.);
#3882 = AXIS2_PLACEMENT_3D('',#3883,#3884,#3885);
#3883 = CARTESIAN_POINT('',(11.,-76.,11.));
#3884 = DIRECTION('',(-0.,-2.2E-16,-1.));
#3885 = DIRECTION('',(1.,7.E-17,-1.54E-32));
#3886 = ADVANCED_FACE('',(#3887),#3914,.F.);
#3887 = FACE_BOUND('',#3888,.F.);
#3888 = EDGE_LOOP('',(#3889,#3898,#3906,#3913));
#3889 = ORIENTED_EDGE('',*,*,#3890,.T.);
#3890 = EDGE_CURVE('',#2359,#3891,#3893,.T.);
#3891 = VERTEX_POINT('',#3892);
#3892 = CARTESIAN_POINT('',(42.,-41.,11.));
#3893 = CIRCLE('',#3894,1.);
#3894 = AXIS2_PLACEMENT_3D('',#3895,#3896,#3897);
#3895 = CARTESIAN_POINT('',(42.,-40.,11.));
#3896 = DIRECTION('',(-1.,2.8E-16,0.));
#3897 = DIRECTION('',(2.8E-16,1.,-2.2E-16));
#3898 = ORIENTED_EDGE('',*,*,#3899,.T.);
#3899 = EDGE_CURVE('',#3891,#3900,#3902,.T.);
#3900 = VERTEX_POINT('',#3901);
#3901 = CARTESIAN_POINT('',(11.,-41.,11.));
#3902 = LINE('',#3903,#3904);
#3903 = CARTESIAN_POINT('',(43.,-41.,11.));
#3904 = VECTOR('',#3905,1.);
#3905 = DIRECTION('',(-1.,0.,0.));
#3906 = ORIENTED_EDGE('',*,*,#3907,.F.);
#3907 = EDGE_CURVE('',#2361,#3900,#3908,.T.);
#3908 = CIRCLE('',#3909,1.);
#3909 = AXIS2_PLACEMENT_3D('',#3910,#3911,#3912);
#3910 = CARTESIAN_POINT('',(11.,-40.,11.));
#3911 = DIRECTION('',(-1.,-2.8E-16,0.));
#3912 = DIRECTION('',(-2.8E-16,1.,-2.2E-16));
#3913 = ORIENTED_EDGE('',*,*,#2358,.F.);
#3914 = CYLINDRICAL_SURFACE('',#3915,1.);
#3915 = AXIS2_PLACEMENT_3D('',#3916,#3917,#3918);
#3916 = CARTESIAN_POINT('',(43.,-40.,11.));
#3917 = DIRECTION('',(-1.,0.,0.));
#3918 = DIRECTION('',(-0.,-2.2E-16,-1.));
#3919 = ADVANCED_FACE('',(#3920),#3940,.F.);
#3920 = FACE_BOUND('',#3921,.T.);
#3921 = EDGE_LOOP('',(#3922,#3931,#3932,#3933));
#3922 = ORIENTED_EDGE('',*,*,#3923,.F.);
#3923 = EDGE_CURVE('',#2369,#3924,#3926,.T.);
#3924 = VERTEX_POINT('',#3925);
#3925 = CARTESIAN_POINT('',(43.,-42.,11.));
#3926 = CIRCLE('',#3927,1.);
#3927 = AXIS2_PLACEMENT_3D('',#3928,#3929,#3930);
#3928 = CARTESIAN_POINT('',(44.,-42.,11.));
#3929 = DIRECTION('',(0.,1.,-2.2E-16));
#3930 = DIRECTION('',(1.,0.,0.));
#3931 = ORIENTED_EDGE('',*,*,#2368,.T.);
#3932 = ORIENTED_EDGE('',*,*,#3890,.T.);
#3933 = ORIENTED_EDGE('',*,*,#3934,.F.);
#3934 = EDGE_CURVE('',#3924,#3891,#3935,.T.);
#3935 = CIRCLE('',#3936,1.);
#3936 = AXIS2_PLACEMENT_3D('',#3937,#3938,#3939);
#3937 = CARTESIAN_POINT('',(42.,-42.,11.));
#3938 = DIRECTION('',(-0.,2.2E-16,1.));
#3939 = DIRECTION('',(1.,0.,0.));
#3940 = TOROIDAL_SURFACE('',#3941,2.,1.);
#3941 = AXIS2_PLACEMENT_3D('',#3942,#3943,#3944);
#3942 = CARTESIAN_POINT('',(42.,-42.,11.));
#3943 = DIRECTION('',(-0.,-2.2E-16,-1.));
#3944 = DIRECTION('',(1.,0.,0.));
#3945 = ADVANCED_FACE('',(#3946),#3966,.F.);
#3946 = FACE_BOUND('',#3947,.F.);
#3947 = EDGE_LOOP('',(#3948,#3957,#3958,#3959));
#3948 = ORIENTED_EDGE('',*,*,#3949,.F.);
#3949 = EDGE_CURVE('',#2412,#3950,#3952,.T.);
#3950 = VERTEX_POINT('',#3951);
#3951 = CARTESIAN_POINT('',(10.,-42.,11.));
#3952 = CIRCLE('',#3953,1.);
#3953 = AXIS2_PLACEMENT_3D('',#3954,#3955,#3956);
#3954 = CARTESIAN_POINT('',(9.,-42.,11.));
#3955 = DIRECTION('',(0.,-1.,2.2E-16));
#3956 = DIRECTION('',(-1.,0.,0.));
#3957 = ORIENTED_EDGE('',*,*,#2419,.T.);
#3958 = ORIENTED_EDGE('',*,*,#3907,.T.);
#3959 = ORIENTED_EDGE('',*,*,#3960,.F.);
#3960 = EDGE_CURVE('',#3950,#3900,#3961,.T.);
#3961 = CIRCLE('',#3962,1.);
#3962 = AXIS2_PLACEMENT_3D('',#3963,#3964,#3965);
#3963 = CARTESIAN_POINT('',(11.,-42.,11.));
#3964 = DIRECTION('',(-0.,-2.2E-16,-1.));
#3965 = DIRECTION('',(-1.,0.,0.));
#3966 = TOROIDAL_SURFACE('',#3967,2.,1.);
#3967 = AXIS2_PLACEMENT_3D('',#3968,#3969,#3970);
#3968 = CARTESIAN_POINT('',(11.,-42.,11.));
#3969 = DIRECTION('',(-0.,-2.2E-16,-1.));
#3970 = DIRECTION('',(-1.,0.,0.));
#3971 = ADVANCED_FACE('',(#3972),#3991,.F.);
#3972 = FACE_BOUND('',#3973,.T.);
#3973 = EDGE_LOOP('',(#3974,#3983,#3984,#3985));
#3974 = ORIENTED_EDGE('',*,*,#3975,.F.);
#3975 = EDGE_CURVE('',#2378,#3976,#3978,.T.);
#3976 = VERTEX_POINT('',#3977);
#3977 = CARTESIAN_POINT('',(43.,-67.,11.));
#3978 = CIRCLE('',#3979,1.);
#3979 = AXIS2_PLACEMENT_3D('',#3980,#3981,#3982);
#3980 = CARTESIAN_POINT('',(44.,-67.,11.));
#3981 = DIRECTION('',(6.E-17,1.,-2.2E-16));
#3982 = DIRECTION('',(1.,-6.E-17,0.));
#3983 = ORIENTED_EDGE('',*,*,#2377,.T.);
#3984 = ORIENTED_EDGE('',*,*,#3923,.T.);
#3985 = ORIENTED_EDGE('',*,*,#3986,.F.);
#3986 = EDGE_CURVE('',#3976,#3924,#3987,.T.);
#3987 = LINE('',#3988,#3989);
#3988 = CARTESIAN_POINT('',(43.,-68.,11.));
#3989 = VECTOR('',#3990,1.);
#3990 = DIRECTION('',(0.,1.,0.));
#3991 = CYLINDRICAL_SURFACE('',#3992,1.);
#3992 = AXIS2_PLACEMENT_3D('',#3993,#3994,#3995);
#3993 = CARTESIAN_POINT('',(44.,-68.,11.));
#3994 = DIRECTION('',(0.,1.,0.));
#3995 = DIRECTION('',(-1.,0.,0.));
#3996 = ADVANCED_FACE('',(#3997),#4016,.F.);
#3997 = FACE_BOUND('',#3998,.T.);
#3998 = EDGE_LOOP('',(#3999,#4000,#4001,#4010));
#3999 = ORIENTED_EDGE('',*,*,#3949,.F.);
#4000 = ORIENTED_EDGE('',*,*,#2411,.T.);
#4001 = ORIENTED_EDGE('',*,*,#4002,.T.);
#4002 = EDGE_CURVE('',#2403,#4003,#4005,.T.);
#4003 = VERTEX_POINT('',#4004);
#4004 = CARTESIAN_POINT('',(10.,-67.,11.));
#4005 = CIRCLE('',#4006,1.);
#4006 = AXIS2_PLACEMENT_3D('',#4007,#4008,#4009);
#4007 = CARTESIAN_POINT('',(9.,-67.,11.));
#4008 = DIRECTION('',(6.E-17,-1.,2.2E-16));
#4009 = DIRECTION('',(-1.,-6.E-17,0.));
#4010 = ORIENTED_EDGE('',*,*,#4011,.F.);
#4011 = EDGE_CURVE('',#3950,#4003,#4012,.T.);
#4012 = LINE('',#4013,#4014);
#4013 = CARTESIAN_POINT('',(10.,-41.,11.));
#4014 = VECTOR('',#4015,1.);
#4015 = DIRECTION('',(0.,-1.,0.));
#4016 = CYLINDRICAL_SURFACE('',#4017,1.);
#4017 = AXIS2_PLACEMENT_3D('',#4018,#4019,#4020);
#4018 = CARTESIAN_POINT('',(9.,-41.,11.));
#4019 = DIRECTION('',(0.,-1.,0.));
#4020 = DIRECTION('',(1.,0.,0.));
#4021 = ADVANCED_FACE('',(#4022),#4042,.F.);
#4022 = FACE_BOUND('',#4023,.T.);
#4023 = EDGE_LOOP('',(#4024,#4033,#4034,#4035));
#4024 = ORIENTED_EDGE('',*,*,#4025,.F.);
#4025 = EDGE_CURVE('',#2386,#4026,#4028,.T.);
#4026 = VERTEX_POINT('',#4027);
#4027 = CARTESIAN_POINT('',(42.,-68.,11.));
#4028 = CIRCLE('',#4029,1.);
#4029 = AXIS2_PLACEMENT_3D('',#4030,#4031,#4032);
#4030 = CARTESIAN_POINT('',(42.,-69.,11.));
#4031 = DIRECTION('',(1.,0.,0.));
#4032 = DIRECTION('',(0.,-1.,2.2E-16));
#4033 = ORIENTED_EDGE('',*,*,#2385,.T.);
#4034 = ORIENTED_EDGE('',*,*,#3975,.T.);
#4035 = ORIENTED_EDGE('',*,*,#4036,.F.);
#4036 = EDGE_CURVE('',#4026,#3976,#4037,.T.);
#4037 = CIRCLE('',#4038,1.);
#4038 = AXIS2_PLACEMENT_3D('',#4039,#4040,#4041);
#4039 = CARTESIAN_POINT('',(42.,-67.,11.));
#4040 = DIRECTION('',(-0.,2.2E-16,1.));
#4041 = DIRECTION('',(0.,-1.,2.2E-16));
#4042 = TOROIDAL_SURFACE('',#4043,2.,1.);
#4043 = AXIS2_PLACEMENT_3D('',#4044,#4045,#4046);
#4044 = CARTESIAN_POINT('',(42.,-67.,11.));
#4045 = DIRECTION('',(-0.,-2.2E-16,-1.));
#4046 = DIRECTION('',(0.,-1.,2.2E-16));
#4047 = ADVANCED_FACE('',(#4048),#4068,.F.);
#4048 = FACE_BOUND('',#4049,.F.);
#4049 = EDGE_LOOP('',(#4050,#4059,#4060,#4061));
#4050 = ORIENTED_EDGE('',*,*,#4051,.F.);
#4051 = EDGE_CURVE('',#2395,#4052,#4054,.T.);
#4052 = VERTEX_POINT('',#4053);
#4053 = CARTESIAN_POINT('',(11.,-68.,11.));
#4054 = CIRCLE('',#4055,1.);
#4055 = AXIS2_PLACEMENT_3D('',#4056,#4057,#4058);
#4056 = CARTESIAN_POINT('',(11.,-69.,11.));
#4057 = DIRECTION('',(1.,0.,0.));
#4058 = DIRECTION('',(0.,-1.,2.2E-16));
#4059 = ORIENTED_EDGE('',*,*,#2402,.T.);
#4060 = ORIENTED_EDGE('',*,*,#4002,.T.);
#4061 = ORIENTED_EDGE('',*,*,#4062,.F.);
#4062 = EDGE_CURVE('',#4052,#4003,#4063,.T.);
#4063 = CIRCLE('',#4064,1.);
#4064 = AXIS2_PLACEMENT_3D('',#4065,#4066,#4067);
#4065 = CARTESIAN_POINT('',(11.,-67.,11.));
#4066 = DIRECTION('',(-0.,-2.2E-16,-1.));
#4067 = DIRECTION('',(0.,-1.,2.2E-16));
#4068 = TOROIDAL_SURFACE('',#4069,2.,1.);
#4069 = AXIS2_PLACEMENT_3D('',#4070,#4071,#4072);
#4070 = CARTESIAN_POINT('',(11.,-67.,11.));
#4071 = DIRECTION('',(-0.,-2.2E-16,-1.));
#4072 = DIRECTION('',(0.,-1.,2.2E-16));
#4073 = ADVANCED_FACE('',(#4074),#4085,.F.);
#4074 = FACE_BOUND('',#4075,.T.);
#4075 = EDGE_LOOP('',(#4076,#4077,#4078,#4079));
#4076 = ORIENTED_EDGE('',*,*,#4051,.F.);
#4077 = ORIENTED_EDGE('',*,*,#2394,.T.);
#4078 = ORIENTED_EDGE('',*,*,#4025,.T.);
#4079 = ORIENTED_EDGE('',*,*,#4080,.F.);
#4080 = EDGE_CURVE('',#4052,#4026,#4081,.T.);
#4081 = LINE('',#4082,#4083);
#4082 = CARTESIAN_POINT('',(10.,-68.,11.));
#4083 = VECTOR('',#4084,1.);
#4084 = DIRECTION('',(1.,0.,0.));
#4085 = CYLINDRICAL_SURFACE('',#4086,1.);
#4086 = AXIS2_PLACEMENT_3D('',#4087,#4088,#4089);
#4087 = CARTESIAN_POINT('',(10.,-69.,11.));
#4088 = DIRECTION('',(1.,0.,0.));
#4089 = DIRECTION('',(0.,1.,0.));
#4090 = ADVANCED_FACE('',(#4091),#4110,.F.);
#4091 = FACE_BOUND('',#4092,.F.);
#4092 = EDGE_LOOP('',(#4093,#4101,#4102,#4103));
#4093 = ORIENTED_EDGE('',*,*,#4094,.F.);
#4094 = EDGE_CURVE('',#2927,#4095,#4097,.T.);
#4095 = VERTEX_POINT('',#4096);
#4096 = CARTESIAN_POINT('',(95.,-112.,1.5));
#4097 = LINE('',#4098,#4099);
#4098 = CARTESIAN_POINT('',(95.,-110.,1.5));
#4099 = VECTOR('',#4100,1.);
#4100 = DIRECTION('',(0.,-1.,0.));
#4101 = ORIENTED_EDGE('',*,*,#2926,.T.);
#4102 = ORIENTED_EDGE('',*,*,#2495,.T.);
#4103 = ORIENTED_EDGE('',*,*,#4104,.F.);
#4104 = EDGE_CURVE('',#4095,#2498,#4105,.T.);
#4105 = CIRCLE('',#4106,3.5);
#4106 = AXIS2_PLACEMENT_3D('',#4107,#4108,#4109);
#4107 = CARTESIAN_POINT('',(95.,-112.,5.));
#4108 = DIRECTION('',(0.,-1.,0.));
#4109 = DIRECTION('',(1.,0.,0.));
#4110 = CYLINDRICAL_SURFACE('',#4111,3.5);
#4111 = AXIS2_PLACEMENT_3D('',#4112,#4113,#4114);
#4112 = CARTESIAN_POINT('',(95.,-110.,5.));
#4113 = DIRECTION('',(0.,-1.,2.2E-16));
#4114 = DIRECTION('',(1.,0.,0.));
#4115 = ADVANCED_FACE('',(#4116),#4161,.T.);
#4116 = FACE_BOUND('',#4117,.T.);
#4117 = EDGE_LOOP('',(#4118,#4126,#4134,#4142,#4150,#4156,#4157,#4158,
    #4159,#4160));
#4118 = ORIENTED_EDGE('',*,*,#4119,.F.);
#4119 = EDGE_CURVE('',#4120,#2523,#4122,.T.);
#4120 = VERTEX_POINT('',#4121);
#4121 = CARTESIAN_POINT('',(100.,2.,3.));
#4122 = LINE('',#4123,#4124);
#4123 = CARTESIAN_POINT('',(100.05,2.,3.));
#4124 = VECTOR('',#4125,1.);
#4125 = DIRECTION('',(-1.,0.,0.));
#4126 = ORIENTED_EDGE('',*,*,#4127,.F.);
#4127 = EDGE_CURVE('',#4128,#4120,#4130,.T.);
#4128 = VERTEX_POINT('',#4129);
#4129 = CARTESIAN_POINT('',(97.,2.,-2.E-15));
#4130 = LINE('',#4131,#4132);
#4131 = CARTESIAN_POINT('',(88.214797422662,2.,-8.785202577338));
#4132 = VECTOR('',#4133,1.);
#4133 = DIRECTION('',(0.707106781187,0.,0.707106781187));
#4134 = ORIENTED_EDGE('',*,*,#4135,.T.);
#4135 = EDGE_CURVE('',#4128,#4136,#4138,.T.);
#4136 = VERTEX_POINT('',#4137);
#4137 = CARTESIAN_POINT('',(3.,2.,0.));
#4138 = LINE('',#4139,#4140);
#4139 = CARTESIAN_POINT('',(100.,2.,0.));
#4140 = VECTOR('',#4141,1.);
#4141 = DIRECTION('',(-1.,0.,0.));
#4142 = ORIENTED_EDGE('',*,*,#4143,.T.);
#4143 = EDGE_CURVE('',#4136,#4144,#4146,.T.);
#4144 = VERTEX_POINT('',#4145);
#4145 = CARTESIAN_POINT('',(0.,2.,3.));
#4146 = LINE('',#4147,#4148);
#4147 = CARTESIAN_POINT('',(11.785202577338,2.,-8.785202577338));
#4148 = VECTOR('',#4149,1.);
#4149 = DIRECTION('',(-0.707106781187,0.,0.707106781187));
#4150 = ORIENTED_EDGE('',*,*,#4151,.T.);
#4151 = EDGE_CURVE('',#4144,#2707,#4152,.T.);
#4152 = LINE('',#4153,#4154);
#4153 = CARTESIAN_POINT('',(0.,2.,3.));
#4154 = VECTOR('',#4155,1.);
#4155 = DIRECTION('',(1.,0.,0.));
#4156 = ORIENTED_EDGE('',*,*,#2706,.F.);
#4157 = ORIENTED_EDGE('',*,*,#2628,.T.);
#4158 = ORIENTED_EDGE('',*,*,#2581,.T.);
#4159 = ORIENTED_EDGE('',*,*,#2554,.T.);
#4160 = ORIENTED_EDGE('',*,*,#2522,.T.);
#4161 = PLANE('',#4162);
#4162 = AXIS2_PLACEMENT_3D('',#4163,#4164,#4165);
#4163 = CARTESIAN_POINT('',(50.,2.,8.859189690649));
#4164 = DIRECTION('',(0.,1.,0.));
#4165 = DIRECTION('',(0.,0.,1.));
#4166 = ADVANCED_FACE('',(#4167),#4185,.T.);
#4167 = FACE_BOUND('',#4168,.T.);
#4168 = EDGE_LOOP('',(#4169,#4170,#4171,#4179));
#4169 = ORIENTED_EDGE('',*,*,#4119,.T.);
#4170 = ORIENTED_EDGE('',*,*,#2531,.F.);
#4171 = ORIENTED_EDGE('',*,*,#4172,.F.);
#4172 = EDGE_CURVE('',#4173,#2532,#4175,.T.);
#4173 = VERTEX_POINT('',#4174);
#4174 = CARTESIAN_POINT('',(100.,-112.,3.));
#4175 = LINE('',#4176,#4177);
#4176 = CARTESIAN_POINT('',(100.05,-112.,3.));
#4177 = VECTOR('',#4178,1.);
#4178 = DIRECTION('',(-1.,0.,0.));
#4179 = ORIENTED_EDGE('',*,*,#4180,.F.);
#4180 = EDGE_CURVE('',#4120,#4173,#4181,.T.);
#4181 = LINE('',#4182,#4183);
#4182 = CARTESIAN_POINT('',(100.,-110.,3.));
#4183 = VECTOR('',#4184,1.);
#4184 = DIRECTION('',(0.,-1.,0.));
#4185 = PLANE('',#4186);
#4186 = AXIS2_PLACEMENT_3D('',#4187,#4188,#4189);
#4187 = CARTESIAN_POINT('',(99.125,-55.,3.));
#4188 = DIRECTION('',(0.,0.,1.));
#4189 = DIRECTION('',(1.,0.,0.));
#4190 = ADVANCED_FACE('',(#4191),#4242,.T.);
#4191 = FACE_BOUND('',#4192,.T.);
#4192 = EDGE_LOOP('',(#4193,#4201,#4209,#4217,#4223,#4224,#4225,#4226,
    #4234,#4241));
#4193 = ORIENTED_EDGE('',*,*,#4194,.F.);
#4194 = EDGE_CURVE('',#4195,#2680,#4197,.T.);
#4195 = VERTEX_POINT('',#4196);
#4196 = CARTESIAN_POINT('',(0.,-112.,3.));
#4197 = LINE('',#4198,#4199);
#4198 = CARTESIAN_POINT('',(0.,-112.,3.));
#4199 = VECTOR('',#4200,1.);
#4200 = DIRECTION('',(1.,0.,0.));
#4201 = ORIENTED_EDGE('',*,*,#4202,.F.);
#4202 = EDGE_CURVE('',#4203,#4195,#4205,.T.);
#4203 = VERTEX_POINT('',#4204);
#4204 = CARTESIAN_POINT('',(3.,-112.,0.));
#4205 = LINE('',#4206,#4207);
#4206 = CARTESIAN_POINT('',(11.785202577338,-112.,-8.785202577338));
#4207 = VECTOR('',#4208,1.);
#4208 = DIRECTION('',(-0.707106781187,0.,0.707106781187));
#4209 = ORIENTED_EDGE('',*,*,#4210,.T.);
#4210 = EDGE_CURVE('',#4203,#4211,#4213,.T.);
#4211 = VERTEX_POINT('',#4212);
#4212 = CARTESIAN_POINT('',(97.,-112.,-2.E-15));
#4213 = LINE('',#4214,#4215);
#4214 = CARTESIAN_POINT('',(0.,-112.,0.));
#4215 = VECTOR('',#4216,1.);
#4216 = DIRECTION('',(1.,0.,0.));
#4217 = ORIENTED_EDGE('',*,*,#4218,.T.);
#4218 = EDGE_CURVE('',#4211,#4173,#4219,.T.);
#4219 = LINE('',#4220,#4221);
#4220 = CARTESIAN_POINT('',(88.214797422662,-112.,-8.785202577338));
#4221 = VECTOR('',#4222,1.);
#4222 = DIRECTION('',(0.707106781187,0.,0.707106781187));
#4223 = ORIENTED_EDGE('',*,*,#4172,.T.);
#4224 = ORIENTED_EDGE('',*,*,#2539,.F.);
#4225 = ORIENTED_EDGE('',*,*,#4104,.F.);
#4226 = ORIENTED_EDGE('',*,*,#4227,.F.);
#4227 = EDGE_CURVE('',#4228,#4095,#4230,.T.);
#4228 = VERTEX_POINT('',#4229);
#4229 = CARTESIAN_POINT('',(5.,-112.,1.5));
#4230 = LINE('',#4231,#4232);
#4231 = CARTESIAN_POINT('',(5.,-112.,1.5));
#4232 = VECTOR('',#4233,1.);
#4233 = DIRECTION('',(1.,0.,0.));
#4234 = ORIENTED_EDGE('',*,*,#4235,.F.);
#4235 = EDGE_CURVE('',#2678,#4228,#4236,.T.);
#4236 = CIRCLE('',#4237,3.5);
#4237 = AXIS2_PLACEMENT_3D('',#4238,#4239,#4240);
#4238 = CARTESIAN_POINT('',(5.,-112.,5.));
#4239 = DIRECTION('',(0.,-1.,0.));
#4240 = DIRECTION('',(1.,0.,0.));
#4241 = ORIENTED_EDGE('',*,*,#2677,.T.);
#4242 = PLANE('',#4243);
#4243 = AXIS2_PLACEMENT_3D('',#4244,#4245,#4246);
#4244 = CARTESIAN_POINT('',(50.,-112.,8.859189690649));
#4245 = DIRECTION('',(-0.,-1.,-0.));
#4246 = DIRECTION('',(0.,0.,-1.));
#4247 = ADVANCED_FACE('',(#4248),#4259,.F.);
#4248 = FACE_BOUND('',#4249,.F.);
#4249 = EDGE_LOOP('',(#4250,#4251,#4252,#4258));
#4250 = ORIENTED_EDGE('',*,*,#2688,.F.);
#4251 = ORIENTED_EDGE('',*,*,#2910,.T.);
#4252 = ORIENTED_EDGE('',*,*,#4253,.F.);
#4253 = EDGE_CURVE('',#4228,#2911,#4254,.T.);
#4254 = LINE('',#4255,#4256);
#4255 = CARTESIAN_POINT('',(5.,-110.,1.5));
#4256 = VECTOR('',#4257,1.);
#4257 = DIRECTION('',(0.,1.,-2.2E-16));
#4258 = ORIENTED_EDGE('',*,*,#4235,.F.);
#4259 = CYLINDRICAL_SURFACE('',#4260,3.5);
#4260 = AXIS2_PLACEMENT_3D('',#4261,#4262,#4263);
#4261 = CARTESIAN_POINT('',(5.,-110.,5.));
#4262 = DIRECTION('',(0.,-1.,2.2E-16));
#4263 = DIRECTION('',(1.,0.,0.));
#4264 = ADVANCED_FACE('',(#4265),#4276,.T.);
#4265 = FACE_BOUND('',#4266,.T.);
#4266 = EDGE_LOOP('',(#4267,#4268,#4274,#4275));
#4267 = ORIENTED_EDGE('',*,*,#4151,.F.);
#4268 = ORIENTED_EDGE('',*,*,#4269,.F.);
#4269 = EDGE_CURVE('',#4195,#4144,#4270,.T.);
#4270 = LINE('',#4271,#4272);
#4271 = CARTESIAN_POINT('',(-1.1E-16,-4.4E-16,3.));
#4272 = VECTOR('',#4273,1.);
#4273 = DIRECTION('',(0.,1.,0.));
#4274 = ORIENTED_EDGE('',*,*,#4194,.T.);
#4275 = ORIENTED_EDGE('',*,*,#2715,.F.);
#4276 = PLANE('',#4277);
#4277 = AXIS2_PLACEMENT_3D('',#4278,#4279,#4280);
#4278 = CARTESIAN_POINT('',(0.9,-55.,3.));
#4279 = DIRECTION('',(-6.31E-15,0.,1.));
#4280 = DIRECTION('',(1.,0.,6.31E-15));
#4281 = ADVANCED_FACE('',(#4282),#4285,.T.);
#4282 = FACE_BOUND('',#4283,.T.);
#4283 = EDGE_LOOP('',(#4284));
#4284 = ORIENTED_EDGE('',*,*,#2822,.T.);
#4285 = PLANE('',#4286);
#4286 = AXIS2_PLACEMENT_3D('',#4287,#4288,#4289);
#4287 = CARTESIAN_POINT('',(50.025000001708,-11.6,18.999999997631));
#4288 = DIRECTION('',(-2.1533711E-10,0.,1.));
#4289 = DIRECTION('',(1.,0.,2.1533711E-10));
#4290 = ADVANCED_FACE('',(#4291),#4297,.T.);
#4291 = FACE_BOUND('',#4292,.T.);
#4292 = EDGE_LOOP('',(#4293,#4294,#4295,#4296));
#4293 = ORIENTED_EDGE('',*,*,#4253,.F.);
#4294 = ORIENTED_EDGE('',*,*,#4227,.T.);
#4295 = ORIENTED_EDGE('',*,*,#4094,.F.);
#4296 = ORIENTED_EDGE('',*,*,#2935,.F.);
#4297 = PLANE('',#4298);
#4298 = AXIS2_PLACEMENT_3D('',#4299,#4300,#4301);
#4299 = CARTESIAN_POINT('',(50.,-110.2,1.5));
#4300 = DIRECTION('',(0.,0.,1.));
#4301 = DIRECTION('',(1.,0.,0.));
#4302 = ADVANCED_FACE('',(#4303),#4322,.T.);
#4303 = FACE_BOUND('',#4304,.F.);
#4304 = EDGE_LOOP('',(#4305,#4313,#4320,#4321));
#4305 = ORIENTED_EDGE('',*,*,#4306,.T.);
#4306 = EDGE_CURVE('',#2956,#4307,#4309,.T.);
#4307 = VERTEX_POINT('',#4308);
#4308 = CARTESIAN_POINT('',(91.,-100.5,11.5));
#4309 = LINE('',#4310,#4311);
#4310 = CARTESIAN_POINT('',(91.,-100.5,10.));
#4311 = VECTOR('',#4312,1.);
#4312 = DIRECTION('',(0.,0.,1.));
#4313 = ORIENTED_EDGE('',*,*,#4314,.T.);
#4314 = EDGE_CURVE('',#4307,#4307,#4315,.T.);
#4315 = CIRCLE('',#4316,3.);
#4316 = AXIS2_PLACEMENT_3D('',#4317,#4318,#4319);
#4317 = CARTESIAN_POINT('',(88.,-100.5,11.5));
#4318 = DIRECTION('',(0.,0.,1.));
#4319 = DIRECTION('',(1.,0.,0.));
#4320 = ORIENTED_EDGE('',*,*,#4306,.F.);
#4321 = ORIENTED_EDGE('',*,*,#2966,.F.);
#4322 = CYLINDRICAL_SURFACE('',#4323,3.);
#4323 = AXIS2_PLACEMENT_3D('',#4324,#4325,#4326);
#4324 = CARTESIAN_POINT('',(88.,-100.5,10.));
#4325 = DIRECTION('',(-0.,-0.,-1.));
#4326 = DIRECTION('',(1.,0.,0.));
#4327 = ADVANCED_FACE('',(#4328),#4362,.T.);
#4328 = FACE_BOUND('',#4329,.T.);
#4329 = EDGE_LOOP('',(#4330,#4331,#4339,#4348,#4356));
#4330 = ORIENTED_EDGE('',*,*,#2981,.F.);
#4331 = ORIENTED_EDGE('',*,*,#4332,.F.);
#4332 = EDGE_CURVE('',#4333,#2982,#4335,.T.);
#4333 = VERTEX_POINT('',#4334);
#4334 = CARTESIAN_POINT('',(59.52,-60.,24.961576374961));
#4335 = LINE('',#4336,#4337);
#4336 = CARTESIAN_POINT('',(59.52,-60.,25.));
#4337 = VECTOR('',#4338,1.);
#4338 = DIRECTION('',(0.,-4.7E-16,-1.));
#4339 = ORIENTED_EDGE('',*,*,#4340,.T.);
#4340 = EDGE_CURVE('',#4333,#4341,#4343,.T.);
#4341 = VERTEX_POINT('',#4342);
#4342 = CARTESIAN_POINT('',(88.501376746189,-60.,25.));
#4343 = CIRCLE('',#4344,14.5);
#4344 = AXIS2_PLACEMENT_3D('',#4345,#4346,#4347);
#4345 = CARTESIAN_POINT('',(74.01,-60.,25.5));
#4346 = DIRECTION('',(0.,-1.,0.));
#4347 = DIRECTION('',(1.,0.,0.));
#4348 = ORIENTED_EDGE('',*,*,#4349,.F.);
#4349 = EDGE_CURVE('',#4350,#4341,#4352,.T.);
#4350 = VERTEX_POINT('',#4351);
#4351 = CARTESIAN_POINT('',(92.,-60.,25.));
#4352 = LINE('',#4353,#4354);
#4353 = CARTESIAN_POINT('',(94.,-60.,25.));
#4354 = VECTOR('',#4355,1.);
#4355 = DIRECTION('',(-1.,0.,0.));
#4356 = ORIENTED_EDGE('',*,*,#4357,.T.);
#4357 = EDGE_CURVE('',#4350,#2984,#4358,.T.);
#4358 = LINE('',#4359,#4360);
#4359 = CARTESIAN_POINT('',(92.,-60.,25.));
#4360 = VECTOR('',#4361,1.);
#4361 = DIRECTION('',(0.,0.,-1.));
#4362 = PLANE('',#4363);
#4363 = AXIS2_PLACEMENT_3D('',#4364,#4365,#4366);
#4364 = CARTESIAN_POINT('',(74.01,-60.,15.536847065718));
#4365 = DIRECTION('',(0.,1.,-4.9E-16));
#4366 = DIRECTION('',(0.,4.9E-16,1.));
#4367 = ADVANCED_FACE('',(#4368),#4379,.F.);
#4368 = FACE_BOUND('',#4369,.F.);
#4369 = EDGE_LOOP('',(#4370,#4377,#4378));
#4370 = ORIENTED_EDGE('',*,*,#4371,.T.);
#4371 = EDGE_CURVE('',#2982,#3048,#4372,.T.);
#4372 = CIRCLE('',#4373,0.5);
#4373 = AXIS2_PLACEMENT_3D('',#4374,#4375,#4376);
#4374 = CARTESIAN_POINT('',(59.52,-59.5,11.));
#4375 = DIRECTION('',(-0.,-4.7E-16,-1.));
#4376 = DIRECTION('',(0.,-1.,4.7E-16));
#4377 = ORIENTED_EDGE('',*,*,#3055,.T.);
#4378 = ORIENTED_EDGE('',*,*,#3021,.F.);
#4379 = ( BOUNDED_SURFACE() B_SPLINE_SURFACE(2,12,(
    (#4380,#4381,#4382,#4383,#4384,#4385,#4386,#4387,#4388,#4389,#4390
      ,#4391,#4392)
    ,(#4393,#4394,#4395,#4396,#4397,#4398,#4399,#4400,#4401,#4402,#4403
      ,#4404,#4405)
    ,(#4406,#4407,#4408,#4409,#4410,#4411,#4412,#4413,#4414,#4415,#4416
      ,#4417,#4418
)),.UNSPECIFIED.,.F.,.F.,.F.) B_SPLINE_SURFACE_WITH_KNOTS((3,3),(13,13),
  (0.,1.9100988945),(14.,15.9100988945),.PIECEWISE_BEZIER_KNOTS.) 
GEOMETRIC_REPRESENTATION_ITEM() RATIONAL_B_SPLINE_SURFACE((
    (1.,1.,1.,0.999999999999,1.000000000001,0.999999999998
      ,1.000000000002,0.999999999998,1.000000000001,0.999999999999,1.,1.
      ,1.)
    ,(0.707106781187,0.707106781186,0.707237853734,0.706089742302
      ,0.716055546971,0.721203778582,0.79377095054,0.842106618657
      ,0.903640285587,0.949966188766,0.983401145796,1.,1.)
    ,(1.,1.,1.,0.999999999999,1.000000000001,0.999999999998
      ,1.000000000002,0.999999999998,1.000000000001,0.999999999999,1.,1.
,1.))) REPRESENTATION_ITEM('') SURFACE() );
#4380 = CARTESIAN_POINT('',(59.52,-60.,11.));
#4381 = CARTESIAN_POINT('',(59.52,-60.,10.934550452672));
#4382 = CARTESIAN_POINT('',(59.524718813962,-59.99525589768,
    10.868993528713));
#4383 = CARTESIAN_POINT('',(59.533782348839,-59.98641107505,
    10.797180880077));
#4384 = CARTESIAN_POINT('',(59.54762497513,-59.96815551268,
    10.705158458941));
#4385 = CARTESIAN_POINT('',(59.563540318728,-59.94108053585,
    10.609965103232));
#4386 = CARTESIAN_POINT('',(59.576336367847,-59.89124829768,
    10.445129929029));
#4387 = CARTESIAN_POINT('',(59.632708323275,-59.78622558626,
    10.323169880222));
#4388 = CARTESIAN_POINT('',(59.686618781727,-59.66711681443,
    10.194798985131));
#4389 = CARTESIAN_POINT('',(59.763271714321,-59.51473367044,
    10.100095508892));
#4390 = CARTESIAN_POINT('',(59.845378786121,-59.34915429212,
    10.033182902923));
#4391 = CARTESIAN_POINT('',(59.932733936885,-59.17453212623,
    10.000000000004));
#4392 = CARTESIAN_POINT('',(60.019999999969,-59.00000000003,10.));
#4393 = CARTESIAN_POINT('',(59.02,-60.,11.));
#4394 = CARTESIAN_POINT('',(59.02,-60.,10.869100905343));
#4395 = CARTESIAN_POINT('',(59.034035873616,-59.98596412638,
    10.738204766575));
#4396 = CARTESIAN_POINT('',(59.061951121822,-59.95804887817,
    10.605454366047));
#4397 = CARTESIAN_POINT('',(59.107312468188,-59.9126875318,
    10.477121849621));
#4398 = CARTESIAN_POINT('',(59.172793202765,-59.84720679724,
    10.341760149393));
#4399 = CARTESIAN_POINT('',(59.257443117045,-59.76255688294,
    10.283066047333));
#4400 = CARTESIAN_POINT('',(59.364127988029,-59.65587201198,
    10.171118050929));
#4401 = CARTESIAN_POINT('',(59.485288269192,-59.53471173079,
    10.110671517862));
#4402 = CARTESIAN_POINT('',(59.617549924279,-59.40245007572,
    10.051655073287));
#4403 = CARTESIAN_POINT('',(59.753775343469,-59.26622465653,
    10.01699799604));
#4404 = CARTESIAN_POINT('',(59.889100905328,-59.13089909467,
    10.000000000004));
#4405 = CARTESIAN_POINT('',(60.019999999985,-59.00000000001,10.));
#4406 = CARTESIAN_POINT('',(59.02,-59.5,11.));
#4407 = CARTESIAN_POINT('',(59.02,-59.5,10.934550452672));
#4408 = CARTESIAN_POINT('',(59.024744102316,-59.49528118603,
    10.868993528713));
#4409 = CARTESIAN_POINT('',(59.033588924952,-59.48621765116,
    10.797180880077));
#4410 = CARTESIAN_POINT('',(59.051844487307,-59.47237502486,
    10.705158458941));
#4411 = CARTESIAN_POINT('',(59.078919464151,-59.45645968128,
    10.609965103231));
#4412 = CARTESIAN_POINT('',(59.128751702305,-59.44366363213,
    10.44512992903));
#4413 = CARTESIAN_POINT('',(59.233774413745,-59.38729167673,
    10.323169880221));
#4414 = CARTESIAN_POINT('',(59.35288318556,-59.33338121826,
    10.194798985132));
#4415 = CARTESIAN_POINT('',(59.505266329557,-59.25672828568,
    10.100095508892));
#4416 = CARTESIAN_POINT('',(59.670845707878,-59.17462121387,
    10.033182902923));
#4417 = CARTESIAN_POINT('',(59.84546787377,-59.08726606311,
    10.000000000004));
#4418 = CARTESIAN_POINT('',(60.02,-59.,10.));
#4419 = ADVANCED_FACE('',(#4420),#4431,.T.);
#4420 = FACE_BOUND('',#4421,.T.);
#4421 = EDGE_LOOP('',(#4422,#4429,#4430));
#4422 = ORIENTED_EDGE('',*,*,#4423,.T.);
#4423 = EDGE_CURVE('',#2984,#3097,#4424,.T.);
#4424 = CIRCLE('',#4425,2.);
#4425 = AXIS2_PLACEMENT_3D('',#4426,#4427,#4428);
#4426 = CARTESIAN_POINT('',(92.,-62.,11.));
#4427 = DIRECTION('',(0.,0.,-1.));
#4428 = DIRECTION('',(0.,1.,0.));
#4429 = ORIENTED_EDGE('',*,*,#3136,.T.);
#4430 = ORIENTED_EDGE('',*,*,#2991,.F.);
#4431 = ( BOUNDED_SURFACE() B_SPLINE_SURFACE(2,13,(
    (#4432,#4433,#4434,#4435,#4436,#4437,#4438,#4439,#4440,#4441,#4442
      ,#4443,#4444,#4445,#4446,#4447,#4448,#4449,#4450,#4451,#4452,#4453
      ,#4454,#4455,#4456,#4457)
    ,(#4458,#4459,#4460,#4461,#4462,#4463,#4464,#4465,#4466,#4467,#4468
      ,#4469,#4470,#4471,#4472,#4473,#4474,#4475,#4476,#4477,#4478,#4479
      ,#4480,#4481,#4482,#4483)
    ,(#4484,#4485,#4486,#4487,#4488,#4489,#4490,#4491,#4492,#4493,#4494
      ,#4495,#4496,#4497,#4498,#4499,#4500,#4501,#4502,#4503,#4504,#4505
      ,#4506,#4507,#4508,#4509
)),.UNSPECIFIED.,.F.,.F.,.F.) B_SPLINE_SURFACE_WITH_KNOTS((3,3),(14,12,
    14),(0.,1.910097828278),(14.,14.955048914139,15.910097828278),
.UNSPECIFIED.) GEOMETRIC_REPRESENTATION_ITEM() RATIONAL_B_SPLINE_SURFACE
((
    (1.,1.,0.999999999999,1.000000000001,0.999999999997,1.000000000003
      ,0.999999999997,1.000000000002,0.999999999998,1.000000000001,1.,1.
      ,1.,1.,0.999999999999,1.000000000002,0.999999999995,1.000000000008
      ,0.999999999991,1.000000000009,0.999999999993,1.000000000005
      ,0.999999999998,1.000000000001,1.,1.)
    ,(0.707106781187,0.707106781187,0.72102134867,0.749590666267
      ,0.784918422923,0.834470278865,0.850774697197,0.881864117796
      ,0.897441711629,0.914190198067,0.927080339324,0.938171255291
      ,0.947631759074,0.963919248841,0.970751878336,0.976559729663
      ,0.981536534526,0.985808143357,0.989453241949,0.992520061019
      ,0.995039077883,0.997031711287,0.998515008267,0.999502324065
      ,0.999999994315,1.)
    ,(1.,1.,0.999999999999,1.000000000001,0.999999999997,1.000000000003
      ,0.999999999997,1.000000000002,0.999999999998,1.000000000001,1.,1.
      ,1.,1.,0.999999999999,1.000000000002,0.999999999995,1.000000000008
      ,0.999999999991,1.000000000009,0.999999999993,1.000000000005
,0.999999999998,1.000000000001,1.,1.
  ))) REPRESENTATION_ITEM('') SURFACE() );
#4432 = CARTESIAN_POINT('',(92.,-60.,11.));
#4433 = CARTESIAN_POINT('',(92.,-60.,10.818755186695));
#4434 = CARTESIAN_POINT('',(92.074940812621,-59.96440186901,
    10.637397887419));
#4435 = CARTESIAN_POINT('',(92.226909810332,-59.89318470065,
    10.47827665904));
#4436 = CARTESIAN_POINT('',(92.425941806944,-59.80204177888,
    10.356601294148));
#4437 = CARTESIAN_POINT('',(92.675256595979,-59.71140470127,
    10.298858781143));
#4438 = CARTESIAN_POINT('',(92.833156957587,-59.68488594696,
    10.248033066697));
#4439 = CARTESIAN_POINT('',(93.019461440025,-59.60543246272,
    10.202705115571));
#4440 = CARTESIAN_POINT('',(93.165832120445,-59.58091690187,
    10.179635022338));
#4441 = CARTESIAN_POINT('',(93.305325635425,-59.53157214323,
    10.14986398621));
#4442 = CARTESIAN_POINT('',(93.433008910542,-59.49796919584,
    10.130580569299));
#4443 = CARTESIAN_POINT('',(93.551888423806,-59.46234784871,
    10.111862679312));
#4444 = CARTESIAN_POINT('',(93.664289384087,-59.42902071738,
    10.096016349965));
#4445 = CARTESIAN_POINT('',(93.878790584099,-59.36423409776,
    10.068024282774));
#4446 = CARTESIAN_POINT('',(93.98092165814,-59.33285171599,
    10.055923937533));
#4447 = CARTESIAN_POINT('',(94.079414754795,-59.30207927656,
    10.045345647342));
#4448 = CARTESIAN_POINT('',(94.175356865652,-59.27165097767,
    10.036056103594));
#4449 = CARTESIAN_POINT('',(94.269527226361,-59.24140032208,
    10.027920425511));
#4450 = CARTESIAN_POINT('',(94.362472577157,-59.21122996946,
    10.020867555031));
#4451 = CARTESIAN_POINT('',(94.454570882964,-59.18108732076,
    10.014862943464));
#4452 = CARTESIAN_POINT('',(94.546083512942,-59.15094583411,
    10.009888529921));
#4453 = CARTESIAN_POINT('',(94.637195879599,-59.12079207281,
    10.005930011501));
#4454 = CARTESIAN_POINT('',(94.728046537411,-59.09061848488,
    10.002971405257));
#4455 = CARTESIAN_POINT('',(94.818744740926,-59.06042191463,
    10.000996901919));
#4456 = CARTESIAN_POINT('',(94.909376462429,-59.03020784585,
    10.000000011387));
#4457 = CARTESIAN_POINT('',(95.,-59.,10.));
#4458 = CARTESIAN_POINT('',(94.,-60.,11.));
#4459 = CARTESIAN_POINT('',(94.,-60.,10.939585062232));
#4460 = CARTESIAN_POINT('',(93.988475387398,-60.0115246126,
    10.881677979135));
#4461 = CARTESIAN_POINT('',(93.965467917857,-60.03453208214,
    10.817640881239));
#4462 = CARTESIAN_POINT('',(93.947866127358,-60.05213387264,
    10.748065703179));
#4463 = CARTESIAN_POINT('',(93.922578606119,-60.07742139387,
    10.651872270617));
#4464 = CARTESIAN_POINT('',(93.978244939173,-60.02175506083,
    10.572479342674));
#4465 = CARTESIAN_POINT('',(93.982593742319,-60.01740625767,
    10.516814931295));
#4466 = CARTESIAN_POINT('',(94.034798427578,-59.96520157242,
    10.446902155404));
#4467 = CARTESIAN_POINT('',(94.069621253335,-59.93037874666,
    10.399569017421));
#4468 = CARTESIAN_POINT('',(94.115963519745,-59.88403648025,
    10.349047211848));
#4469 = CARTESIAN_POINT('',(94.162258725522,-59.83774127447,
    10.305875671064));
#4470 = CARTESIAN_POINT('',(94.2109745791,-59.7890254209,10.266007498681
    ));
#4471 = CARTESIAN_POINT('',(94.310865145543,-59.68913485445,
    10.194201284433));
#4472 = CARTESIAN_POINT('',(94.362293424218,-59.63770657578,
    10.161873966107));
#4473 = CARTESIAN_POINT('',(94.41535049038,-59.58464950962,
    10.132601047326));
#4474 = CARTESIAN_POINT('',(94.469836249166,-59.53016375083,
    10.106264021553));
#4475 = CARTESIAN_POINT('',(94.525598660287,-59.47440133971,
    10.082808278604));
#4476 = CARTESIAN_POINT('',(94.582507618814,-59.41749238118,
    10.062220072533));
#4477 = CARTESIAN_POINT('',(94.640434120319,-59.35956587968,
    10.044510348856));
#4478 = CARTESIAN_POINT('',(94.699235151333,-59.30076484866,
    10.02970317057));
#4479 = CARTESIAN_POINT('',(94.758745160504,-59.24125483949,
    10.017827090061));
#4480 = CARTESIAN_POINT('',(94.818775264311,-59.18122473568,
    10.008908271405));
#4481 = CARTESIAN_POINT('',(94.879121583542,-59.12087841645,
    10.002964557165));
#4482 = CARTESIAN_POINT('',(94.939584307943,-59.06041569205,
    10.000000034127));
#4483 = CARTESIAN_POINT('',(94.999999246054,-59.00000075394,10.));
#4484 = CARTESIAN_POINT('',(94.,-62.,11.));
#4485 = CARTESIAN_POINT('',(94.,-62.,10.818755186695));
#4486 = CARTESIAN_POINT('',(94.035598130988,-61.92505918737,
    10.637397887418));
#4487 = CARTESIAN_POINT('',(94.106815299344,-61.77309018966,
    10.478276659041));
#4488 = CARTESIAN_POINT('',(94.197958221113,-61.57405819306,
    10.356601294146));
#4489 = CARTESIAN_POINT('',(94.288595298729,-61.324743404,
    10.298858781146));
#4490 = CARTESIAN_POINT('',(94.315114053026,-61.16684304243,
    10.248033066693));
#4491 = CARTESIAN_POINT('',(94.394567537284,-60.98053855995,
    10.202705115575));
#4492 = CARTESIAN_POINT('',(94.41908309812,-60.83416787956,
    10.179635022336));
#4493 = CARTESIAN_POINT('',(94.468427856769,-60.69467436457,
    10.149863986211));
#4494 = CARTESIAN_POINT('',(94.502030804156,-60.56699108945,
    10.130580569299));
#4495 = CARTESIAN_POINT('',(94.537652151282,-60.44811157619,
    10.111862679312));
#4496 = CARTESIAN_POINT('',(94.570979282613,-60.33571061591,
    10.096016349965));
#4497 = CARTESIAN_POINT('',(94.635765902232,-60.1212094159,
    10.068024282774));
#4498 = CARTESIAN_POINT('',(94.667148284003,-60.01907834185,
    10.055923937533));
#4499 = CARTESIAN_POINT('',(94.697920723435,-59.9205852452,
    10.045345647341));
#4500 = CARTESIAN_POINT('',(94.728349022321,-59.82464313434,
    10.036056103595));
#4501 = CARTESIAN_POINT('',(94.758599677921,-59.73047277364,
    10.02792042551));
#4502 = CARTESIAN_POINT('',(94.78877003053,-59.63752742283,
    10.020867555032));
#4503 = CARTESIAN_POINT('',(94.818912679239,-59.54542911704,
    10.014862943463));
#4504 = CARTESIAN_POINT('',(94.849054165881,-59.45391648705,
    10.009888529922));
#4505 = CARTESIAN_POINT('',(94.879207927188,-59.3628041204,
    10.005930011501));
#4506 = CARTESIAN_POINT('',(94.909381515111,-59.27195346258,
    10.002971405258));
#4507 = CARTESIAN_POINT('',(94.939578085366,-59.18125525907,
    10.000996901919));
#4508 = CARTESIAN_POINT('',(94.969792154143,-59.09062353757,
    10.000000011388));
#4509 = CARTESIAN_POINT('',(95.,-59.,10.));
#4510 = ADVANCED_FACE('',(#4511),#4553,.T.);
#4511 = FACE_BOUND('',#4512,.T.);
#4512 = EDGE_LOOP('',(#4513,#4514,#4522,#4530,#4539,#4547));
#4513 = ORIENTED_EDGE('',*,*,#3045,.F.);
#4514 = ORIENTED_EDGE('',*,*,#4515,.F.);
#4515 = EDGE_CURVE('',#4516,#3046,#4518,.T.);
#4516 = VERTEX_POINT('',#4517);
#4517 = CARTESIAN_POINT('',(59.02,-50.5,25.));
#4518 = LINE('',#4519,#4520);
#4519 = CARTESIAN_POINT('',(59.02,-50.5,25.));
#4520 = VECTOR('',#4521,1.);
#4521 = DIRECTION('',(0.,0.,-1.));
#4522 = ORIENTED_EDGE('',*,*,#4523,.F.);
#4523 = EDGE_CURVE('',#4524,#4516,#4526,.T.);
#4524 = VERTEX_POINT('',#4525);
#4525 = CARTESIAN_POINT('',(59.02,-50.62850140112,25.));
#4526 = LINE('',#4527,#4528);
#4527 = CARTESIAN_POINT('',(59.02,-51.63696565584,25.));
#4528 = VECTOR('',#4529,1.);
#4529 = DIRECTION('',(0.,1.,0.));
#4530 = ORIENTED_EDGE('',*,*,#4531,.T.);
#4531 = EDGE_CURVE('',#4524,#4532,#4534,.T.);
#4532 = VERTEX_POINT('',#4533);
#4533 = CARTESIAN_POINT('',(59.02,-59.37149859887,25.));
#4534 = CIRCLE('',#4535,4.4);
#4535 = AXIS2_PLACEMENT_3D('',#4536,#4537,#4538);
#4536 = CARTESIAN_POINT('',(59.02,-55.,25.5));
#4537 = DIRECTION('',(-1.,0.,-0.));
#4538 = DIRECTION('',(0.,0.989127748282,-0.147058823529));
#4539 = ORIENTED_EDGE('',*,*,#4540,.F.);
#4540 = EDGE_CURVE('',#4541,#4532,#4543,.T.);
#4541 = VERTEX_POINT('',#4542);
#4542 = CARTESIAN_POINT('',(59.02,-59.5,25.));
#4543 = LINE('',#4544,#4545);
#4544 = CARTESIAN_POINT('',(59.02,-60.,25.));
#4545 = VECTOR('',#4546,1.);
#4546 = DIRECTION('',(0.,1.,0.));
#4547 = ORIENTED_EDGE('',*,*,#4548,.T.);
#4548 = EDGE_CURVE('',#4541,#3048,#4549,.T.);
#4549 = LINE('',#4550,#4551);
#4550 = CARTESIAN_POINT('',(59.02,-59.5,25.));
#4551 = VECTOR('',#4552,1.);
#4552 = DIRECTION('',(0.,-4.7E-16,-1.));
#4553 = PLANE('',#4554);
#4554 = AXIS2_PLACEMENT_3D('',#4555,#4556,#4557);
#4555 = CARTESIAN_POINT('',(59.02,-55.,17.571530008441));
#4556 = DIRECTION('',(1.,0.,0.));
#4557 = DIRECTION('',(0.,0.,1.));
#4558 = ADVANCED_FACE('',(#4559),#4570,.F.);
#4559 = FACE_BOUND('',#4560,.F.);
#4560 = EDGE_LOOP('',(#4561,#4568,#4569));
#4561 = ORIENTED_EDGE('',*,*,#4562,.T.);
#4562 = EDGE_CURVE('',#3046,#3176,#4563,.T.);
#4563 = CIRCLE('',#4564,0.5);
#4564 = AXIS2_PLACEMENT_3D('',#4565,#4566,#4567);
#4565 = CARTESIAN_POINT('',(58.52,-50.5,11.));
#4566 = DIRECTION('',(0.,0.,1.));
#4567 = DIRECTION('',(1.,0.,0.));
#4568 = ORIENTED_EDGE('',*,*,#3183,.T.);
#4569 = ORIENTED_EDGE('',*,*,#3072,.F.);
#4570 = ( BOUNDED_SURFACE() B_SPLINE_SURFACE(2,12,(
    (#4571,#4572,#4573,#4574,#4575,#4576,#4577,#4578,#4579,#4580,#4581
      ,#4582,#4583)
    ,(#4584,#4585,#4586,#4587,#4588,#4589,#4590,#4591,#4592,#4593,#4594
      ,#4595,#4596)
    ,(#4597,#4598,#4599,#4600,#4601,#4602,#4603,#4604,#4605,#4606,#4607
      ,#4608,#4609
)),.UNSPECIFIED.,.F.,.F.,.F.) B_SPLINE_SURFACE_WITH_KNOTS((3,3),(13,13),
  (0.,1.910098894519),(14.,15.910098894519),.PIECEWISE_BEZIER_KNOTS.) 
GEOMETRIC_REPRESENTATION_ITEM() RATIONAL_B_SPLINE_SURFACE((
    (1.,1.,1.,1.,1.,1.,0.999999999999,1.000000000001,0.999999999999,1.
      ,1.,1.,1.)
    ,(0.707106781187,0.707106781187,0.733538719268,0.786176417217
      ,0.849533972991,0.865304393982,0.92163548487,0.935062754412
      ,0.966603928781,0.981400625037,0.994110920285,1.,1.)
    ,(1.,1.,1.,1.,1.,1.,0.999999999999,1.000000000001,0.999999999999,1.
,1.,1.,1.))) REPRESENTATION_ITEM('') SURFACE() );
#4571 = CARTESIAN_POINT('',(59.02,-50.5,11.));
#4572 = CARTESIAN_POINT('',(59.02,-50.5,10.803651358013));
#4573 = CARTESIAN_POINT('',(59.061942886474,-50.43930248202,
    10.607634378085));
#4574 = CARTESIAN_POINT('',(59.146700333436,-50.31773153313,
    10.43914803519));
#4575 = CARTESIAN_POINT('',(59.248030091974,-50.1647057354,
    10.348618660245));
#4576 = CARTESIAN_POINT('',(59.306958623104,-50.0671159044,
    10.252147820473));
#4577 = CARTESIAN_POINT('',(59.426013644122,-49.8977051827,
    10.17742906652));
#4578 = CARTESIAN_POINT('',(59.499219199169,-49.77827398908,
    10.122378835617));
#4579 = CARTESIAN_POINT('',(59.609102816005,-49.61831662995,
    10.070242035044));
#4580 = CARTESIAN_POINT('',(59.705940112464,-49.47065724628,
    10.03640653875));
#4581 = CARTESIAN_POINT('',(59.810706929728,-49.31401506168,
    10.011879535992));
#4582 = CARTESIAN_POINT('',(59.915280724273,-49.15707891359,10.));
#4583 = CARTESIAN_POINT('',(60.02,-49.,10.));
#4584 = CARTESIAN_POINT('',(59.02,-50.,11.));
#4585 = CARTESIAN_POINT('',(59.02,-50.,10.869100905342));
#4586 = CARTESIAN_POINT('',(59.033625896383,-49.98637410361,
    10.747252006333));
#4587 = CARTESIAN_POINT('',(59.057311672418,-49.96268832758,
    10.632463505034));
#4588 = CARTESIAN_POINT('',(59.102175781863,-49.91782421813,
    10.489933690789));
#4589 = CARTESIAN_POINT('',(59.199778588854,-49.82022141114,
    10.371295724126));
#4590 = CARTESIAN_POINT('',(59.265901423911,-49.75409857609,
    10.280515405831));
#4591 = CARTESIAN_POINT('',(59.390850096381,-49.62914990361,
    10.177165764658));
#4592 = CARTESIAN_POINT('',(59.496531633983,-49.52346836601,
    10.113324741059));
#4593 = CARTESIAN_POINT('',(59.62688807967,-49.39311192033,
    10.05386000915));
#4594 = CARTESIAN_POINT('',(59.756459100632,-49.26354089936,
    10.018198914468));
#4595 = CARTESIAN_POINT('',(59.889100905342,-49.13089909465,10.));
#4596 = CARTESIAN_POINT('',(60.02,-49.,10.));
#4597 = CARTESIAN_POINT('',(58.52,-50.,11.));
#4598 = CARTESIAN_POINT('',(58.52,-50.,10.803651358013));
#4599 = CARTESIAN_POINT('',(58.580697517972,-49.95805711352,
    10.607634378086));
#4600 = CARTESIAN_POINT('',(58.702268466869,-49.87329966656,
    10.439148035189));
#4601 = CARTESIAN_POINT('',(58.855294264599,-49.77196990802,
    10.348618660246));
#4602 = CARTESIAN_POINT('',(58.952884095597,-49.71304137689,
    10.252147820472));
#4603 = CARTESIAN_POINT('',(59.122294817299,-49.59398635587,
    10.177429066521));
#4604 = CARTESIAN_POINT('',(59.241726010921,-49.52078080083,
    10.122378835616));
#4605 = CARTESIAN_POINT('',(59.401683370047,-49.41089718399,
    10.070242035045));
#4606 = CARTESIAN_POINT('',(59.549342753716,-49.31405988753,
    10.03640653875));
#4607 = CARTESIAN_POINT('',(59.70598493832,-49.20929307027,
    10.011879535992));
#4608 = CARTESIAN_POINT('',(59.86292108641,-49.10471927572,10.));
#4609 = CARTESIAN_POINT('',(60.02,-49.,10.));
#4610 = ADVANCED_FACE('',(#4611),#4668,.T.);
#4611 = FACE_BOUND('',#4612,.T.);
#4612 = EDGE_LOOP('',(#4613,#4623,#4631,#4639,#4645,#4646,#4654,#4662));
#4613 = ORIENTED_EDGE('',*,*,#4614,.F.);
#4614 = EDGE_CURVE('',#4615,#4617,#4619,.T.);
#4615 = VERTEX_POINT('',#4616);
#4616 = CARTESIAN_POINT('',(94.,-79.,34.));
#4617 = VERTEX_POINT('',#4618);
#4618 = CARTESIAN_POINT('',(94.,-71.,34.));
#4619 = LINE('',#4620,#4621);
#4620 = CARTESIAN_POINT('',(94.,-79.5,34.));
#4621 = VECTOR('',#4622,1.);
#4622 = DIRECTION('',(0.,1.,0.));
#4623 = ORIENTED_EDGE('',*,*,#4624,.F.);
#4624 = EDGE_CURVE('',#4625,#4615,#4627,.T.);
#4625 = VERTEX_POINT('',#4626);
#4626 = CARTESIAN_POINT('',(94.,-79.,25.));
#4627 = LINE('',#4628,#4629);
#4628 = CARTESIAN_POINT('',(94.,-79.,25.));
#4629 = VECTOR('',#4630,1.);
#4630 = DIRECTION('',(0.,0.,1.));
#4631 = ORIENTED_EDGE('',*,*,#4632,.F.);
#4632 = EDGE_CURVE('',#4633,#4625,#4635,.T.);
#4633 = VERTEX_POINT('',#4634);
#4634 = CARTESIAN_POINT('',(94.,-88.,25.));
#4635 = LINE('',#4636,#4637);
#4636 = CARTESIAN_POINT('',(94.,-67.5,25.));
#4637 = VECTOR('',#4638,1.);
#4638 = DIRECTION('',(0.,1.,-2.2E-16));
#4639 = ORIENTED_EDGE('',*,*,#4640,.T.);
#4640 = EDGE_CURVE('',#4633,#3099,#4641,.T.);
#4641 = LINE('',#4642,#4643);
#4642 = CARTESIAN_POINT('',(94.,-88.,25.));
#4643 = VECTOR('',#4644,1.);
#4644 = DIRECTION('',(0.,0.,-1.));
#4645 = ORIENTED_EDGE('',*,*,#3096,.F.);
#4646 = ORIENTED_EDGE('',*,*,#4647,.F.);
#4647 = EDGE_CURVE('',#4648,#3097,#4650,.T.);
#4648 = VERTEX_POINT('',#4649);
#4649 = CARTESIAN_POINT('',(94.,-62.,25.));
#4650 = LINE('',#4651,#4652);
#4651 = CARTESIAN_POINT('',(94.,-62.,25.));
#4652 = VECTOR('',#4653,1.);
#4653 = DIRECTION('',(0.,0.,-1.));
#4654 = ORIENTED_EDGE('',*,*,#4655,.T.);
#4655 = EDGE_CURVE('',#4648,#4656,#4658,.T.);
#4656 = VERTEX_POINT('',#4657);
#4657 = CARTESIAN_POINT('',(94.,-71.,25.));
#4658 = LINE('',#4659,#4660);
#4659 = CARTESIAN_POINT('',(94.,-67.5,25.));
#4660 = VECTOR('',#4661,1.);
#4661 = DIRECTION('',(0.,-1.,2.2E-16));
#4662 = ORIENTED_EDGE('',*,*,#4663,.T.);
#4663 = EDGE_CURVE('',#4656,#4617,#4664,.T.);
#4664 = LINE('',#4665,#4666);
#4665 = CARTESIAN_POINT('',(94.,-71.,25.));
#4666 = VECTOR('',#4667,1.);
#4667 = DIRECTION('',(0.,0.,1.));
#4668 = PLANE('',#4669);
#4669 = AXIS2_PLACEMENT_3D('',#4670,#4671,#4672);
#4670 = CARTESIAN_POINT('',(94.,-75.,20.590909090909));
#4671 = DIRECTION('',(1.,0.,0.));
#4672 = DIRECTION('',(0.,0.,1.));
#4673 = ADVANCED_FACE('',(#4674),#4685,.T.);
#4674 = FACE_BOUND('',#4675,.T.);
#4675 = EDGE_LOOP('',(#4676,#4683,#4684));
#4676 = ORIENTED_EDGE('',*,*,#4677,.T.);
#4677 = EDGE_CURVE('',#3099,#3227,#4678,.T.);
#4678 = CIRCLE('',#4679,2.);
#4679 = AXIS2_PLACEMENT_3D('',#4680,#4681,#4682);
#4680 = CARTESIAN_POINT('',(92.,-88.,11.));
#4681 = DIRECTION('',(0.,0.,-1.));
#4682 = DIRECTION('',(1.,0.,0.));
#4683 = ORIENTED_EDGE('',*,*,#3234,.T.);
#4684 = ORIENTED_EDGE('',*,*,#3106,.F.);
#4685 = ( BOUNDED_SURFACE() B_SPLINE_SURFACE(2,13,(
    (#4686,#4687,#4688,#4689,#4690,#4691,#4692,#4693,#4694,#4695,#4696
      ,#4697,#4698,#4699,#4700,#4701,#4702,#4703,#4704,#4705,#4706,#4707
      ,#4708,#4709,#4710,#4711)
    ,(#4712,#4713,#4714,#4715,#4716,#4717,#4718,#4719,#4720,#4721,#4722
      ,#4723,#4724,#4725,#4726,#4727,#4728,#4729,#4730,#4731,#4732,#4733
      ,#4734,#4735,#4736,#4737)
    ,(#4738,#4739,#4740,#4741,#4742,#4743,#4744,#4745,#4746,#4747,#4748
      ,#4749,#4750,#4751,#4752,#4753,#4754,#4755,#4756,#4757,#4758,#4759
      ,#4760,#4761,#4762,#4763
)),.UNSPECIFIED.,.F.,.F.,.F.) B_SPLINE_SURFACE_WITH_KNOTS((3,3),(14,12,
    14),(0.,1.910097940844),(14.,14.955048970422,15.910097940844),
.UNSPECIFIED.) GEOMETRIC_REPRESENTATION_ITEM() RATIONAL_B_SPLINE_SURFACE
((
    (1.,1.,1.000000000001,0.999999999998,1.000000000004,0.999999999993
      ,1.000000000008,0.999999999992,1.000000000006,0.999999999996
      ,1.000000000002,0.999999999999,1.,1.,1.,1.000000000001
      ,0.999999999999,1.000000000002,0.999999999999,1.000000000001,1.,1.
      ,1.,1.,1.,1.)
    ,(0.707106781187,0.707106781186,0.721021350079,0.749590670626
      ,0.784918430023,0.83447029156,0.850774701931,0.881864129076
      ,0.897441717738,0.914190205824,0.927080345811,0.938171261483
      ,0.947631764827,0.963919253817,0.97075188296,0.976559733951
      ,0.981536538499,0.985808146989,0.989453245263,0.992520063945
      ,0.99503908044,0.997031713402,0.998515009927,0.999502325216
      ,0.999999994917,1.)
    ,(1.,1.,1.000000000001,0.999999999998,1.000000000004,0.999999999993
      ,1.000000000008,0.999999999992,1.000000000006,0.999999999996
      ,1.000000000002,0.999999999999,1.,1.,1.,1.000000000001
      ,0.999999999999,1.000000000002,0.999999999999,1.000000000001,1.,1.
,1.,1.,1.,1.))) REPRESENTATION_ITEM('') SURFACE() );
#4686 = CARTESIAN_POINT('',(94.,-88.,11.));
#4687 = CARTESIAN_POINT('',(94.,-88.,10.818755177511));
#4688 = CARTESIAN_POINT('',(94.035598134649,-88.07494082019,
    10.637397868998));
#4689 = CARTESIAN_POINT('',(94.106815309794,-88.22690983357,
    10.478276635137));
#4690 = CARTESIAN_POINT('',(94.197958240919,-88.42594184677,
    10.356601268478));
#4691 = CARTESIAN_POINT('',(94.288595318648,-88.67525666031,
    10.298858768808));
#4692 = CARTESIAN_POINT('',(94.315114065969,-88.83315700374,
    10.248033047575));
#4693 = CARTESIAN_POINT('',(94.394567559776,-89.01946150823,
    10.202705103755));
#4694 = CARTESIAN_POINT('',(94.419083112931,-89.165832178,
    10.179635009355));
#4695 = CARTESIAN_POINT('',(94.468427876239,-89.30532570011,
    10.149863974878));
#4696 = CARTESIAN_POINT('',(94.502030822509,-89.43300897479,
    10.130580558558));
#4697 = CARTESIAN_POINT('',(94.537652170765,-89.55188849018,
    10.111862669147));
#4698 = CARTESIAN_POINT('',(94.570979302932,-89.66428945242,
    10.096016340293));
#4699 = CARTESIAN_POINT('',(94.635765924591,-89.87879065706,
    10.068024274006));
#4700 = CARTESIAN_POINT('',(94.667148307105,-89.98092173415,
    10.055923929193));
#4701 = CARTESIAN_POINT('',(94.697920747806,-90.07941483377,
    10.045345639419));
#4702 = CARTESIAN_POINT('',(94.728349048468,-90.17535694748,
    10.036056096109));
#4703 = CARTESIAN_POINT('',(94.758599705949,-90.26952731127,
    10.027920418519));
#4704 = CARTESIAN_POINT('',(94.788770060203,-90.3624726657,
    10.020867548604));
#4705 = CARTESIAN_POINT('',(94.8189127101,-90.45457097578,
    10.014862937696));
#4706 = CARTESIAN_POINT('',(94.849054197669,-90.54608361051,
    10.009888524897));
#4707 = CARTESIAN_POINT('',(94.879207959979,-90.63719598195,
    10.005930007308));
#4708 = CARTESIAN_POINT('',(94.909381549495,-90.72804664407,
    10.002971401965));
#4709 = CARTESIAN_POINT('',(94.939578122151,-90.81874485116,
    10.000996899602));
#4710 = CARTESIAN_POINT('',(94.969792193728,-90.90937657591,
    10.000000010145));
#4711 = CARTESIAN_POINT('',(95.,-91.,10.));
#4712 = CARTESIAN_POINT('',(94.,-90.,11.));
#4713 = CARTESIAN_POINT('',(94.,-90.,10.93958505917));
#4714 = CARTESIAN_POINT('',(93.988475386221,-89.98847538622,
    10.88167797344));
#4715 = CARTESIAN_POINT('',(93.965467914704,-89.9654679147,
    10.817640871468));
#4716 = CARTESIAN_POINT('',(93.947866123237,-89.94786612324,
    10.748065691084));
#4717 = CARTESIAN_POINT('',(93.922578601631,-89.92257860162,
    10.651872244766));
#4718 = CARTESIAN_POINT('',(93.978244953363,-89.97824495337,
    10.572479323569));
#4719 = CARTESIAN_POINT('',(93.982593746525,-89.98259374651,
    10.516814907138));
#4720 = CARTESIAN_POINT('',(94.034798446087,-90.03479844609,
    10.44690213182));
#4721 = CARTESIAN_POINT('',(94.069621270329,-90.06962127032,
    10.399568993643));
#4722 = CARTESIAN_POINT('',(94.11596354229,-90.11596354229,
    10.349047187706));
#4723 = CARTESIAN_POINT('',(94.162258751196,-90.16225875119,
    10.305875646983));
#4724 = CARTESIAN_POINT('',(94.210974608401,-90.2109746084,
    10.266007474722));
#4725 = CARTESIAN_POINT('',(94.310865182023,-90.31086518202,
    10.194201261057));
#4726 = CARTESIAN_POINT('',(94.362293463889,-90.36229346474,
    10.161873943188));
#4727 = CARTESIAN_POINT('',(94.415350533733,-90.41535053457,
    10.13260102507));
#4728 = CARTESIAN_POINT('',(94.469836296683,-90.46983629666,
    10.106264000187));
#4729 = CARTESIAN_POINT('',(94.525598712063,-90.52559871109,
    10.082808258393));
#4730 = CARTESIAN_POINT('',(94.582507674555,-90.58250767327,
    10.062220053752));
#4731 = CARTESIAN_POINT('',(94.640434179552,-90.64043417889,
    10.044510331817));
#4732 = CARTESIAN_POINT('',(94.699235213696,-90.69923521429,
    10.029703155579));
#4733 = CARTESIAN_POINT('',(94.758745226019,-90.75874522768,
    10.017827077446));
#4734 = CARTESIAN_POINT('',(94.818775333428,-90.81877533502,
    10.00890826148));
#4735 = CARTESIAN_POINT('',(94.879121656936,-90.87912165681,
    10.002964550245));
#4736 = CARTESIAN_POINT('',(94.939584385831,-90.93958438319,
    10.000000030516));
#4737 = CARTESIAN_POINT('',(94.999999326968,-90.99999932433,10.));
#4738 = CARTESIAN_POINT('',(92.,-90.,11.));
#4739 = CARTESIAN_POINT('',(92.,-90.,10.818755177511));
#4740 = CARTESIAN_POINT('',(92.074940820195,-90.03559813464,
    10.637397868998));
#4741 = CARTESIAN_POINT('',(92.22690983358,-90.10681530979,
    10.478276635137));
#4742 = CARTESIAN_POINT('',(92.425941846769,-90.19795824092,
    10.356601268477));
#4743 = CARTESIAN_POINT('',(92.675256660316,-90.28859531864,
    10.29885876881));
#4744 = CARTESIAN_POINT('',(92.833157003743,-90.31511406597,
    10.248033047573));
#4745 = CARTESIAN_POINT('',(93.01946150823,-90.39456755976,
    10.202705103756));
#4746 = CARTESIAN_POINT('',(93.165832178003,-90.41908311293,
    10.179635009354));
#4747 = CARTESIAN_POINT('',(93.305325700116,-90.46842787623,
    10.149863974878));
#4748 = CARTESIAN_POINT('',(93.433008974792,-90.50203082251,
    10.130580558558));
#4749 = CARTESIAN_POINT('',(93.551888490186,-90.53765217076,
    10.111862669147));
#4750 = CARTESIAN_POINT('',(93.664289452421,-90.57097930293,
    10.096016340293));
#4751 = CARTESIAN_POINT('',(93.878790657067,-90.63576592459,
    10.068024274006));
#4752 = CARTESIAN_POINT('',(93.980921733332,-90.66714830793,
    10.05592392917));
#4753 = CARTESIAN_POINT('',(94.079414832954,-90.69792074862,
    10.045345639398));
#4754 = CARTESIAN_POINT('',(94.175356947506,-90.72834904845,
    10.036056096112));
#4755 = CARTESIAN_POINT('',(94.269527312226,-90.75859970499,
    10.027920418548));
#4756 = CARTESIAN_POINT('',(94.362472666974,-90.78877005893,
    10.020867548637));
#4757 = CARTESIAN_POINT('',(94.45457097644,-90.81891270944,
    10.01486293771));
#4758 = CARTESIAN_POINT('',(94.546083609929,-90.84905419826,
    10.009888524873));
#4759 = CARTESIAN_POINT('',(94.637195980294,-90.87920796163,
    10.005930007261));
#4760 = CARTESIAN_POINT('',(94.728046642485,-90.90938155108,
    10.00297140193));
#4761 = CARTESIAN_POINT('',(94.818744851281,-90.93957812203,
    10.000996899626));
#4762 = CARTESIAN_POINT('',(94.909376578548,-90.96979219109,
    10.000000010225));
#4763 = CARTESIAN_POINT('',(94.999998651301,-91.,10.));
#4764 = ADVANCED_FACE('',(#4765),#4790,.T.);
#4765 = FACE_BOUND('',#4766,.T.);
#4766 = EDGE_LOOP('',(#4767,#4768,#4776,#4784));
#4767 = ORIENTED_EDGE('',*,*,#3173,.F.);
#4768 = ORIENTED_EDGE('',*,*,#4769,.F.);
#4769 = EDGE_CURVE('',#4770,#3174,#4772,.T.);
#4770 = VERTEX_POINT('',#4771);
#4771 = CARTESIAN_POINT('',(54.52,-50.,24.5));
#4772 = LINE('',#4773,#4774);
#4773 = CARTESIAN_POINT('',(54.52,-50.,25.));
#4774 = VECTOR('',#4775,1.);
#4775 = DIRECTION('',(0.,0.,-1.));
#4776 = ORIENTED_EDGE('',*,*,#4777,.T.);
#4777 = EDGE_CURVE('',#4770,#4778,#4780,.T.);
#4778 = VERTEX_POINT('',#4779);
#4779 = CARTESIAN_POINT('',(58.52,-50.,24.5));
#4780 = LINE('',#4781,#4782);
#4781 = CARTESIAN_POINT('',(54.02,-50.,24.5));
#4782 = VECTOR('',#4783,1.);
#4783 = DIRECTION('',(1.,0.,0.));
#4784 = ORIENTED_EDGE('',*,*,#4785,.T.);
#4785 = EDGE_CURVE('',#4778,#3176,#4786,.T.);
#4786 = LINE('',#4787,#4788);
#4787 = CARTESIAN_POINT('',(58.52,-50.,25.));
#4788 = VECTOR('',#4789,1.);
#4789 = DIRECTION('',(0.,0.,-1.));
#4790 = PLANE('',#4791);
#4791 = AXIS2_PLACEMENT_3D('',#4792,#4793,#4794);
#4792 = CARTESIAN_POINT('',(54.02,-50.,25.));
#4793 = DIRECTION('',(0.,1.,0.));
#4794 = DIRECTION('',(0.,0.,-1.));
#4795 = ADVANCED_FACE('',(#4796),#4807,.T.);
#4796 = FACE_BOUND('',#4797,.T.);
#4797 = EDGE_LOOP('',(#4798,#4805,#4806));
#4798 = ORIENTED_EDGE('',*,*,#4799,.T.);
#4799 = EDGE_CURVE('',#3302,#3174,#4800,.T.);
#4800 = CIRCLE('',#4801,0.5);
#4801 = AXIS2_PLACEMENT_3D('',#4802,#4803,#4804);
#4802 = CARTESIAN_POINT('',(54.52,-50.5,11.));
#4803 = DIRECTION('',(0.,0.,-1.));
#4804 = DIRECTION('',(-1.,-0.,-0.));
#4805 = ORIENTED_EDGE('',*,*,#3200,.T.);
#4806 = ORIENTED_EDGE('',*,*,#3341,.F.);
#4807 = ( BOUNDED_SURFACE() B_SPLINE_SURFACE(2,12,(
    (#4808,#4809,#4810,#4811,#4812,#4813,#4814,#4815,#4816,#4817,#4818
      ,#4819,#4820)
    ,(#4821,#4822,#4823,#4824,#4825,#4826,#4827,#4828,#4829,#4830,#4831
      ,#4832,#4833)
    ,(#4834,#4835,#4836,#4837,#4838,#4839,#4840,#4841,#4842,#4843,#4844
      ,#4845,#4846
)),.UNSPECIFIED.,.F.,.F.,.F.) B_SPLINE_SURFACE_WITH_KNOTS((3,3),(13,13),
  (0.,1.91009889446),(14.,15.91009889446),.PIECEWISE_BEZIER_KNOTS.) 
GEOMETRIC_REPRESENTATION_ITEM() RATIONAL_B_SPLINE_SURFACE((
    (1.,1.,1.,0.999999999999,1.000000000001,0.999999999999,1.,1.,1.,1.
      ,1.,1.,1.)
    ,(0.707106781187,0.707106781187,0.733538719265,0.786176417219
      ,0.84953397296,0.865304394029,0.921635484788,0.935062754483
      ,0.966603928717,0.981400625062,0.994110920271,1.,1.)
    ,(1.,1.,1.,0.999999999999,1.000000000001,0.999999999999,1.,1.,1.,1.
,1.,1.,1.))) REPRESENTATION_ITEM('') SURFACE() );
#4808 = CARTESIAN_POINT('',(54.02,-50.5,11.));
#4809 = CARTESIAN_POINT('',(54.02,-50.5,10.803651358019));
#4810 = CARTESIAN_POINT('',(53.978057113529,-50.43930248203,
    10.607634378097));
#4811 = CARTESIAN_POINT('',(53.893299666572,-50.31773153314,
    10.439148035206));
#4812 = CARTESIAN_POINT('',(53.791969908036,-50.16470573541,
    10.348618660255));
#4813 = CARTESIAN_POINT('',(53.733041376909,-50.06711590442,
    10.25214782049));
#4814 = CARTESIAN_POINT('',(53.613986355894,-49.89770518271,
    10.17742906653));
#4815 = CARTESIAN_POINT('',(53.540780800852,-49.77827398911,
    10.122378835632));
#4816 = CARTESIAN_POINT('',(53.430897184018,-49.61831662998,
    10.070242035055));
#4817 = CARTESIAN_POINT('',(53.334059887564,-49.47065724632,
    10.03640653876));
#4818 = CARTESIAN_POINT('',(53.229293070304,-49.31401506172,
    10.011879535999));
#4819 = CARTESIAN_POINT('',(53.124719275762,-49.15707891364,
    10.000000000004));
#4820 = CARTESIAN_POINT('',(53.020000000037,-49.00000000003,10.));
#4821 = CARTESIAN_POINT('',(54.02,-50.,11.));
#4822 = CARTESIAN_POINT('',(54.02,-50.,10.869100905346));
#4823 = CARTESIAN_POINT('',(54.006374103619,-49.98637410361,
    10.747252006343));
#4824 = CARTESIAN_POINT('',(53.982688327575,-49.96268832757,
    10.632463505028));
#4825 = CARTESIAN_POINT('',(53.937824218167,-49.91782421816,
    10.48993369085));
#4826 = CARTESIAN_POINT('',(53.840221411114,-49.82022141112,
    10.37129572406));
#4827 = CARTESIAN_POINT('',(53.774098576159,-49.75409857615,
    10.280515405953));
#4828 = CARTESIAN_POINT('',(53.649149903595,-49.6291499036,
    10.177165764579));
#4829 = CARTESIAN_POINT('',(53.543468366073,-49.52346836606,
    10.113324741144));
#4830 = CARTESIAN_POINT('',(53.413111920353,-49.39311192035,
    10.053860009132));
#4831 = CARTESIAN_POINT('',(53.283540899411,-49.26354089941,
    10.01819891449));
#4832 = CARTESIAN_POINT('',(53.150899094702,-49.1308990947,
    10.000000000004));
#4833 = CARTESIAN_POINT('',(53.020000000048,-49.00000000004,10.));
#4834 = CARTESIAN_POINT('',(54.52,-50.,11.));
#4835 = CARTESIAN_POINT('',(54.52,-50.,10.803651358019));
#4836 = CARTESIAN_POINT('',(54.459302482031,-49.95805711352,
    10.607634378097));
#4837 = CARTESIAN_POINT('',(54.337731533143,-49.87329966657,
    10.439148035205));
#4838 = CARTESIAN_POINT('',(54.184705735417,-49.77196990803,
    10.348618660256));
#4839 = CARTESIAN_POINT('',(54.087115904423,-49.71304137691,
    10.252147820489));
#4840 = CARTESIAN_POINT('',(53.917705182724,-49.59398635588,
    10.177429066531));
#4841 = CARTESIAN_POINT('',(53.798273989112,-49.52078080086,
    10.122378835631));
#4842 = CARTESIAN_POINT('',(53.638316629987,-49.41089718401,
    10.070242035056));
#4843 = CARTESIAN_POINT('',(53.490657246326,-49.31405988756,
    10.03640653876));
#4844 = CARTESIAN_POINT('',(53.334015061728,-49.2092930703,
    10.011879535999));
#4845 = CARTESIAN_POINT('',(53.177078913643,-49.10471927576,
    10.000000000004));
#4846 = CARTESIAN_POINT('',(53.020000000059,-49.00000000005,10.));
#4847 = ADVANCED_FACE('',(#4848),#4890,.F.);
#4848 = FACE_BOUND('',#4849,.F.);
#4849 = EDGE_LOOP('',(#4850,#4851,#4859,#4867,#4876,#4884));
#4850 = ORIENTED_EDGE('',*,*,#3224,.F.);
#4851 = ORIENTED_EDGE('',*,*,#4852,.T.);
#4852 = EDGE_CURVE('',#3225,#4853,#4855,.T.);
#4853 = VERTEX_POINT('',#4854);
#4854 = CARTESIAN_POINT('',(56.02,-90.,25.));
#4855 = LINE('',#4856,#4857);
#4856 = CARTESIAN_POINT('',(56.02,-90.,11.));
#4857 = VECTOR('',#4858,1.);
#4858 = DIRECTION('',(0.,0.,1.));
#4859 = ORIENTED_EDGE('',*,*,#4860,.T.);
#4860 = EDGE_CURVE('',#4853,#4861,#4863,.T.);
#4861 = VERTEX_POINT('',#4862);
#4862 = CARTESIAN_POINT('',(59.518623253811,-90.,25.));
#4863 = LINE('',#4864,#4865);
#4864 = CARTESIAN_POINT('',(54.02,-90.,25.));
#4865 = VECTOR('',#4866,1.);
#4866 = DIRECTION('',(1.,0.,0.));
#4867 = ORIENTED_EDGE('',*,*,#4868,.T.);
#4868 = EDGE_CURVE('',#4861,#4869,#4871,.T.);
#4869 = VERTEX_POINT('',#4870);
#4870 = CARTESIAN_POINT('',(88.501376746189,-90.,25.));
#4871 = CIRCLE('',#4872,14.5);
#4872 = AXIS2_PLACEMENT_3D('',#4873,#4874,#4875);
#4873 = CARTESIAN_POINT('',(74.01,-90.,25.5));
#4874 = DIRECTION('',(0.,-1.,0.));
#4875 = DIRECTION('',(1.,0.,0.));
#4876 = ORIENTED_EDGE('',*,*,#4877,.F.);
#4877 = EDGE_CURVE('',#4878,#4869,#4880,.T.);
#4878 = VERTEX_POINT('',#4879);
#4879 = CARTESIAN_POINT('',(92.,-90.,25.));
#4880 = LINE('',#4881,#4882);
#4881 = CARTESIAN_POINT('',(94.,-90.,25.));
#4882 = VECTOR('',#4883,1.);
#4883 = DIRECTION('',(-1.,0.,0.));
#4884 = ORIENTED_EDGE('',*,*,#4885,.T.);
#4885 = EDGE_CURVE('',#4878,#3227,#4886,.T.);
#4886 = LINE('',#4887,#4888);
#4887 = CARTESIAN_POINT('',(92.,-90.,25.));
#4888 = VECTOR('',#4889,1.);
#4889 = DIRECTION('',(0.,0.,-1.));
#4890 = PLANE('',#4891);
#4891 = AXIS2_PLACEMENT_3D('',#4892,#4893,#4894);
#4892 = CARTESIAN_POINT('',(74.01,-90.,15.536847065718));
#4893 = DIRECTION('',(0.,1.,-4.9E-16));
#4894 = DIRECTION('',(0.,4.9E-16,1.));
#4895 = ADVANCED_FACE('',(#4896),#4906,.T.);
#4896 = FACE_BOUND('',#4897,.T.);
#4897 = EDGE_LOOP('',(#4898,#4899,#4905));
#4898 = ORIENTED_EDGE('',*,*,#3264,.T.);
#4899 = ORIENTED_EDGE('',*,*,#4900,.F.);
#4900 = EDGE_CURVE('',#3304,#3225,#4901,.T.);
#4901 = ( BOUNDED_CURVE() B_SPLINE_CURVE(2,(#4902,#4903,#4904),
.UNSPECIFIED.,.F.,.F.) B_SPLINE_CURVE_WITH_KNOTS((3,3),(0.,
1.910098894519),.PIECEWISE_BEZIER_KNOTS.) CURVE() 
GEOMETRIC_REPRESENTATION_ITEM() RATIONAL_B_SPLINE_CURVE((1.,
0.707106781187,1.)) REPRESENTATION_ITEM('') );
#4902 = CARTESIAN_POINT('',(54.02,-88.,11.));
#4903 = CARTESIAN_POINT('',(54.02,-90.,11.));
#4904 = CARTESIAN_POINT('',(56.02,-90.,11.));
#4905 = ORIENTED_EDGE('',*,*,#3311,.F.);
#4906 = ( BOUNDED_SURFACE() B_SPLINE_SURFACE(2,13,(
    (#4907,#4908,#4909,#4910,#4911,#4912,#4913,#4914,#4915,#4916,#4917
      ,#4918,#4919,#4920,#4921,#4922,#4923,#4924,#4925,#4926,#4927,#4928
      ,#4929,#4930,#4931,#4932)
    ,(#4933,#4934,#4935,#4936,#4937,#4938,#4939,#4940,#4941,#4942,#4943
      ,#4944,#4945,#4946,#4947,#4948,#4949,#4950,#4951,#4952,#4953,#4954
      ,#4955,#4956,#4957,#4958)
    ,(#4959,#4960,#4961,#4962,#4963,#4964,#4965,#4966,#4967,#4968,#4969
      ,#4970,#4971,#4972,#4973,#4974,#4975,#4976,#4977,#4978,#4979,#4980
      ,#4981,#4982,#4983,#4984
)),.UNSPECIFIED.,.F.,.F.,.F.) B_SPLINE_SURFACE_WITH_KNOTS((3,3),(14,12,
    14),(0.,1.910098894519),(0.,0.955049447259,1.910098894519),
.UNSPECIFIED.) GEOMETRIC_REPRESENTATION_ITEM() RATIONAL_B_SPLINE_SURFACE
((
    (1.,1.,1.,1.,0.999999999999,1.000000000001,0.999999999999
      ,1.000000000001,0.999999999999,1.000000000001,0.999999999999,1.,1.
      ,1.,0.999999999999,1.000000000002,0.999999999996,1.000000000006
      ,0.999999999993,1.000000000007,0.999999999994,1.000000000004
      ,0.999999999998,1.000000000001,1.,1.)
    ,(1.,1.,0.999502334972,0.998515023973,0.997031731379,0.995039102022
      ,0.992520088837,0.989453273224,0.985808177831,0.981536572115
      ,0.976559770309,0.970751922135,0.963919295985,0.947631813559
      ,0.938171313943,0.927080400753,0.91419027157,0.89744176944
      ,0.881864224716,0.85077474196,0.834470399186,0.784918490125
      ,0.749590707581,0.721021362003,0.707106781186,0.707106781187)
    ,(1.,1.,1.,1.,0.999999999999,1.000000000001,0.999999999999
      ,1.000000000001,0.999999999999,1.000000000001,0.999999999999,1.,1.
      ,1.,0.999999999999,1.000000000002,0.999999999996,1.000000000006
      ,0.999999999993,1.000000000007,0.999999999994,1.000000000004
,0.999999999998,1.000000000001,1.,1.
  ))) REPRESENTATION_ITEM('') SURFACE() );
#4907 = CARTESIAN_POINT('',(53.02,-91.,10.));
#4908 = CARTESIAN_POINT('',(53.050207483383,-90.90937754985,10.));
#4909 = CARTESIAN_POINT('',(53.080421566753,-90.81874578566,
    10.000996880086));
#4910 = CARTESIAN_POINT('',(53.110618151678,-90.72804754022,
    10.002971373911));
#4911 = CARTESIAN_POINT('',(53.140791754312,-90.63719684127,
    10.005929971548));
#4912 = CARTESIAN_POINT('',(53.170945530279,-90.54608443439,
    10.009888482231));
#4913 = CARTESIAN_POINT('',(53.201087031475,-90.45457176531,
    10.014862888874));
#4914 = CARTESIAN_POINT('',(53.231229694482,-90.36247342185,
    10.020867494321));
#4915 = CARTESIAN_POINT('',(53.261400061058,-90.26952803521,
    10.027920359403));
#4916 = CARTESIAN_POINT('',(53.291650730119,-90.17535764088,
    10.036056032717));
#4917 = CARTESIAN_POINT('',(53.322079041828,-90.07941549901,
    10.045345572194));
#4918 = CARTESIAN_POINT('',(53.352851493251,-89.98092237428,
    10.055923858422));
#4919 = CARTESIAN_POINT('',(53.384233885977,-89.87879127525,
    10.06802419973));
#4920 = CARTESIAN_POINT('',(53.449020524929,-89.66429003135,
    10.096016258347));
#4921 = CARTESIAN_POINT('',(53.482347664181,-89.55188905256,
    10.111862583027));
#4922 = CARTESIAN_POINT('',(53.517969021993,-89.43300951916,
    10.130580467549));
#4923 = CARTESIAN_POINT('',(53.551571958832,-89.30532624809,
    10.149863878879));
#4924 = CARTESIAN_POINT('',(53.600916761562,-89.16583266583,
    10.17963489935));
#4925 = CARTESIAN_POINT('',(53.625432249685,-89.01946208578,
    10.202705003644));
#4926 = CARTESIAN_POINT('',(53.704885824361,-88.83315739508,
    10.248032885576));
#4927 = CARTESIAN_POINT('',(53.731404512594,-88.67525720517,
    10.298858664303));
#4928 = CARTESIAN_POINT('',(53.822041591279,-88.42594218426,
    10.356601051007));
#4929 = CARTESIAN_POINT('',(53.913184601672,-88.22691003051,
    10.478276432615));
#4930 = CARTESIAN_POINT('',(53.984401834331,-88.07494088436,
    10.637397712941));
#4931 = CARTESIAN_POINT('',(54.02,-88.,10.818755099704));
#4932 = CARTESIAN_POINT('',(54.02,-88.,11.));
#4933 = CARTESIAN_POINT('',(53.02,-91.,10.));
#4934 = CARTESIAN_POINT('',(53.080414966765,-90.93958503323,10.));
#4935 = CARTESIAN_POINT('',(53.140877721821,-90.87912227817,
    10.002964491638));
#4936 = CARTESIAN_POINT('',(53.201224073444,-90.81877592655,
    10.008908177367));
#4937 = CARTESIAN_POINT('',(53.261254211058,-90.75874578894,
    10.017826970513));
#4938 = CARTESIAN_POINT('',(53.320764255127,-90.69923574487,
    10.029703028572));
#4939 = CARTESIAN_POINT('',(53.379565321759,-90.64043467824,
    10.044510187446));
#4940 = CARTESIAN_POINT('',(53.437491859276,-90.58250814072,
    10.062219894693));
#4941 = CARTESIAN_POINT('',(53.494400853865,-90.52559914613,
    10.082808087169));
#4942 = CARTESIAN_POINT('',(53.550163300824,-90.46983669917,
    10.106263819195));
#4943 = CARTESIAN_POINT('',(53.604649094996,-90.415350905,
    10.132600836487));
#4944 = CARTESIAN_POINT('',(53.657706195973,-90.36229380402,
    10.161873748995));
#4945 = CARTESIAN_POINT('',(53.709134508911,-90.31086549108,
    10.194201063007));
#4946 = CARTESIAN_POINT('',(53.809025143355,-90.21097485664,
    10.266007271736));
#4947 = CARTESIAN_POINT('',(53.857741031297,-90.1622589687,
    10.305875442965));
#4948 = CARTESIAN_POINT('',(53.904036266691,-90.1159637333,
    10.349046983164));
#4949 = CARTESIAN_POINT('',(53.950378585739,-90.06962141426,
    10.399568792211));
#4950 = CARTESIAN_POINT('',(53.985201396984,-90.03479860301,
    10.446901931988));
#4951 = CARTESIAN_POINT('',(54.037406218028,-89.98259378197,
    10.516814702506));
#4952 = CARTESIAN_POINT('',(54.041754926203,-89.97824507379,
    10.572479161679));
#4953 = CARTESIAN_POINT('',(54.09742143655,-89.92257856345,
    10.651872025764));
#4954 = CARTESIAN_POINT('',(54.072133911582,-89.94786608841,
    10.748065588609));
#4955 = CARTESIAN_POINT('',(54.054532112048,-89.96546788795,
    10.817640788684));
#4956 = CARTESIAN_POINT('',(54.031524623741,-89.98847537625,
    10.881677925197));
#4957 = CARTESIAN_POINT('',(54.02,-90.,10.939585033235));
#4958 = CARTESIAN_POINT('',(54.02,-90.,11.));
#4959 = CARTESIAN_POINT('',(53.02,-91.,10.));
#4960 = CARTESIAN_POINT('',(53.110622450148,-90.96979251661,10.));
#4961 = CARTESIAN_POINT('',(53.201254214336,-90.93957843324,
    10.000996880086));
#4962 = CARTESIAN_POINT('',(53.291952459777,-90.90938184832,
    10.002971373911));
#4963 = CARTESIAN_POINT('',(53.382803158725,-90.87920824568,
    10.005929971548));
#4964 = CARTESIAN_POINT('',(53.473915565611,-90.84905446972,
    10.009888482231));
#4965 = CARTESIAN_POINT('',(53.565428234684,-90.81891296852,
    10.014862888874));
#4966 = CARTESIAN_POINT('',(53.657526578147,-90.78877030551,
    10.020867494321));
#4967 = CARTESIAN_POINT('',(53.750471964787,-90.75859993894,
    10.027920359404));
#4968 = CARTESIAN_POINT('',(53.844642359116,-90.72834926988,
    10.036056032717));
#4969 = CARTESIAN_POINT('',(53.940584500984,-90.69792095817,
    10.045345572194));
#4970 = CARTESIAN_POINT('',(54.03907762572,-90.66714850674,
    10.055923858422));
#4971 = CARTESIAN_POINT('',(54.141208724744,-90.63576611402,
    10.06802419973));
#4972 = CARTESIAN_POINT('',(54.355709968646,-90.57097947507,
    10.096016258347));
#4973 = CARTESIAN_POINT('',(54.468110947439,-90.53765233581,
    10.111862583027));
#4974 = CARTESIAN_POINT('',(54.586990480832,-90.502030978,
    10.130580467548));
#4975 = CARTESIAN_POINT('',(54.714673751903,-90.46842804117,
    10.14986387888));
#4976 = CARTESIAN_POINT('',(54.854167334172,-90.41908323843,
    10.179634899347));
#4977 = CARTESIAN_POINT('',(55.000537914202,-90.39456775032,
    10.20270500365));
#4978 = CARTESIAN_POINT('',(55.186842604923,-90.31511417563,
    10.24803288557));
#4979 = CARTESIAN_POINT('',(55.344742794825,-90.28859548741,
    10.298858664308));
#4980 = CARTESIAN_POINT('',(55.594057815732,-90.19795840871,
    10.356601051004));
#4981 = CARTESIAN_POINT('',(55.793089969485,-90.10681539832,
    10.478276432616));
#4982 = CARTESIAN_POINT('',(55.945059115636,-90.03559816566,
    10.637397712941));
#4983 = CARTESIAN_POINT('',(56.02,-90.,10.818755099704));
#4984 = CARTESIAN_POINT('',(56.02,-90.,11.));
#4985 = ADVANCED_FACE('',(#4986),#5060,.T.);
#4986 = FACE_BOUND('',#4987,.T.);
#4987 = EDGE_LOOP('',(#4988,#4998,#5006,#5014,#5023,#5031,#5037,#5038,
    #5046,#5054));
#4988 = ORIENTED_EDGE('',*,*,#4989,.F.);
#4989 = EDGE_CURVE('',#4990,#4992,#4994,.T.);
#4990 = VERTEX_POINT('',#4991);
#4991 = CARTESIAN_POINT('',(54.02,-71.,34.));
#4992 = VERTEX_POINT('',#4993);
#4993 = CARTESIAN_POINT('',(54.02,-79.,34.));
#4994 = LINE('',#4995,#4996);
#4995 = CARTESIAN_POINT('',(54.02,-70.5,34.));
#4996 = VECTOR('',#4997,1.);
#4997 = DIRECTION('',(0.,-1.,0.));
#4998 = ORIENTED_EDGE('',*,*,#4999,.F.);
#4999 = EDGE_CURVE('',#5000,#4990,#5002,.T.);
#5000 = VERTEX_POINT('',#5001);
#5001 = CARTESIAN_POINT('',(54.02,-71.,25.));
#5002 = LINE('',#5003,#5004);
#5003 = CARTESIAN_POINT('',(54.02,-71.,25.));
#5004 = VECTOR('',#5005,1.);
#5005 = DIRECTION('',(0.,0.,1.));
#5006 = ORIENTED_EDGE('',*,*,#5007,.T.);
#5007 = EDGE_CURVE('',#5000,#5008,#5010,.T.);
#5008 = VERTEX_POINT('',#5009);
#5009 = CARTESIAN_POINT('',(54.02,-59.37149859887,25.));
#5010 = LINE('',#5011,#5012);
#5011 = CARTESIAN_POINT('',(54.02,-60.,25.));
#5012 = VECTOR('',#5013,1.);
#5013 = DIRECTION('',(0.,1.,0.));
#5014 = ORIENTED_EDGE('',*,*,#5015,.F.);
#5015 = EDGE_CURVE('',#5016,#5008,#5018,.T.);
#5016 = VERTEX_POINT('',#5017);
#5017 = CARTESIAN_POINT('',(54.02,-50.62850140112,25.));
#5018 = CIRCLE('',#5019,4.4);
#5019 = AXIS2_PLACEMENT_3D('',#5020,#5021,#5022);
#5020 = CARTESIAN_POINT('',(54.02,-55.,25.5));
#5021 = DIRECTION('',(-1.,0.,-0.));
#5022 = DIRECTION('',(0.,0.989127748282,-0.147058823529));
#5023 = ORIENTED_EDGE('',*,*,#5024,.T.);
#5024 = EDGE_CURVE('',#5016,#5025,#5027,.T.);
#5025 = VERTEX_POINT('',#5026);
#5026 = CARTESIAN_POINT('',(54.02,-50.5,25.));
#5027 = LINE('',#5028,#5029);
#5028 = CARTESIAN_POINT('',(54.02,-51.63696565584,25.));
#5029 = VECTOR('',#5030,1.);
#5030 = DIRECTION('',(0.,1.,0.));
#5031 = ORIENTED_EDGE('',*,*,#5032,.T.);
#5032 = EDGE_CURVE('',#5025,#3302,#5033,.T.);
#5033 = LINE('',#5034,#5035);
#5034 = CARTESIAN_POINT('',(54.02,-50.5,25.));
#5035 = VECTOR('',#5036,1.);
#5036 = DIRECTION('',(0.,0.,-1.));
#5037 = ORIENTED_EDGE('',*,*,#3301,.T.);
#5038 = ORIENTED_EDGE('',*,*,#5039,.T.);
#5039 = EDGE_CURVE('',#3304,#5040,#5042,.T.);
#5040 = VERTEX_POINT('',#5041);
#5041 = CARTESIAN_POINT('',(54.02,-88.,25.));
#5042 = LINE('',#5043,#5044);
#5043 = CARTESIAN_POINT('',(54.02,-88.,11.));
#5044 = VECTOR('',#5045,1.);
#5045 = DIRECTION('',(0.,0.,1.));
#5046 = ORIENTED_EDGE('',*,*,#5047,.T.);
#5047 = EDGE_CURVE('',#5040,#5048,#5050,.T.);
#5048 = VERTEX_POINT('',#5049);
#5049 = CARTESIAN_POINT('',(54.02,-79.,25.));
#5050 = LINE('',#5051,#5052);
#5051 = CARTESIAN_POINT('',(54.02,-65.23043702441,25.));
#5052 = VECTOR('',#5053,1.);
#5053 = DIRECTION('',(0.,1.,-2.2E-16));
#5054 = ORIENTED_EDGE('',*,*,#5055,.T.);
#5055 = EDGE_CURVE('',#5048,#4992,#5056,.T.);
#5056 = LINE('',#5057,#5058);
#5057 = CARTESIAN_POINT('',(54.02,-79.,25.));
#5058 = VECTOR('',#5059,1.);
#5059 = DIRECTION('',(0.,0.,1.));
#5060 = PLANE('',#5061);
#5061 = AXIS2_PLACEMENT_3D('',#5062,#5063,#5064);
#5062 = CARTESIAN_POINT('',(54.02,-70.46087404883,20.092614818444));
#5063 = DIRECTION('',(-1.,-0.,-0.));
#5064 = DIRECTION('',(0.,0.,-1.));
#5065 = ADVANCED_FACE('',(#5066),#5085,.T.);
#5066 = FACE_BOUND('',#5067,.F.);
#5067 = EDGE_LOOP('',(#5068,#5076,#5083,#5084));
#5068 = ORIENTED_EDGE('',*,*,#5069,.T.);
#5069 = EDGE_CURVE('',#3366,#5070,#5072,.T.);
#5070 = VERTEX_POINT('',#5071);
#5071 = CARTESIAN_POINT('',(56.,-104.,11.5));
#5072 = LINE('',#5073,#5074);
#5073 = CARTESIAN_POINT('',(56.,-104.,10.));
#5074 = VECTOR('',#5075,1.);
#5075 = DIRECTION('',(0.,0.,1.));
#5076 = ORIENTED_EDGE('',*,*,#5077,.T.);
#5077 = EDGE_CURVE('',#5070,#5070,#5078,.T.);
#5078 = CIRCLE('',#5079,3.);
#5079 = AXIS2_PLACEMENT_3D('',#5080,#5081,#5082);
#5080 = CARTESIAN_POINT('',(53.,-104.,11.5));
#5081 = DIRECTION('',(0.,0.,1.));
#5082 = DIRECTION('',(1.,0.,0.));
#5083 = ORIENTED_EDGE('',*,*,#5069,.F.);
#5084 = ORIENTED_EDGE('',*,*,#3376,.F.);
#5085 = CYLINDRICAL_SURFACE('',#5086,3.);
#5086 = AXIS2_PLACEMENT_3D('',#5087,#5088,#5089);
#5087 = CARTESIAN_POINT('',(53.,-104.,10.));
#5088 = DIRECTION('',(-0.,-0.,-1.));
#5089 = DIRECTION('',(1.,0.,0.));
#5090 = ADVANCED_FACE('',(#5091),#5116,.F.);
#5091 = FACE_BOUND('',#5092,.F.);
#5092 = EDGE_LOOP('',(#5093,#5094,#5102,#5110));
#5093 = ORIENTED_EDGE('',*,*,#3391,.F.);
#5094 = ORIENTED_EDGE('',*,*,#5095,.T.);
#5095 = EDGE_CURVE('',#3392,#5096,#5098,.T.);
#5096 = VERTEX_POINT('',#5097);
#5097 = CARTESIAN_POINT('',(81.,-9.8,19.));
#5098 = LINE('',#5099,#5100);
#5099 = CARTESIAN_POINT('',(81.,-9.8,11.));
#5100 = VECTOR('',#5101,1.);
#5101 = DIRECTION('',(0.,0.,1.));
#5102 = ORIENTED_EDGE('',*,*,#5103,.F.);
#5103 = EDGE_CURVE('',#5104,#5096,#5106,.T.);
#5104 = VERTEX_POINT('',#5105);
#5105 = CARTESIAN_POINT('',(81.,-10.8,19.));
#5106 = LINE('',#5107,#5108);
#5107 = CARTESIAN_POINT('',(81.,-11.3,19.));
#5108 = VECTOR('',#5109,1.);
#5109 = DIRECTION('',(0.,1.,0.));
#5110 = ORIENTED_EDGE('',*,*,#5111,.T.);
#5111 = EDGE_CURVE('',#5104,#3394,#5112,.T.);
#5112 = LINE('',#5113,#5114);
#5113 = CARTESIAN_POINT('',(81.,-10.8,19.));
#5114 = VECTOR('',#5115,1.);
#5115 = DIRECTION('',(-0.,-0.,-1.));
#5116 = PLANE('',#5117);
#5117 = AXIS2_PLACEMENT_3D('',#5118,#5119,#5120);
#5118 = CARTESIAN_POINT('',(81.,-11.3,20.));
#5119 = DIRECTION('',(1.,0.,0.));
#5120 = DIRECTION('',(0.,1.,0.));
#5121 = ADVANCED_FACE('',(#5122),#5134,.T.);
#5122 = FACE_BOUND('',#5123,.T.);
#5123 = EDGE_LOOP('',(#5124,#5125,#5126,#5133));
#5124 = ORIENTED_EDGE('',*,*,#3450,.F.);
#5125 = ORIENTED_EDGE('',*,*,#3418,.T.);
#5126 = ORIENTED_EDGE('',*,*,#5127,.T.);
#5127 = EDGE_CURVE('',#3392,#3779,#5128,.T.);
#5128 = CIRCLE('',#5129,0.5);
#5129 = AXIS2_PLACEMENT_3D('',#5130,#5131,#5132);
#5130 = CARTESIAN_POINT('',(81.5,-9.8,11.));
#5131 = DIRECTION('',(-6.E-17,-2.5E-16,-1.));
#5132 = DIRECTION('',(1.,0.,-6.E-17));
#5133 = ORIENTED_EDGE('',*,*,#3778,.F.);
#5134 = TOROIDAL_SURFACE('',#5135,1.5,0.5);
#5135 = AXIS2_PLACEMENT_3D('',#5136,#5137,#5138);
#5136 = CARTESIAN_POINT('',(80.,-9.8,11.));
#5137 = DIRECTION('',(0.,-1.,2.5E-16));
#5138 = DIRECTION('',(-0.,-2.5E-16,-1.));
#5139 = ADVANCED_FACE('',(#5140),#5151,.T.);
#5140 = FACE_BOUND('',#5141,.T.);
#5141 = EDGE_LOOP('',(#5142,#5149,#5150));
#5142 = ORIENTED_EDGE('',*,*,#5143,.T.);
#5143 = EDGE_CURVE('',#3467,#3394,#5144,.T.);
#5144 = CIRCLE('',#5145,0.5);
#5145 = AXIS2_PLACEMENT_3D('',#5146,#5147,#5148);
#5146 = CARTESIAN_POINT('',(80.5,-10.8,11.));
#5147 = DIRECTION('',(-0.,0.,1.));
#5148 = DIRECTION('',(0.,-1.,0.));
#5149 = ORIENTED_EDGE('',*,*,#3401,.T.);
#5150 = ORIENTED_EDGE('',*,*,#3493,.F.);
#5151 = ( BOUNDED_SURFACE() B_SPLINE_SURFACE(2,12,(
    (#5152,#5153,#5154,#5155,#5156,#5157,#5158,#5159,#5160,#5161,#5162
      ,#5163,#5164)
    ,(#5165,#5166,#5167,#5168,#5169,#5170,#5171,#5172,#5173,#5174,#5175
      ,#5176,#5177)
    ,(#5178,#5179,#5180,#5181,#5182,#5183,#5184,#5185,#5186,#5187,#5188
      ,#5189,#5190
)),.UNSPECIFIED.,.F.,.F.,.F.) B_SPLINE_SURFACE_WITH_KNOTS((3,3),(13,13),
  (0.,1.910098894519),(9.910098894519,11.820197789037),
.PIECEWISE_BEZIER_KNOTS.) GEOMETRIC_REPRESENTATION_ITEM() 
RATIONAL_B_SPLINE_SURFACE((
    (1.,1.,1.,1.000000000001,0.999999999999,1.000000000002
      ,0.999999999998,1.000000000001,0.999999999999,1.,1.,1.,1.)
    ,(0.707106781187,0.707106781187,0.707237853735,0.706089742297
      ,0.716055546991,0.721203778539,0.793770950608,0.842106618594
      ,0.903640285642,0.949966188744,0.983401145808,1.,1.)
    ,(1.,1.,1.,1.000000000001,0.999999999999,1.000000000002
      ,0.999999999998,1.000000000001,0.999999999999,1.,1.,1.,1.
))) REPRESENTATION_ITEM('') SURFACE() );
#5152 = CARTESIAN_POINT('',(80.5,-11.3,11.));
#5153 = CARTESIAN_POINT('',(80.5,-11.3,10.934550452671));
#5154 = CARTESIAN_POINT('',(80.495281186038,-11.29525589768,
    10.868993528712));
#5155 = CARTESIAN_POINT('',(80.486217651162,-11.28641107504,
    10.797180880075));
#5156 = CARTESIAN_POINT('',(80.472375024865,-11.26815551268,
    10.705158458937));
#5157 = CARTESIAN_POINT('',(80.45645968128,-11.24108053585,
    10.609965103229));
#5158 = CARTESIAN_POINT('',(80.443663632139,-11.19124829768,
    10.445129929017));
#5159 = CARTESIAN_POINT('',(80.387291676735,-11.08622558625,
    10.323169880216));
#5160 = CARTESIAN_POINT('',(80.33338121826,-10.96711681442,
    10.19479898512));
#5161 = CARTESIAN_POINT('',(80.256728285676,-10.81473367043,
    10.100095508884));
#5162 = CARTESIAN_POINT('',(80.17462121387,-10.6491542921,
    10.033182902916));
#5163 = CARTESIAN_POINT('',(80.087266063106,-10.47453212621,10.));
#5164 = CARTESIAN_POINT('',(80.,-10.3,10.));
#5165 = CARTESIAN_POINT('',(81.,-11.3,11.));
#5166 = CARTESIAN_POINT('',(81.,-11.3,10.869100905342));
#5167 = CARTESIAN_POINT('',(80.985964126383,-11.28596412638,
    10.738204766573));
#5168 = CARTESIAN_POINT('',(80.958048878185,-11.25804887818,
    10.605454366039));
#5169 = CARTESIAN_POINT('',(80.912687531785,-11.21268753178,
    10.477121849631));
#5170 = CARTESIAN_POINT('',(80.847206797284,-11.14720679729,
    10.341760149348));
#5171 = CARTESIAN_POINT('',(80.762556882884,-11.06255688287,
    10.283066047387));
#5172 = CARTESIAN_POINT('',(80.655872012021,-10.95587201202,
    10.171118050857));
#5173 = CARTESIAN_POINT('',(80.534711730765,-10.83471173076,
    10.110671517906));
#5174 = CARTESIAN_POINT('',(80.402450075723,-10.70245007572,
    10.051655073256));
#5175 = CARTESIAN_POINT('',(80.266224656514,-10.56622465651,
    10.016997996046));
#5176 = CARTESIAN_POINT('',(80.130899094658,-10.43089909465,10.));
#5177 = CARTESIAN_POINT('',(80.,-10.3,10.));
#5178 = CARTESIAN_POINT('',(81.,-10.8,11.));
#5179 = CARTESIAN_POINT('',(81.,-10.8,10.934550452671));
#5180 = CARTESIAN_POINT('',(80.995255897684,-10.79528118603,
    10.868993528712));
#5181 = CARTESIAN_POINT('',(80.986411075049,-10.78621765116,
    10.797180880075));
#5182 = CARTESIAN_POINT('',(80.968155512688,-10.77237502486,
    10.705158458936));
#5183 = CARTESIAN_POINT('',(80.941080535854,-10.75645968127,
    10.60996510323));
#5184 = CARTESIAN_POINT('',(80.891248297683,-10.74366363214,
    10.445129929015));
#5185 = CARTESIAN_POINT('',(80.786225586256,-10.68729167672,
    10.323169880217));
#5186 = CARTESIAN_POINT('',(80.667116814425,-10.63338121826,
    10.194798985119));
#5187 = CARTESIAN_POINT('',(80.514733670433,-10.55672828567,
    10.100095508885));
#5188 = CARTESIAN_POINT('',(80.349154292105,-10.47462121387,
    10.033182902916));
#5189 = CARTESIAN_POINT('',(80.174532126211,-10.3872660631,10.));
#5190 = CARTESIAN_POINT('',(80.,-10.3,10.));
#5191 = ADVANCED_FACE('',(#5192),#5217,.F.);
#5192 = FACE_BOUND('',#5193,.F.);
#5193 = EDGE_LOOP('',(#5194,#5195,#5203,#5211));
#5194 = ORIENTED_EDGE('',*,*,#3466,.F.);
#5195 = ORIENTED_EDGE('',*,*,#5196,.F.);
#5196 = EDGE_CURVE('',#5197,#3467,#5199,.T.);
#5197 = VERTEX_POINT('',#5198);
#5198 = CARTESIAN_POINT('',(80.5,-11.3,19.));
#5199 = LINE('',#5200,#5201);
#5200 = CARTESIAN_POINT('',(80.5,-11.3,19.));
#5201 = VECTOR('',#5202,1.);
#5202 = DIRECTION('',(-0.,-0.,-1.));
#5203 = ORIENTED_EDGE('',*,*,#5204,.F.);
#5204 = EDGE_CURVE('',#5205,#5197,#5207,.T.);
#5205 = VERTEX_POINT('',#5206);
#5206 = CARTESIAN_POINT('',(74.5,-11.3,19.));
#5207 = LINE('',#5208,#5209);
#5208 = CARTESIAN_POINT('',(74.,-11.3,19.));
#5209 = VECTOR('',#5210,1.);
#5210 = DIRECTION('',(1.,0.,0.));
#5211 = ORIENTED_EDGE('',*,*,#5212,.T.);
#5212 = EDGE_CURVE('',#5205,#3469,#5213,.T.);
#5213 = LINE('',#5214,#5215);
#5214 = CARTESIAN_POINT('',(74.5,-11.3,19.));
#5215 = VECTOR('',#5216,1.);
#5216 = DIRECTION('',(-0.,-0.,-1.));
#5217 = PLANE('',#5218);
#5218 = AXIS2_PLACEMENT_3D('',#5219,#5220,#5221);
#5219 = CARTESIAN_POINT('',(74.,-11.3,20.));
#5220 = DIRECTION('',(0.,-1.,0.));
#5221 = DIRECTION('',(1.,0.,0.));
#5222 = ADVANCED_FACE('',(#5223),#5234,.T.);
#5223 = FACE_BOUND('',#5224,.T.);
#5224 = EDGE_LOOP('',(#5225,#5232,#5233));
#5225 = ORIENTED_EDGE('',*,*,#5226,.T.);
#5226 = EDGE_CURVE('',#3543,#3469,#5227,.T.);
#5227 = CIRCLE('',#5228,0.5);
#5228 = AXIS2_PLACEMENT_3D('',#5229,#5230,#5231);
#5229 = CARTESIAN_POINT('',(74.5,-11.8,11.));
#5230 = DIRECTION('',(0.,0.,-1.));
#5231 = DIRECTION('',(-1.,0.,0.));
#5232 = ORIENTED_EDGE('',*,*,#3476,.T.);
#5233 = ORIENTED_EDGE('',*,*,#3552,.F.);
#5234 = ( BOUNDED_SURFACE() B_SPLINE_SURFACE(2,12,(
    (#5235,#5236,#5237,#5238,#5239,#5240,#5241,#5242,#5243,#5244,#5245
      ,#5246,#5247)
    ,(#5248,#5249,#5250,#5251,#5252,#5253,#5254,#5255,#5256,#5257,#5258
      ,#5259,#5260)
    ,(#5261,#5262,#5263,#5264,#5265,#5266,#5267,#5268,#5269,#5270,#5271
      ,#5272,#5273
)),.UNSPECIFIED.,.F.,.F.,.F.) B_SPLINE_SURFACE_WITH_KNOTS((3,3),(13,13),
  (0.,1.910098894519),(9.910098894519,11.820197789037),
.PIECEWISE_BEZIER_KNOTS.) GEOMETRIC_REPRESENTATION_ITEM() 
RATIONAL_B_SPLINE_SURFACE((
    (1.,1.,1.,1.,1.,1.,1.,1.,1.,1.,1.,1.,1.)
    ,(0.707106781187,0.707106781187,0.733538719268,0.786176417217
      ,0.849533972993,0.865304393979,0.921635484873,0.935062754409
      ,0.966603928782,0.981400625036,0.994110920286,1.,1.)
,(1.,1.,1.,1.,1.,1.,1.,1.,1.,1.,1.,1.,1.
))) REPRESENTATION_ITEM('') SURFACE() );
#5235 = CARTESIAN_POINT('',(74.,-11.8,11.));
#5236 = CARTESIAN_POINT('',(74.,-11.8,10.803651358013));
#5237 = CARTESIAN_POINT('',(73.958057113526,-11.73930248202,
    10.607634378085));
#5238 = CARTESIAN_POINT('',(73.873299666565,-11.61773153313,
    10.43914803519));
#5239 = CARTESIAN_POINT('',(73.771969908025,-11.46470573539,
    10.348618660244));
#5240 = CARTESIAN_POINT('',(73.713041376898,-11.3671159044,
    10.252147820475));
#5241 = CARTESIAN_POINT('',(73.593986355876,-11.19770518269,
    10.177429066518));
#5242 = CARTESIAN_POINT('',(73.520780800833,-11.07827398908,
    10.122378835618));
#5243 = CARTESIAN_POINT('',(73.410897183994,-10.91831662995,
    10.070242035044));
#5244 = CARTESIAN_POINT('',(73.314059887536,-10.77065724628,
    10.03640653875));
#5245 = CARTESIAN_POINT('',(73.209293070272,-10.61401506168,
    10.011879535992));
#5246 = CARTESIAN_POINT('',(73.104719275727,-10.45707891359,10.));
#5247 = CARTESIAN_POINT('',(73.,-10.3,10.));
#5248 = CARTESIAN_POINT('',(74.,-11.3,11.));
#5249 = CARTESIAN_POINT('',(74.,-11.3,10.869100905342));
#5250 = CARTESIAN_POINT('',(73.986374103616,-11.28637410361,
    10.747252006332));
#5251 = CARTESIAN_POINT('',(73.962688327583,-11.26268832758,
    10.632463505035));
#5252 = CARTESIAN_POINT('',(73.917824218134,-11.21782421813,
    10.489933690788));
#5253 = CARTESIAN_POINT('',(73.82022141115,-11.12022141114,
    10.371295724128));
#5254 = CARTESIAN_POINT('',(73.754098576087,-11.05409857608,
    10.28051540583));
#5255 = CARTESIAN_POINT('',(73.62914990362,-10.92914990362,
    10.177165764658));
#5256 = CARTESIAN_POINT('',(73.523468366017,-10.82346836601,
    10.11332474106));
#5257 = CARTESIAN_POINT('',(73.39311192033,-10.69311192033,
    10.05386000915));
#5258 = CARTESIAN_POINT('',(73.263540899368,-10.56354089936,
    10.018198914468));
#5259 = CARTESIAN_POINT('',(73.130899094658,-10.43089909465,10.));
#5260 = CARTESIAN_POINT('',(73.,-10.3,10.));
#5261 = CARTESIAN_POINT('',(74.5,-11.3,11.));
#5262 = CARTESIAN_POINT('',(74.5,-11.3,10.803651358013));
#5263 = CARTESIAN_POINT('',(74.439302482028,-11.25805711352,
    10.607634378085));
#5264 = CARTESIAN_POINT('',(74.317731533132,-11.17329966656,
    10.43914803519));
#5265 = CARTESIAN_POINT('',(74.164705735399,-11.07196990802,
    10.348618660244));
#5266 = CARTESIAN_POINT('',(74.067115904407,-11.01304137689,
    10.252147820475));
#5267 = CARTESIAN_POINT('',(73.897705182696,-10.89398635587,
    10.177429066518));
#5268 = CARTESIAN_POINT('',(73.778273989082,-10.82078080083,
    10.122378835618));
#5269 = CARTESIAN_POINT('',(73.618316629952,-10.71089718399,
    10.070242035044));
#5270 = CARTESIAN_POINT('',(73.470657246284,-10.61405988753,
    10.03640653875));
#5271 = CARTESIAN_POINT('',(73.31401506168,-10.50929307027,
    10.011879535992));
#5272 = CARTESIAN_POINT('',(73.15707891359,-10.40471927572,10.));
#5273 = CARTESIAN_POINT('',(73.,-10.3,10.));
#5274 = ADVANCED_FACE('',(#5275),#5293,.F.);
#5275 = FACE_BOUND('',#5276,.F.);
#5276 = EDGE_LOOP('',(#5277,#5285,#5291,#5292));
#5277 = ORIENTED_EDGE('',*,*,#5278,.F.);
#5278 = EDGE_CURVE('',#5279,#3518,#5281,.T.);
#5279 = VERTEX_POINT('',#5280);
#5280 = CARTESIAN_POINT('',(74.,-7.5,8.5));
#5281 = LINE('',#5282,#5283);
#5282 = CARTESIAN_POINT('',(74.,-7.5,8.5));
#5283 = VECTOR('',#5284,1.);
#5284 = DIRECTION('',(0.,0.,1.));
#5285 = ORIENTED_EDGE('',*,*,#5286,.T.);
#5286 = EDGE_CURVE('',#5279,#3764,#5287,.T.);
#5287 = LINE('',#5288,#5289);
#5288 = CARTESIAN_POINT('',(74.,-7.5,8.5));
#5289 = VECTOR('',#5290,1.);
#5290 = DIRECTION('',(0.,-1.,2.2E-16));
#5291 = ORIENTED_EDGE('',*,*,#3771,.T.);
#5292 = ORIENTED_EDGE('',*,*,#3526,.F.);
#5293 = PLANE('',#5294);
#5294 = AXIS2_PLACEMENT_3D('',#5295,#5296,#5297);
#5295 = CARTESIAN_POINT('',(74.,-7.5,8.5));
#5296 = DIRECTION('',(-1.,0.,0.));
#5297 = DIRECTION('',(0.,2.2E-16,1.));
#5298 = ADVANCED_FACE('',(#5299),#5324,.T.);
#5299 = FACE_BOUND('',#5300,.T.);
#5300 = EDGE_LOOP('',(#5301,#5302,#5310,#5318));
#5301 = ORIENTED_EDGE('',*,*,#3542,.T.);
#5302 = ORIENTED_EDGE('',*,*,#5303,.T.);
#5303 = EDGE_CURVE('',#3545,#5304,#5306,.T.);
#5304 = VERTEX_POINT('',#5305);
#5305 = CARTESIAN_POINT('',(74.,-15.,19.));
#5306 = LINE('',#5307,#5308);
#5307 = CARTESIAN_POINT('',(74.,-15.,11.));
#5308 = VECTOR('',#5309,1.);
#5309 = DIRECTION('',(0.,2.2E-16,1.));
#5310 = ORIENTED_EDGE('',*,*,#5311,.F.);
#5311 = EDGE_CURVE('',#5312,#5304,#5314,.T.);
#5312 = VERTEX_POINT('',#5313);
#5313 = CARTESIAN_POINT('',(74.,-11.8,19.));
#5314 = LINE('',#5315,#5316);
#5315 = CARTESIAN_POINT('',(74.,-11.3,19.));
#5316 = VECTOR('',#5317,1.);
#5317 = DIRECTION('',(0.,-1.,2.2E-16));
#5318 = ORIENTED_EDGE('',*,*,#5319,.T.);
#5319 = EDGE_CURVE('',#5312,#3543,#5320,.T.);
#5320 = LINE('',#5321,#5322);
#5321 = CARTESIAN_POINT('',(74.,-11.8,19.));
#5322 = VECTOR('',#5323,1.);
#5323 = DIRECTION('',(-0.,-0.,-1.));
#5324 = PLANE('',#5325);
#5325 = AXIS2_PLACEMENT_3D('',#5326,#5327,#5328);
#5326 = CARTESIAN_POINT('',(74.,-7.5,10.));
#5327 = DIRECTION('',(-1.,0.,0.));
#5328 = DIRECTION('',(0.,2.2E-16,1.));
#5329 = ADVANCED_FACE('',(#5330),#5340,.F.);
#5330 = FACE_BOUND('',#5331,.F.);
#5331 = EDGE_LOOP('',(#5332,#5333,#5339));
#5332 = ORIENTED_EDGE('',*,*,#3569,.T.);
#5333 = ORIENTED_EDGE('',*,*,#5334,.F.);
#5334 = EDGE_CURVE('',#3621,#3545,#5335,.T.);
#5335 = ( BOUNDED_CURVE() B_SPLINE_CURVE(2,(#5336,#5337,#5338),
.UNSPECIFIED.,.F.,.F.) B_SPLINE_CURVE_WITH_KNOTS((3,3),(0.,
1.910098894518),.PIECEWISE_BEZIER_KNOTS.) CURVE() 
GEOMETRIC_REPRESENTATION_ITEM() RATIONAL_B_SPLINE_CURVE((1.,
0.707106781187,1.)) REPRESENTATION_ITEM('') );
#5336 = CARTESIAN_POINT('',(74.5,-15.5,11.));
#5337 = CARTESIAN_POINT('',(74.,-15.5,11.));
#5338 = CARTESIAN_POINT('',(74.,-15.,11.));
#5339 = ORIENTED_EDGE('',*,*,#3645,.F.);
#5340 = ( BOUNDED_SURFACE() B_SPLINE_SURFACE(2,12,(
    (#5341,#5342,#5343,#5344,#5345,#5346,#5347,#5348,#5349,#5350,#5351
      ,#5352,#5353)
    ,(#5354,#5355,#5356,#5357,#5358,#5359,#5360,#5361,#5362,#5363,#5364
      ,#5365,#5366)
    ,(#5367,#5368,#5369,#5370,#5371,#5372,#5373,#5374,#5375,#5376,#5377
      ,#5378,#5379
)),.UNSPECIFIED.,.F.,.F.,.F.) B_SPLINE_SURFACE_WITH_KNOTS((3,3),(13,13),
  (0.,1.910098894518),(2.9184E-13,1.910098894519),
.PIECEWISE_BEZIER_KNOTS.) GEOMETRIC_REPRESENTATION_ITEM() 
RATIONAL_B_SPLINE_SURFACE((
    (1.,1.,1.,0.999999999999,1.000000000003,0.999999999996
      ,1.000000000005,0.999999999996,1.000000000003,0.999999999998
      ,1.000000000001,1.,1.)
    ,(1.,1.,0.994110920286,0.981400625035,0.966603928784,0.935062754406
      ,0.921635484876,0.865304393977,0.849533972995,0.786176417215
      ,0.733538719269,0.707106781186,0.707106781187)
    ,(1.,1.,1.,0.999999999999,1.000000000003,0.999999999996
      ,1.000000000005,0.999999999996,1.000000000003,0.999999999998
,1.000000000001,1.,1.))) REPRESENTATION_ITEM('') SURFACE() );
#5341 = CARTESIAN_POINT('',(73.000000000001,-16.5,10.));
#5342 = CARTESIAN_POINT('',(73.15707891359,-16.39528072427,10.));
#5343 = CARTESIAN_POINT('',(73.314015061681,-16.29070692972,
    10.011879535992));
#5344 = CARTESIAN_POINT('',(73.470657246284,-16.18594011246,
    10.03640653875));
#5345 = CARTESIAN_POINT('',(73.618316629951,-16.089102816,
    10.070242035045));
#5346 = CARTESIAN_POINT('',(73.778273989084,-15.97921919916,
    10.122378835617));
#5347 = CARTESIAN_POINT('',(73.897705182695,-15.90601364412,
    10.17742906652));
#5348 = CARTESIAN_POINT('',(74.067115904408,-15.7869586231,
    10.252147820473));
#5349 = CARTESIAN_POINT('',(74.164705735398,-15.72803009197,
    10.348618660245));
#5350 = CARTESIAN_POINT('',(74.317731533132,-15.62670033343,
    10.43914803519));
#5351 = CARTESIAN_POINT('',(74.439302482027,-15.54194288647,
    10.607634378085));
#5352 = CARTESIAN_POINT('',(74.5,-15.5,10.803651358013));
#5353 = CARTESIAN_POINT('',(74.5,-15.5,11.));
#5354 = CARTESIAN_POINT('',(73.,-16.5,10.));
#5355 = CARTESIAN_POINT('',(73.130899094658,-16.36910090534,10.));
#5356 = CARTESIAN_POINT('',(73.263540899369,-16.23645910063,
    10.018198914468));
#5357 = CARTESIAN_POINT('',(73.39311192033,-16.10688807966,
    10.053860009149));
#5358 = CARTESIAN_POINT('',(73.523468366016,-15.97653163398,
    10.11332474106));
#5359 = CARTESIAN_POINT('',(73.629149903622,-15.87085009637,
    10.177165764657));
#5360 = CARTESIAN_POINT('',(73.754098576084,-15.74590142391,
    10.280515405831));
#5361 = CARTESIAN_POINT('',(73.820221411152,-15.67977858884,
    10.371295724127));
#5362 = CARTESIAN_POINT('',(73.917824218132,-15.58217578186,
    10.489933690788));
#5363 = CARTESIAN_POINT('',(73.962688327585,-15.53731167241,
    10.632463505035));
#5364 = CARTESIAN_POINT('',(73.986374103616,-15.51362589638,
    10.747252006332));
#5365 = CARTESIAN_POINT('',(74.,-15.5,10.869100905342));
#5366 = CARTESIAN_POINT('',(74.,-15.5,11.));
#5367 = CARTESIAN_POINT('',(73.,-16.5,10.));
#5368 = CARTESIAN_POINT('',(73.104719275727,-16.34292108641,10.));
#5369 = CARTESIAN_POINT('',(73.209293070272,-16.18598493831,
    10.011879535992));
#5370 = CARTESIAN_POINT('',(73.314059887536,-16.02934275371,
    10.03640653875));
#5371 = CARTESIAN_POINT('',(73.410897183995,-15.88168337004,
    10.070242035045));
#5372 = CARTESIAN_POINT('',(73.520780800833,-15.72172601091,
    10.122378835617));
#5373 = CARTESIAN_POINT('',(73.593986355876,-15.6022948173,
    10.17742906652));
#5374 = CARTESIAN_POINT('',(73.713041376899,-15.43288409559,
    10.252147820473));
#5375 = CARTESIAN_POINT('',(73.771969908024,-15.3352942646,
    10.348618660245));
#5376 = CARTESIAN_POINT('',(73.873299666565,-15.18226846686,
    10.43914803519));
#5377 = CARTESIAN_POINT('',(73.958057113526,-15.06069751797,
    10.607634378085));
#5378 = CARTESIAN_POINT('',(74.,-15.,10.803651358013));
#5379 = CARTESIAN_POINT('',(74.,-15.,11.));
#5380 = ADVANCED_FACE('',(#5381),#5399,.F.);
#5381 = FACE_BOUND('',#5382,.F.);
#5382 = EDGE_LOOP('',(#5383,#5384,#5385,#5393));
#5383 = ORIENTED_EDGE('',*,*,#5278,.T.);
#5384 = ORIENTED_EDGE('',*,*,#3602,.F.);
#5385 = ORIENTED_EDGE('',*,*,#5386,.T.);
#5386 = EDGE_CURVE('',#3594,#5387,#5389,.T.);
#5387 = VERTEX_POINT('',#5388);
#5388 = CARTESIAN_POINT('',(94.,-7.5,8.5));
#5389 = LINE('',#5390,#5391);
#5390 = CARTESIAN_POINT('',(94.,-7.5,30.));
#5391 = VECTOR('',#5392,1.);
#5392 = DIRECTION('',(0.,0.,-1.));
#5393 = ORIENTED_EDGE('',*,*,#5394,.T.);
#5394 = EDGE_CURVE('',#5387,#5279,#5395,.T.);
#5395 = LINE('',#5396,#5397);
#5396 = CARTESIAN_POINT('',(94.,-7.5,8.5));
#5397 = VECTOR('',#5398,1.);
#5398 = DIRECTION('',(-1.,0.,0.));
#5399 = PLANE('',#5400);
#5400 = AXIS2_PLACEMENT_3D('',#5401,#5402,#5403);
#5401 = CARTESIAN_POINT('',(84.,-7.5,19.25));
#5402 = DIRECTION('',(0.,1.,-2.5E-16));
#5403 = DIRECTION('',(0.,2.5E-16,1.));
#5404 = ADVANCED_FACE('',(#5405,#5430),#5441,.F.);
#5405 = FACE_BOUND('',#5406,.F.);
#5406 = EDGE_LOOP('',(#5407,#5408,#5416,#5424));
#5407 = ORIENTED_EDGE('',*,*,#3618,.T.);
#5408 = ORIENTED_EDGE('',*,*,#5409,.T.);
#5409 = EDGE_CURVE('',#3621,#5410,#5412,.T.);
#5410 = VERTEX_POINT('',#5411);
#5411 = CARTESIAN_POINT('',(74.5,-15.5,19.));
#5412 = LINE('',#5413,#5414);
#5413 = CARTESIAN_POINT('',(74.5,-15.5,11.));
#5414 = VECTOR('',#5415,1.);
#5415 = DIRECTION('',(0.,2.2E-16,1.));
#5416 = ORIENTED_EDGE('',*,*,#5417,.T.);
#5417 = EDGE_CURVE('',#5410,#5418,#5420,.T.);
#5418 = VERTEX_POINT('',#5419);
#5419 = CARTESIAN_POINT('',(93.5,-15.5,19.));
#5420 = LINE('',#5421,#5422);
#5421 = CARTESIAN_POINT('',(74.,-15.5,19.));
#5422 = VECTOR('',#5423,1.);
#5423 = DIRECTION('',(1.,0.,0.));
#5424 = ORIENTED_EDGE('',*,*,#5425,.T.);
#5425 = EDGE_CURVE('',#5418,#3619,#5426,.T.);
#5426 = LINE('',#5427,#5428);
#5427 = CARTESIAN_POINT('',(93.5,-15.5,19.));
#5428 = VECTOR('',#5429,1.);
#5429 = DIRECTION('',(0.,-2.2E-16,-1.));
#5430 = FACE_BOUND('',#5431,.F.);
#5431 = EDGE_LOOP('',(#5432));
#5432 = ORIENTED_EDGE('',*,*,#5433,.F.);
#5433 = EDGE_CURVE('',#5434,#5434,#5436,.T.);
#5434 = VERTEX_POINT('',#5435);
#5435 = CARTESIAN_POINT('',(85.68,-15.5,13.5));
#5436 = CIRCLE('',#5437,1.32);
#5437 = AXIS2_PLACEMENT_3D('',#5438,#5439,#5440);
#5438 = CARTESIAN_POINT('',(87.,-15.5,13.5));
#5439 = DIRECTION('',(0.,1.,-2.2E-16));
#5440 = DIRECTION('',(-1.,0.,0.));
#5441 = PLANE('',#5442);
#5442 = AXIS2_PLACEMENT_3D('',#5443,#5444,#5445);
#5443 = CARTESIAN_POINT('',(84.,-15.5,15.));
#5444 = DIRECTION('',(0.,1.,-2.7E-16));
#5445 = DIRECTION('',(0.,2.7E-16,1.));
#5446 = ADVANCED_FACE('',(#5447),#5458,.F.);
#5447 = FACE_BOUND('',#5448,.F.);
#5448 = EDGE_LOOP('',(#5449,#5456,#5457));
#5449 = ORIENTED_EDGE('',*,*,#5450,.T.);
#5450 = EDGE_CURVE('',#3619,#3697,#5451,.T.);
#5451 = CIRCLE('',#5452,0.5);
#5452 = AXIS2_PLACEMENT_3D('',#5453,#5454,#5455);
#5453 = CARTESIAN_POINT('',(93.5,-15.,11.));
#5454 = DIRECTION('',(-0.,2.2E-16,1.));
#5455 = DIRECTION('',(0.,-1.,2.2E-16));
#5456 = ORIENTED_EDGE('',*,*,#3704,.T.);
#5457 = ORIENTED_EDGE('',*,*,#3628,.F.);
#5458 = ( BOUNDED_SURFACE() B_SPLINE_SURFACE(2,12,(
    (#5459,#5460,#5461,#5462,#5463,#5464,#5465,#5466,#5467,#5468,#5469
      ,#5470,#5471)
    ,(#5472,#5473,#5474,#5475,#5476,#5477,#5478,#5479,#5480,#5481,#5482
      ,#5483,#5484)
    ,(#5485,#5486,#5487,#5488,#5489,#5490,#5491,#5492,#5493,#5494,#5495
      ,#5496,#5497
)),.UNSPECIFIED.,.F.,.F.,.F.) B_SPLINE_SURFACE_WITH_KNOTS((3,3),(13,13),
  (0.,1.91009889449),(9.910098286668,11.820197181158),
.PIECEWISE_BEZIER_KNOTS.) GEOMETRIC_REPRESENTATION_ITEM() 
RATIONAL_B_SPLINE_SURFACE((
    (1.,1.,1.,0.999999999999,1.000000000002,0.999999999996
      ,1.000000000004,0.999999999996,1.000000000003,0.999999999999
      ,1.000000000001,1.,1.)
    ,(0.707106781187,0.707106781186,0.733538719267,0.786176417217
      ,0.849533972979,0.865304394,0.921635484836,0.935062754441
      ,0.966603928753,0.981400625047,0.994110920279,1.,1.)
    ,(1.,1.,1.,0.999999999999,1.000000000002,0.999999999996
      ,1.000000000004,0.999999999996,1.000000000003,0.999999999999
,1.000000000001,1.,1.))) REPRESENTATION_ITEM('') SURFACE() );
#5459 = CARTESIAN_POINT('',(93.5,-15.5,11.));
#5460 = CARTESIAN_POINT('',(93.5,-15.5,10.803651358016));
#5461 = CARTESIAN_POINT('',(93.560697517948,-15.54194288649,
    10.60763437809));
#5462 = CARTESIAN_POINT('',(93.682268467008,-15.62670033328,
    10.439148035201));
#5463 = CARTESIAN_POINT('',(93.835294264122,-15.72803009244,
    10.348618660238));
#5464 = CARTESIAN_POINT('',(93.932884096554,-15.78695862212,
    10.252147820506));
#5465 = CARTESIAN_POINT('',(94.102294815917,-15.90601364548,
    10.17742906649));
#5466 = CARTESIAN_POINT('',(94.221726012285,-15.97921919777,
    10.12237883566));
#5467 = CARTESIAN_POINT('',(94.381683369047,-16.08910281697,
    10.070242035023));
#5468 = CARTESIAN_POINT('',(94.529342754171,-16.18594011197,
    10.036406538769));
#5469 = CARTESIAN_POINT('',(94.685984938161,-16.29070692984,
    10.011879535991));
#5470 = CARTESIAN_POINT('',(94.842921086393,-16.39528072424,
    10.000000000003));
#5471 = CARTESIAN_POINT('',(94.999999999971,-16.49999999997,10.));
#5472 = CARTESIAN_POINT('',(94.,-15.5,11.));
#5473 = CARTESIAN_POINT('',(94.,-15.5,10.869100905344));
#5474 = CARTESIAN_POINT('',(94.013625896351,-15.51362589641,
    10.747252006337));
#5475 = CARTESIAN_POINT('',(94.037311672607,-15.53731167223,
    10.632463505032));
#5476 = CARTESIAN_POINT('',(94.082175781294,-15.5821757824,
    10.489933690817));
#5477 = CARTESIAN_POINT('',(94.179778589987,-15.67977858774,
    10.371295724096));
#5478 = CARTESIAN_POINT('',(94.245901422391,-15.74590142536,
    10.280515405889));
#5479 = CARTESIAN_POINT('',(94.370850097867,-15.87085009491,
    10.17716576462));
#5480 = CARTESIAN_POINT('',(94.47653163294,-15.97653163497,
    10.113324741101));
#5481 = CARTESIAN_POINT('',(94.606888080142,-16.10688807917,
    10.053860009141));
#5482 = CARTESIAN_POINT('',(94.736459100475,-16.23645910074,
    10.018198914479));
#5483 = CARTESIAN_POINT('',(94.869100905329,-16.36910090531,
    10.000000000002));
#5484 = CARTESIAN_POINT('',(94.999999999985,-16.49999999996,10.));
#5485 = CARTESIAN_POINT('',(94.,-15.,11.));
#5486 = CARTESIAN_POINT('',(94.,-15.,10.803651358016));
#5487 = CARTESIAN_POINT('',(94.04194288645,-15.06069751799,
    10.607634378091));
#5488 = CARTESIAN_POINT('',(94.126700333578,-15.18226846671,
    10.439148035194));
#5489 = CARTESIAN_POINT('',(94.228030091498,-15.33529426506,
    10.348618660261));
#5490 = CARTESIAN_POINT('',(94.286958624064,-15.43288409461,
    10.252147820459));
#5491 = CARTESIAN_POINT('',(94.406013642744,-15.60229481866,
    10.177429066558));
#5492 = CARTESIAN_POINT('',(94.479219200538,-15.72172600952,
    10.122378835589));
#5493 = CARTESIAN_POINT('',(94.589102815012,-15.88168337101,
    10.070242035076));
#5494 = CARTESIAN_POINT('',(94.685940112925,-16.02934275322,
    10.036406538741));
#5495 = CARTESIAN_POINT('',(94.790706929578,-16.18598493843,10.011879536
    ));
#5496 = CARTESIAN_POINT('',(94.895280724265,-16.34292108637,
    10.000000000001));
#5497 = CARTESIAN_POINT('',(95.,-16.49999999996,10.));
#5498 = ADVANCED_FACE('',(#5499),#5510,.T.);
#5499 = FACE_BOUND('',#5500,.T.);
#5500 = EDGE_LOOP('',(#5501,#5502,#5503,#5504));
#5501 = ORIENTED_EDGE('',*,*,#3755,.F.);
#5502 = ORIENTED_EDGE('',*,*,#3670,.F.);
#5503 = ORIENTED_EDGE('',*,*,#5386,.T.);
#5504 = ORIENTED_EDGE('',*,*,#5505,.T.);
#5505 = EDGE_CURVE('',#5387,#3756,#5506,.T.);
#5506 = LINE('',#5507,#5508);
#5507 = CARTESIAN_POINT('',(94.,-7.5,8.5));
#5508 = VECTOR('',#5509,1.);
#5509 = DIRECTION('',(0.,-1.,2.2E-16));
#5510 = PLANE('',#5511);
#5511 = AXIS2_PLACEMENT_3D('',#5512,#5513,#5514);
#5512 = CARTESIAN_POINT('',(94.,-54.37545931758,19.958333333333));
#5513 = DIRECTION('',(-1.,-0.,-0.));
#5514 = DIRECTION('',(0.,0.,-1.));
#5515 = ADVANCED_FACE('',(#5516),#5534,.F.);
#5516 = FACE_BOUND('',#5517,.F.);
#5517 = EDGE_LOOP('',(#5518,#5519,#5527,#5533));
#5518 = ORIENTED_EDGE('',*,*,#3694,.T.);
#5519 = ORIENTED_EDGE('',*,*,#5520,.F.);
#5520 = EDGE_CURVE('',#5521,#3697,#5523,.T.);
#5521 = VERTEX_POINT('',#5522);
#5522 = CARTESIAN_POINT('',(94.,-15.,19.));
#5523 = LINE('',#5524,#5525);
#5524 = CARTESIAN_POINT('',(94.,-15.,19.));
#5525 = VECTOR('',#5526,1.);
#5526 = DIRECTION('',(0.,-2.2E-16,-1.));
#5527 = ORIENTED_EDGE('',*,*,#5528,.F.);
#5528 = EDGE_CURVE('',#3737,#5521,#5529,.T.);
#5529 = LINE('',#5530,#5531);
#5530 = CARTESIAN_POINT('',(94.,-9.3,19.));
#5531 = VECTOR('',#5532,1.);
#5532 = DIRECTION('',(0.,-1.,2.2E-16));
#5533 = ORIENTED_EDGE('',*,*,#3746,.T.);
#5534 = PLANE('',#5535);
#5535 = AXIS2_PLACEMENT_3D('',#5536,#5537,#5538);
#5536 = CARTESIAN_POINT('',(94.,2.22E-15,10.));
#5537 = DIRECTION('',(-1.,0.,0.));
#5538 = DIRECTION('',(0.,2.2E-16,1.));
#5539 = ADVANCED_FACE('',(#5540),#5576,.T.);
#5540 = FACE_BOUND('',#5541,.F.);
#5541 = EDGE_LOOP('',(#5542,#5543,#5552,#5560));
#5542 = ORIENTED_EDGE('',*,*,#3736,.F.);
#5543 = ORIENTED_EDGE('',*,*,#5544,.T.);
#5544 = EDGE_CURVE('',#3737,#5545,#5547,.T.);
#5545 = VERTEX_POINT('',#5546);
#5546 = CARTESIAN_POINT('',(93.,-10.3,20.));
#5547 = ELLIPSE('',#5548,1.414213562373,1.);
#5548 = AXIS2_PLACEMENT_3D('',#5549,#5550,#5551);
#5549 = CARTESIAN_POINT('',(93.,-10.3,19.));
#5550 = DIRECTION('',(0.707106781187,-0.707106781187,1.6E-16));
#5551 = DIRECTION('',(-0.707106781187,-0.707106781187,1.6E-16));
#5552 = ORIENTED_EDGE('',*,*,#5553,.T.);
#5553 = EDGE_CURVE('',#5545,#5554,#5556,.T.);
#5554 = VERTEX_POINT('',#5555);
#5555 = CARTESIAN_POINT('',(82.,-10.3,20.));
#5556 = LINE('',#5557,#5558);
#5557 = CARTESIAN_POINT('',(94.,-10.3,20.));
#5558 = VECTOR('',#5559,1.);
#5559 = DIRECTION('',(-1.,0.,0.));
#5560 = ORIENTED_EDGE('',*,*,#5561,.F.);
#5561 = EDGE_CURVE('',#3739,#5554,#5562,.T.);
#5562 = ( BOUNDED_CURVE() B_SPLINE_CURVE(12,(#5563,#5564,#5565,#5566,
    #5567,#5568,#5569,#5570,#5571,#5572,#5573,#5574,#5575),
.UNSPECIFIED.,.F.,.F.) B_SPLINE_CURVE_WITH_KNOTS((13,13),(
15.570796326795,17.480895221313),.PIECEWISE_BEZIER_KNOTS.) CURVE() 
GEOMETRIC_REPRESENTATION_ITEM() RATIONAL_B_SPLINE_CURVE((1.,1.,
    0.999999999999,1.000000000001,0.999999999998,1.000000000003,
    0.999999999996,1.000000000003,0.999999999998,1.000000000001,1.,1.,1.
)) REPRESENTATION_ITEM('') );
#5563 = CARTESIAN_POINT('',(81.5,-9.3,19.));
#5564 = CARTESIAN_POINT('',(81.5,-9.3,19.065449547329));
#5565 = CARTESIAN_POINT('',(81.504718813962,-9.304744102316,
    19.131006471288));
#5566 = CARTESIAN_POINT('',(81.513782348839,-9.313588924952,
    19.202819119925));
#5567 = CARTESIAN_POINT('',(81.527624975132,-9.33184448731,
    19.294841541063));
#5568 = CARTESIAN_POINT('',(81.543540318725,-9.358919464149,
    19.390034896772));
#5569 = CARTESIAN_POINT('',(81.556336367855,-9.408751702313,
    19.554870070982));
#5570 = CARTESIAN_POINT('',(81.61270832327,-9.513774413747,
    19.676830119785));
#5571 = CARTESIAN_POINT('',(81.666618781738,-9.632883185574,
    19.805201014881));
#5572 = CARTESIAN_POINT('',(81.743271714325,-9.785266329567,
    19.899904491115));
#5573 = CARTESIAN_POINT('',(81.82537878613,-9.950845707895,
    19.966817097084));
#5574 = CARTESIAN_POINT('',(81.912733936894,-10.12546787378,20.));
#5575 = CARTESIAN_POINT('',(82.,-10.3,20.));
#5576 = CYLINDRICAL_SURFACE('',#5577,1.);
#5577 = AXIS2_PLACEMENT_3D('',#5578,#5579,#5580);
#5578 = CARTESIAN_POINT('',(94.,-10.3,19.));
#5579 = DIRECTION('',(-1.,0.,0.));
#5580 = DIRECTION('',(0.,1.,-2.5E-16));
#5581 = ADVANCED_FACE('',(#5582),#5594,.T.);
#5582 = FACE_BOUND('',#5583,.F.);
#5583 = EDGE_LOOP('',(#5584,#5585,#5586,#5593));
#5584 = ORIENTED_EDGE('',*,*,#5127,.T.);
#5585 = ORIENTED_EDGE('',*,*,#3787,.T.);
#5586 = ORIENTED_EDGE('',*,*,#5587,.F.);
#5587 = EDGE_CURVE('',#5096,#3739,#5588,.T.);
#5588 = CIRCLE('',#5589,0.5);
#5589 = AXIS2_PLACEMENT_3D('',#5590,#5591,#5592);
#5590 = CARTESIAN_POINT('',(81.5,-9.8,19.));
#5591 = DIRECTION('',(0.,0.,-1.));
#5592 = DIRECTION('',(-1.,0.,0.));
#5593 = ORIENTED_EDGE('',*,*,#5095,.F.);
#5594 = CYLINDRICAL_SURFACE('',#5595,0.5);
#5595 = AXIS2_PLACEMENT_3D('',#5596,#5597,#5598);
#5596 = CARTESIAN_POINT('',(81.5,-9.8,11.));
#5597 = DIRECTION('',(0.,0.,1.));
#5598 = DIRECTION('',(-1.,0.,0.));
#5599 = ADVANCED_FACE('',(#5600),#5606,.F.);
#5600 = FACE_BOUND('',#5601,.F.);
#5601 = EDGE_LOOP('',(#5602,#5603,#5604,#5605));
#5602 = ORIENTED_EDGE('',*,*,#5505,.T.);
#5603 = ORIENTED_EDGE('',*,*,#3763,.T.);
#5604 = ORIENTED_EDGE('',*,*,#5286,.F.);
#5605 = ORIENTED_EDGE('',*,*,#5394,.F.);
#5606 = PLANE('',#5607);
#5607 = AXIS2_PLACEMENT_3D('',#5608,#5609,#5610);
#5608 = CARTESIAN_POINT('',(94.,-7.5,8.5));
#5609 = DIRECTION('',(-0.,-2.2E-16,-1.));
#5610 = DIRECTION('',(-1.,0.,0.));
#5611 = ADVANCED_FACE('',(#5612),#5623,.F.);
#5612 = FACE_BOUND('',#5613,.F.);
#5613 = EDGE_LOOP('',(#5614,#5615,#5621,#5622));
#5614 = ORIENTED_EDGE('',*,*,#3795,.F.);
#5615 = ORIENTED_EDGE('',*,*,#5616,.T.);
#5616 = EDGE_CURVE('',#3796,#5434,#5617,.T.);
#5617 = LINE('',#5618,#5619);
#5618 = CARTESIAN_POINT('',(85.68,-7.5,13.5));
#5619 = VECTOR('',#5620,1.);
#5620 = DIRECTION('',(0.,-1.,2.2E-16));
#5621 = ORIENTED_EDGE('',*,*,#5433,.T.);
#5622 = ORIENTED_EDGE('',*,*,#5616,.F.);
#5623 = CYLINDRICAL_SURFACE('',#5624,1.32);
#5624 = AXIS2_PLACEMENT_3D('',#5625,#5626,#5627);
#5625 = CARTESIAN_POINT('',(87.,-7.5,13.5));
#5626 = DIRECTION('',(0.,1.,-2.2E-16));
#5627 = DIRECTION('',(-1.,0.,0.));
#5628 = ADVANCED_FACE('',(#5629),#5648,.T.);
#5629 = FACE_BOUND('',#5630,.F.);
#5630 = EDGE_LOOP('',(#5631,#5639,#5646,#5647));
#5631 = ORIENTED_EDGE('',*,*,#5632,.T.);
#5632 = EDGE_CURVE('',#3813,#5633,#5635,.T.);
#5633 = VERTEX_POINT('',#5634);
#5634 = CARTESIAN_POINT('',(52.,-76.,11.5));
#5635 = LINE('',#5636,#5637);
#5636 = CARTESIAN_POINT('',(52.,-76.,10.));
#5637 = VECTOR('',#5638,1.);
#5638 = DIRECTION('',(0.,0.,1.));
#5639 = ORIENTED_EDGE('',*,*,#5640,.T.);
#5640 = EDGE_CURVE('',#5633,#5633,#5641,.T.);
#5641 = CIRCLE('',#5642,3.);
#5642 = AXIS2_PLACEMENT_3D('',#5643,#5644,#5645);
#5643 = CARTESIAN_POINT('',(49.,-76.,11.5));
#5644 = DIRECTION('',(0.,0.,1.));
#5645 = DIRECTION('',(1.,0.,0.));
#5646 = ORIENTED_EDGE('',*,*,#5632,.F.);
#5647 = ORIENTED_EDGE('',*,*,#3823,.F.);
#5648 = CYLINDRICAL_SURFACE('',#5649,3.);
#5649 = AXIS2_PLACEMENT_3D('',#5650,#5651,#5652);
#5650 = CARTESIAN_POINT('',(49.,-76.,10.));
#5651 = DIRECTION('',(-0.,-0.,-1.));
#5652 = DIRECTION('',(1.,0.,0.));
#5653 = ADVANCED_FACE('',(#5654),#5673,.T.);
#5654 = FACE_BOUND('',#5655,.F.);
#5655 = EDGE_LOOP('',(#5656,#5664,#5671,#5672));
#5656 = ORIENTED_EDGE('',*,*,#5657,.T.);
#5657 = EDGE_CURVE('',#3839,#5658,#5660,.T.);
#5658 = VERTEX_POINT('',#5659);
#5659 = CARTESIAN_POINT('',(14.,-104.,11.5));
#5660 = LINE('',#5661,#5662);
#5661 = CARTESIAN_POINT('',(14.,-104.,10.));
#5662 = VECTOR('',#5663,1.);
#5663 = DIRECTION('',(0.,0.,1.));
#5664 = ORIENTED_EDGE('',*,*,#5665,.T.);
#5665 = EDGE_CURVE('',#5658,#5658,#5666,.T.);
#5666 = CIRCLE('',#5667,3.);
#5667 = AXIS2_PLACEMENT_3D('',#5668,#5669,#5670);
#5668 = CARTESIAN_POINT('',(11.,-104.,11.5));
#5669 = DIRECTION('',(0.,0.,1.));
#5670 = DIRECTION('',(1.,0.,0.));
#5671 = ORIENTED_EDGE('',*,*,#5657,.F.);
#5672 = ORIENTED_EDGE('',*,*,#3849,.F.);
#5673 = CYLINDRICAL_SURFACE('',#5674,3.);
#5674 = AXIS2_PLACEMENT_3D('',#5675,#5676,#5677);
#5675 = CARTESIAN_POINT('',(11.,-104.,10.));
#5676 = DIRECTION('',(-0.,-0.,-1.));
#5677 = DIRECTION('',(1.,0.,0.));
#5678 = ADVANCED_FACE('',(#5679),#5698,.T.);
#5679 = FACE_BOUND('',#5680,.F.);
#5680 = EDGE_LOOP('',(#5681,#5689,#5696,#5697));
#5681 = ORIENTED_EDGE('',*,*,#5682,.T.);
#5682 = EDGE_CURVE('',#3865,#5683,#5685,.T.);
#5683 = VERTEX_POINT('',#5684);
#5684 = CARTESIAN_POINT('',(14.,-76.,11.5));
#5685 = LINE('',#5686,#5687);
#5686 = CARTESIAN_POINT('',(14.,-76.,10.));
#5687 = VECTOR('',#5688,1.);
#5688 = DIRECTION('',(0.,0.,1.));
#5689 = ORIENTED_EDGE('',*,*,#5690,.T.);
#5690 = EDGE_CURVE('',#5683,#5683,#5691,.T.);
#5691 = CIRCLE('',#5692,3.);
#5692 = AXIS2_PLACEMENT_3D('',#5693,#5694,#5695);
#5693 = CARTESIAN_POINT('',(11.,-76.,11.5));
#5694 = DIRECTION('',(0.,0.,1.));
#5695 = DIRECTION('',(1.,0.,0.));
#5696 = ORIENTED_EDGE('',*,*,#5682,.F.);
#5697 = ORIENTED_EDGE('',*,*,#3875,.F.);
#5698 = CYLINDRICAL_SURFACE('',#5699,3.);
#5699 = AXIS2_PLACEMENT_3D('',#5700,#5701,#5702);
#5700 = CARTESIAN_POINT('',(11.,-76.,10.));
#5701 = DIRECTION('',(-0.,-0.,-1.));
#5702 = DIRECTION('',(1.,0.,0.));
#5703 = ADVANCED_FACE('',(#5704),#5762,.F.);
#5704 = FACE_BOUND('',#5705,.F.);
#5705 = EDGE_LOOP('',(#5706,#5707,#5715,#5723,#5731,#5740,#5748,#5756));
#5706 = ORIENTED_EDGE('',*,*,#3899,.F.);
#5707 = ORIENTED_EDGE('',*,*,#5708,.T.);
#5708 = EDGE_CURVE('',#3891,#5709,#5711,.T.);
#5709 = VERTEX_POINT('',#5710);
#5710 = CARTESIAN_POINT('',(42.,-41.,31.5));
#5711 = LINE('',#5712,#5713);
#5712 = CARTESIAN_POINT('',(42.,-41.,10.));
#5713 = VECTOR('',#5714,1.);
#5714 = DIRECTION('',(0.,0.,1.));
#5715 = ORIENTED_EDGE('',*,*,#5716,.T.);
#5716 = EDGE_CURVE('',#5709,#5717,#5719,.T.);
#5717 = VERTEX_POINT('',#5718);
#5718 = CARTESIAN_POINT('',(41.,-41.,31.5));
#5719 = LINE('',#5720,#5721);
#5720 = CARTESIAN_POINT('',(43.,-41.,31.5));
#5721 = VECTOR('',#5722,1.);
#5722 = DIRECTION('',(-1.,0.,0.));
#5723 = ORIENTED_EDGE('',*,*,#5724,.F.);
#5724 = EDGE_CURVE('',#5725,#5717,#5727,.T.);
#5725 = VERTEX_POINT('',#5726);
#5726 = CARTESIAN_POINT('',(41.,-41.,25.25));
#5727 = LINE('',#5728,#5729);
#5728 = CARTESIAN_POINT('',(41.,-41.,25.25));
#5729 = VECTOR('',#5730,1.);
#5730 = DIRECTION('',(0.,2.2E-16,1.));
#5731 = ORIENTED_EDGE('',*,*,#5732,.F.);
#5732 = EDGE_CURVE('',#5733,#5725,#5735,.T.);
#5733 = VERTEX_POINT('',#5734);
#5734 = CARTESIAN_POINT('',(32.5,-41.,25.25));
#5735 = CIRCLE('',#5736,4.25);
#5736 = AXIS2_PLACEMENT_3D('',#5737,#5738,#5739);
#5737 = CARTESIAN_POINT('',(36.75,-41.,25.25));
#5738 = DIRECTION('',(0.,-1.,0.));
#5739 = DIRECTION('',(-1.,-0.,-1.09E-15));
#5740 = ORIENTED_EDGE('',*,*,#5741,.F.);
#5741 = EDGE_CURVE('',#5742,#5733,#5744,.T.);
#5742 = VERTEX_POINT('',#5743);
#5743 = CARTESIAN_POINT('',(32.5,-41.,31.5));
#5744 = LINE('',#5745,#5746);
#5745 = CARTESIAN_POINT('',(32.5,-41.,32.5));
#5746 = VECTOR('',#5747,1.);
#5747 = DIRECTION('',(0.,-2.2E-16,-1.));
#5748 = ORIENTED_EDGE('',*,*,#5749,.T.);
#5749 = EDGE_CURVE('',#5742,#5750,#5752,.T.);
#5750 = VERTEX_POINT('',#5751);
#5751 = CARTESIAN_POINT('',(11.,-41.,31.5));
#5752 = LINE('',#5753,#5754);
#5753 = CARTESIAN_POINT('',(33.5,-41.,31.5));
#5754 = VECTOR('',#5755,1.);
#5755 = DIRECTION('',(-1.,0.,0.));
#5756 = ORIENTED_EDGE('',*,*,#5757,.F.);
#5757 = EDGE_CURVE('',#3900,#5750,#5758,.T.);
#5758 = LINE('',#5759,#5760);
#5759 = CARTESIAN_POINT('',(11.,-41.,10.));
#5760 = VECTOR('',#5761,1.);
#5761 = DIRECTION('',(0.,0.,1.));
#5762 = PLANE('',#5763);
#5763 = AXIS2_PLACEMENT_3D('',#5764,#5765,#5766);
#5764 = CARTESIAN_POINT('',(43.,-41.,10.));
#5765 = DIRECTION('',(0.,-1.,0.));
#5766 = DIRECTION('',(-1.,0.,0.));
#5767 = ADVANCED_FACE('',(#5768),#5787,.T.);
#5768 = FACE_BOUND('',#5769,.T.);
#5769 = EDGE_LOOP('',(#5770,#5778,#5779,#5780));
#5770 = ORIENTED_EDGE('',*,*,#5771,.F.);
#5771 = EDGE_CURVE('',#3924,#5772,#5774,.T.);
#5772 = VERTEX_POINT('',#5773);
#5773 = CARTESIAN_POINT('',(43.,-42.,31.5));
#5774 = LINE('',#5775,#5776);
#5775 = CARTESIAN_POINT('',(43.,-42.,10.));
#5776 = VECTOR('',#5777,1.);
#5777 = DIRECTION('',(0.,0.,1.));
#5778 = ORIENTED_EDGE('',*,*,#3934,.T.);
#5779 = ORIENTED_EDGE('',*,*,#5708,.T.);
#5780 = ORIENTED_EDGE('',*,*,#5781,.F.);
#5781 = EDGE_CURVE('',#5772,#5709,#5782,.T.);
#5782 = CIRCLE('',#5783,1.);
#5783 = AXIS2_PLACEMENT_3D('',#5784,#5785,#5786);
#5784 = CARTESIAN_POINT('',(42.,-42.,31.5));
#5785 = DIRECTION('',(0.,-0.,1.));
#5786 = DIRECTION('',(0.,1.,0.));
#5787 = CYLINDRICAL_SURFACE('',#5788,1.);
#5788 = AXIS2_PLACEMENT_3D('',#5789,#5790,#5791);
#5789 = CARTESIAN_POINT('',(42.,-42.,10.));
#5790 = DIRECTION('',(0.,0.,1.));
#5791 = DIRECTION('',(1.,0.,0.));
#5792 = ADVANCED_FACE('',(#5793),#5812,.T.);
#5793 = FACE_BOUND('',#5794,.F.);
#5794 = EDGE_LOOP('',(#5795,#5803,#5804,#5805));
#5795 = ORIENTED_EDGE('',*,*,#5796,.F.);
#5796 = EDGE_CURVE('',#3950,#5797,#5799,.T.);
#5797 = VERTEX_POINT('',#5798);
#5798 = CARTESIAN_POINT('',(10.,-42.,31.5));
#5799 = LINE('',#5800,#5801);
#5800 = CARTESIAN_POINT('',(10.,-42.,10.));
#5801 = VECTOR('',#5802,1.);
#5802 = DIRECTION('',(0.,0.,1.));
#5803 = ORIENTED_EDGE('',*,*,#3960,.T.);
#5804 = ORIENTED_EDGE('',*,*,#5757,.T.);
#5805 = ORIENTED_EDGE('',*,*,#5806,.T.);
#5806 = EDGE_CURVE('',#5750,#5797,#5807,.T.);
#5807 = CIRCLE('',#5808,1.);
#5808 = AXIS2_PLACEMENT_3D('',#5809,#5810,#5811);
#5809 = CARTESIAN_POINT('',(11.,-42.,31.5));
#5810 = DIRECTION('',(0.,-0.,1.));
#5811 = DIRECTION('',(0.,1.,0.));
#5812 = CYLINDRICAL_SURFACE('',#5813,1.);
#5813 = AXIS2_PLACEMENT_3D('',#5814,#5815,#5816);
#5814 = CARTESIAN_POINT('',(11.,-42.,10.));
#5815 = DIRECTION('',(0.,0.,1.));
#5816 = DIRECTION('',(-1.,0.,0.));
#5817 = ADVANCED_FACE('',(#5818),#5869,.F.);
#5818 = FACE_BOUND('',#5819,.F.);
#5819 = EDGE_LOOP('',(#5820,#5821,#5822,#5830,#5838,#5846,#5855,#5863));
#5820 = ORIENTED_EDGE('',*,*,#5771,.F.);
#5821 = ORIENTED_EDGE('',*,*,#3986,.F.);
#5822 = ORIENTED_EDGE('',*,*,#5823,.T.);
#5823 = EDGE_CURVE('',#3976,#5824,#5826,.T.);
#5824 = VERTEX_POINT('',#5825);
#5825 = CARTESIAN_POINT('',(43.,-67.,31.5));
#5826 = LINE('',#5827,#5828);
#5827 = CARTESIAN_POINT('',(43.,-67.,10.));
#5828 = VECTOR('',#5829,1.);
#5829 = DIRECTION('',(0.,0.,1.));
#5830 = ORIENTED_EDGE('',*,*,#5831,.T.);
#5831 = EDGE_CURVE('',#5824,#5832,#5834,.T.);
#5832 = VERTEX_POINT('',#5833);
#5833 = CARTESIAN_POINT('',(43.,-59.,31.5));
#5834 = LINE('',#5835,#5836);
#5835 = CARTESIAN_POINT('',(43.,-68.,31.5));
#5836 = VECTOR('',#5837,1.);
#5837 = DIRECTION('',(0.,1.,0.));
#5838 = ORIENTED_EDGE('',*,*,#5839,.F.);
#5839 = EDGE_CURVE('',#5840,#5832,#5842,.T.);
#5840 = VERTEX_POINT('',#5841);
#5841 = CARTESIAN_POINT('',(43.,-59.,25.25));
#5842 = LINE('',#5843,#5844);
#5843 = CARTESIAN_POINT('',(43.,-59.,25.25));
#5844 = VECTOR('',#5845,1.);
#5845 = DIRECTION('',(0.,0.,1.));
#5846 = ORIENTED_EDGE('',*,*,#5847,.F.);
#5847 = EDGE_CURVE('',#5848,#5840,#5850,.T.);
#5848 = VERTEX_POINT('',#5849);
#5849 = CARTESIAN_POINT('',(43.,-50.,25.25));
#5850 = CIRCLE('',#5851,4.5);
#5851 = AXIS2_PLACEMENT_3D('',#5852,#5853,#5854);
#5852 = CARTESIAN_POINT('',(43.,-54.5,25.25));
#5853 = DIRECTION('',(-1.,0.,0.));
#5854 = DIRECTION('',(0.,1.,0.));
#5855 = ORIENTED_EDGE('',*,*,#5856,.F.);
#5856 = EDGE_CURVE('',#5857,#5848,#5859,.T.);
#5857 = VERTEX_POINT('',#5858);
#5858 = CARTESIAN_POINT('',(43.,-50.,31.5));
#5859 = LINE('',#5860,#5861);
#5860 = CARTESIAN_POINT('',(43.,-50.,32.5));
#5861 = VECTOR('',#5862,1.);
#5862 = DIRECTION('',(0.,0.,-1.));
#5863 = ORIENTED_EDGE('',*,*,#5864,.T.);
#5864 = EDGE_CURVE('',#5857,#5772,#5865,.T.);
#5865 = LINE('',#5866,#5867);
#5866 = CARTESIAN_POINT('',(43.,-51.,31.5));
#5867 = VECTOR('',#5868,1.);
#5868 = DIRECTION('',(0.,1.,0.));
#5869 = PLANE('',#5870);
#5870 = AXIS2_PLACEMENT_3D('',#5871,#5872,#5873);
#5871 = CARTESIAN_POINT('',(43.,-68.,10.));
#5872 = DIRECTION('',(-1.,0.,0.));
#5873 = DIRECTION('',(0.,1.,0.));
#5874 = ADVANCED_FACE('',(#5875),#5943,.F.);
#5875 = FACE_BOUND('',#5876,.F.);
#5876 = EDGE_LOOP('',(#5877,#5878,#5886,#5894,#5903,#5911,#5920,#5928,
    #5936,#5942));
#5877 = ORIENTED_EDGE('',*,*,#5796,.T.);
#5878 = ORIENTED_EDGE('',*,*,#5879,.T.);
#5879 = EDGE_CURVE('',#5797,#5880,#5882,.T.);
#5880 = VERTEX_POINT('',#5881);
#5881 = CARTESIAN_POINT('',(10.,-46.75,31.5));
#5882 = LINE('',#5883,#5884);
#5883 = CARTESIAN_POINT('',(10.,-41.,31.5));
#5884 = VECTOR('',#5885,1.);
#5885 = DIRECTION('',(0.,-1.,0.));
#5886 = ORIENTED_EDGE('',*,*,#5887,.F.);
#5887 = EDGE_CURVE('',#5888,#5880,#5890,.T.);
#5888 = VERTEX_POINT('',#5889);
#5889 = CARTESIAN_POINT('',(10.,-46.75,25.25));
#5890 = LINE('',#5891,#5892);
#5891 = CARTESIAN_POINT('',(10.,-46.75,25.25));
#5892 = VECTOR('',#5893,1.);
#5893 = DIRECTION('',(0.,0.,1.));
#5894 = ORIENTED_EDGE('',*,*,#5895,.F.);
#5895 = EDGE_CURVE('',#5896,#5888,#5898,.T.);
#5896 = VERTEX_POINT('',#5897);
#5897 = CARTESIAN_POINT('',(10.,-50.25,21.75));
#5898 = CIRCLE('',#5899,3.5);
#5899 = AXIS2_PLACEMENT_3D('',#5900,#5901,#5902);
#5900 = CARTESIAN_POINT('',(10.,-50.25,25.25));
#5901 = DIRECTION('',(1.,-0.,0.));
#5902 = DIRECTION('',(0.,0.,-1.));
#5903 = ORIENTED_EDGE('',*,*,#5904,.F.);
#5904 = EDGE_CURVE('',#5905,#5896,#5907,.T.);
#5905 = VERTEX_POINT('',#5906);
#5906 = CARTESIAN_POINT('',(10.,-54.5,21.75));
#5907 = LINE('',#5908,#5909);
#5908 = CARTESIAN_POINT('',(10.,-54.5,21.75));
#5909 = VECTOR('',#5910,1.);
#5910 = DIRECTION('',(0.,1.,0.));
#5911 = ORIENTED_EDGE('',*,*,#5912,.F.);
#5912 = EDGE_CURVE('',#5913,#5905,#5915,.T.);
#5913 = VERTEX_POINT('',#5914);
#5914 = CARTESIAN_POINT('',(10.,-58.,25.25));
#5915 = CIRCLE('',#5916,3.5);
#5916 = AXIS2_PLACEMENT_3D('',#5917,#5918,#5919);
#5917 = CARTESIAN_POINT('',(10.,-54.5,25.25));
#5918 = DIRECTION('',(1.,0.,0.));
#5919 = DIRECTION('',(0.,-1.,0.));
#5920 = ORIENTED_EDGE('',*,*,#5921,.F.);
#5921 = EDGE_CURVE('',#5922,#5913,#5924,.T.);
#5922 = VERTEX_POINT('',#5923);
#5923 = CARTESIAN_POINT('',(10.,-58.,31.5));
#5924 = LINE('',#5925,#5926);
#5925 = CARTESIAN_POINT('',(10.,-58.,32.5));
#5926 = VECTOR('',#5927,1.);
#5927 = DIRECTION('',(0.,0.,-1.));
#5928 = ORIENTED_EDGE('',*,*,#5929,.T.);
#5929 = EDGE_CURVE('',#5922,#5930,#5932,.T.);
#5930 = VERTEX_POINT('',#5931);
#5931 = CARTESIAN_POINT('',(10.,-67.,31.5));
#5932 = LINE('',#5933,#5934);
#5933 = CARTESIAN_POINT('',(10.,-57.,31.5));
#5934 = VECTOR('',#5935,1.);
#5935 = DIRECTION('',(0.,-1.,0.));
#5936 = ORIENTED_EDGE('',*,*,#5937,.F.);
#5937 = EDGE_CURVE('',#4003,#5930,#5938,.T.);
#5938 = LINE('',#5939,#5940);
#5939 = CARTESIAN_POINT('',(10.,-67.,10.));
#5940 = VECTOR('',#5941,1.);
#5941 = DIRECTION('',(0.,0.,1.));
#5942 = ORIENTED_EDGE('',*,*,#4011,.F.);
#5943 = PLANE('',#5944);
#5944 = AXIS2_PLACEMENT_3D('',#5945,#5946,#5947);
#5945 = CARTESIAN_POINT('',(10.,-41.,10.));
#5946 = DIRECTION('',(1.,0.,0.));
#5947 = DIRECTION('',(0.,-1.,0.));
#5948 = ADVANCED_FACE('',(#5949),#5968,.T.);
#5949 = FACE_BOUND('',#5950,.T.);
#5950 = EDGE_LOOP('',(#5951,#5959,#5960,#5961));
#5951 = ORIENTED_EDGE('',*,*,#5952,.F.);
#5952 = EDGE_CURVE('',#4026,#5953,#5955,.T.);
#5953 = VERTEX_POINT('',#5954);
#5954 = CARTESIAN_POINT('',(42.,-68.,32.5));
#5955 = LINE('',#5956,#5957);
#5956 = CARTESIAN_POINT('',(42.,-68.,10.));
#5957 = VECTOR('',#5958,1.);
#5958 = DIRECTION('',(0.,0.,1.));
#5959 = ORIENTED_EDGE('',*,*,#4036,.T.);
#5960 = ORIENTED_EDGE('',*,*,#5823,.T.);
#5961 = ORIENTED_EDGE('',*,*,#5962,.F.);
#5962 = EDGE_CURVE('',#5953,#5824,#5963,.T.);
#5963 = ELLIPSE('',#5964,1.414213562373,1.);
#5964 = AXIS2_PLACEMENT_3D('',#5965,#5966,#5967);
#5965 = CARTESIAN_POINT('',(42.,-67.,31.5));
#5966 = DIRECTION('',(0.,0.707106781187,0.707106781187));
#5967 = DIRECTION('',(0.,0.707106781187,-0.707106781187));
#5968 = CYLINDRICAL_SURFACE('',#5969,1.);
#5969 = AXIS2_PLACEMENT_3D('',#5970,#5971,#5972);
#5970 = CARTESIAN_POINT('',(42.,-67.,10.));
#5971 = DIRECTION('',(0.,0.,1.));
#5972 = DIRECTION('',(0.,-1.,0.));
#5973 = ADVANCED_FACE('',(#5974),#5993,.T.);
#5974 = FACE_BOUND('',#5975,.F.);
#5975 = EDGE_LOOP('',(#5976,#5984,#5985,#5986));
#5976 = ORIENTED_EDGE('',*,*,#5977,.F.);
#5977 = EDGE_CURVE('',#4052,#5978,#5980,.T.);
#5978 = VERTEX_POINT('',#5979);
#5979 = CARTESIAN_POINT('',(11.,-68.,32.5));
#5980 = LINE('',#5981,#5982);
#5981 = CARTESIAN_POINT('',(11.,-68.,10.));
#5982 = VECTOR('',#5983,1.);
#5983 = DIRECTION('',(0.,0.,1.));
#5984 = ORIENTED_EDGE('',*,*,#4062,.T.);
#5985 = ORIENTED_EDGE('',*,*,#5937,.T.);
#5986 = ORIENTED_EDGE('',*,*,#5987,.F.);
#5987 = EDGE_CURVE('',#5978,#5930,#5988,.T.);
#5988 = ELLIPSE('',#5989,1.414213562373,1.);
#5989 = AXIS2_PLACEMENT_3D('',#5990,#5991,#5992);
#5990 = CARTESIAN_POINT('',(11.,-67.,31.5));
#5991 = DIRECTION('',(-0.,-0.707106781187,-0.707106781187));
#5992 = DIRECTION('',(0.,-0.707106781187,0.707106781187));
#5993 = CYLINDRICAL_SURFACE('',#5994,1.);
#5994 = AXIS2_PLACEMENT_3D('',#5995,#5996,#5997);
#5995 = CARTESIAN_POINT('',(11.,-67.,10.));
#5996 = DIRECTION('',(0.,0.,1.));
#5997 = DIRECTION('',(0.,-1.,0.));
#5998 = ADVANCED_FACE('',(#5999),#6042,.T.);
#5999 = FACE_BOUND('',#6000,.T.);
#6000 = EDGE_LOOP('',(#6001,#6009,#6017,#6025,#6033,#6039,#6040,#6041));
#6001 = ORIENTED_EDGE('',*,*,#6002,.F.);
#6002 = EDGE_CURVE('',#6003,#5953,#6005,.T.);
#6003 = VERTEX_POINT('',#6004);
#6004 = CARTESIAN_POINT('',(29.875,-68.,32.5));
#6005 = LINE('',#6006,#6007);
#6006 = CARTESIAN_POINT('',(10.,-68.,32.5));
#6007 = VECTOR('',#6008,1.);
#6008 = DIRECTION('',(1.,0.,0.));
#6009 = ORIENTED_EDGE('',*,*,#6010,.T.);
#6010 = EDGE_CURVE('',#6003,#6011,#6013,.T.);
#6011 = VERTEX_POINT('',#6012);
#6012 = CARTESIAN_POINT('',(29.875,-68.,35.5));
#6013 = LINE('',#6014,#6015);
#6014 = CARTESIAN_POINT('',(29.875,-68.,32.5));
#6015 = VECTOR('',#6016,1.);
#6016 = DIRECTION('',(0.,0.,1.));
#6017 = ORIENTED_EDGE('',*,*,#6018,.F.);
#6018 = EDGE_CURVE('',#6019,#6011,#6021,.T.);
#6019 = VERTEX_POINT('',#6020);
#6020 = CARTESIAN_POINT('',(23.125,-68.,35.5));
#6021 = LINE('',#6022,#6023);
#6022 = CARTESIAN_POINT('',(23.125,-68.,35.5));
#6023 = VECTOR('',#6024,1.);
#6024 = DIRECTION('',(1.,0.,0.));
#6025 = ORIENTED_EDGE('',*,*,#6026,.F.);
#6026 = EDGE_CURVE('',#6027,#6019,#6029,.T.);
#6027 = VERTEX_POINT('',#6028);
#6028 = CARTESIAN_POINT('',(23.125,-68.,32.5));
#6029 = LINE('',#6030,#6031);
#6030 = CARTESIAN_POINT('',(23.125,-68.,32.5));
#6031 = VECTOR('',#6032,1.);
#6032 = DIRECTION('',(0.,0.,1.));
#6033 = ORIENTED_EDGE('',*,*,#6034,.F.);
#6034 = EDGE_CURVE('',#5978,#6027,#6035,.T.);
#6035 = LINE('',#6036,#6037);
#6036 = CARTESIAN_POINT('',(10.,-68.,32.5));
#6037 = VECTOR('',#6038,1.);
#6038 = DIRECTION('',(1.,0.,0.));
#6039 = ORIENTED_EDGE('',*,*,#5977,.F.);
#6040 = ORIENTED_EDGE('',*,*,#4080,.T.);
#6041 = ORIENTED_EDGE('',*,*,#5952,.T.);
#6042 = PLANE('',#6043);
#6043 = AXIS2_PLACEMENT_3D('',#6044,#6045,#6046);
#6044 = CARTESIAN_POINT('',(26.5,-68.,22.367647058824));
#6045 = DIRECTION('',(-0.,-1.,-0.));
#6046 = DIRECTION('',(0.,0.,-1.));
#6047 = ADVANCED_FACE('',(#6048),#6059,.T.);
#6048 = FACE_BOUND('',#6049,.T.);
#6049 = EDGE_LOOP('',(#6050,#6051,#6052,#6053));
#6050 = ORIENTED_EDGE('',*,*,#4127,.T.);
#6051 = ORIENTED_EDGE('',*,*,#4180,.T.);
#6052 = ORIENTED_EDGE('',*,*,#4218,.F.);
#6053 = ORIENTED_EDGE('',*,*,#6054,.F.);
#6054 = EDGE_CURVE('',#4128,#4211,#6055,.T.);
#6055 = LINE('',#6056,#6057);
#6056 = CARTESIAN_POINT('',(97.,-110.,-2.22E-15));
#6057 = VECTOR('',#6058,1.);
#6058 = DIRECTION('',(0.,-1.,0.));
#6059 = PLANE('',#6060);
#6060 = AXIS2_PLACEMENT_3D('',#6061,#6062,#6063);
#6061 = CARTESIAN_POINT('',(98.5,-55.,1.5));
#6062 = DIRECTION('',(0.707106781187,0.,-0.707106781187));
#6063 = DIRECTION('',(0.707106781187,0.,0.707106781187));
#6064 = ADVANCED_FACE('',(#6065,#6076,#6087,#6098,#6109),#6120,.T.);
#6065 = FACE_BOUND('',#6066,.T.);
#6066 = EDGE_LOOP('',(#6067,#6068,#6069,#6070));
#6067 = ORIENTED_EDGE('',*,*,#4135,.F.);
#6068 = ORIENTED_EDGE('',*,*,#6054,.T.);
#6069 = ORIENTED_EDGE('',*,*,#4210,.F.);
#6070 = ORIENTED_EDGE('',*,*,#6071,.F.);
#6071 = EDGE_CURVE('',#4136,#4203,#6072,.T.);
#6072 = LINE('',#6073,#6074);
#6073 = CARTESIAN_POINT('',(3.,-110.,-2.2E-16));
#6074 = VECTOR('',#6075,1.);
#6075 = DIRECTION('',(0.,-1.,0.));
#6076 = FACE_BOUND('',#6077,.T.);
#6077 = EDGE_LOOP('',(#6078));
#6078 = ORIENTED_EDGE('',*,*,#6079,.F.);
#6079 = EDGE_CURVE('',#6080,#6080,#6082,.T.);
#6080 = VERTEX_POINT('',#6081);
#6081 = CARTESIAN_POINT('',(22.5,-10.,0.));
#6082 = CIRCLE('',#6083,6.5);
#6083 = AXIS2_PLACEMENT_3D('',#6084,#6085,#6086);
#6084 = CARTESIAN_POINT('',(16.,-10.,0.));
#6085 = DIRECTION('',(0.,0.,-1.));
#6086 = DIRECTION('',(1.,0.,0.));
#6087 = FACE_BOUND('',#6088,.T.);
#6088 = EDGE_LOOP('',(#6089));
#6089 = ORIENTED_EDGE('',*,*,#6090,.F.);
#6090 = EDGE_CURVE('',#6091,#6091,#6093,.T.);
#6091 = VERTEX_POINT('',#6092);
#6092 = CARTESIAN_POINT('',(90.500000000001,-10.,0.));
#6093 = CIRCLE('',#6094,6.5);
#6094 = AXIS2_PLACEMENT_3D('',#6095,#6096,#6097);
#6095 = CARTESIAN_POINT('',(84.000000000001,-10.,0.));
#6096 = DIRECTION('',(0.,0.,-1.));
#6097 = DIRECTION('',(1.,0.,0.));
#6098 = FACE_BOUND('',#6099,.T.);
#6099 = EDGE_LOOP('',(#6100));
#6100 = ORIENTED_EDGE('',*,*,#6101,.F.);
#6101 = EDGE_CURVE('',#6102,#6102,#6104,.T.);
#6102 = VERTEX_POINT('',#6103);
#6103 = CARTESIAN_POINT('',(22.5,-100.,0.));
#6104 = CIRCLE('',#6105,6.5);
#6105 = AXIS2_PLACEMENT_3D('',#6106,#6107,#6108);
#6106 = CARTESIAN_POINT('',(16.,-100.,0.));
#6107 = DIRECTION('',(0.,0.,-1.));
#6108 = DIRECTION('',(1.,0.,0.));
#6109 = FACE_BOUND('',#6110,.T.);
#6110 = EDGE_LOOP('',(#6111));
#6111 = ORIENTED_EDGE('',*,*,#6112,.F.);
#6112 = EDGE_CURVE('',#6113,#6113,#6115,.T.);
#6113 = VERTEX_POINT('',#6114);
#6114 = CARTESIAN_POINT('',(90.5,-100.,0.));
#6115 = CIRCLE('',#6116,6.5);
#6116 = AXIS2_PLACEMENT_3D('',#6117,#6118,#6119);
#6117 = CARTESIAN_POINT('',(84.,-100.,0.));
#6118 = DIRECTION('',(0.,0.,-1.));
#6119 = DIRECTION('',(1.,0.,0.));
#6120 = PLANE('',#6121);
#6121 = AXIS2_PLACEMENT_3D('',#6122,#6123,#6124);
#6122 = CARTESIAN_POINT('',(50.,-55.,-7.E-17));
#6123 = DIRECTION('',(-0.,-0.,-1.));
#6124 = DIRECTION('',(-1.,0.,0.));
#6125 = ADVANCED_FACE('',(#6126),#6132,.T.);
#6126 = FACE_BOUND('',#6127,.T.);
#6127 = EDGE_LOOP('',(#6128,#6129,#6130,#6131));
#6128 = ORIENTED_EDGE('',*,*,#4269,.T.);
#6129 = ORIENTED_EDGE('',*,*,#4143,.F.);
#6130 = ORIENTED_EDGE('',*,*,#6071,.T.);
#6131 = ORIENTED_EDGE('',*,*,#4202,.T.);
#6132 = PLANE('',#6133);
#6133 = AXIS2_PLACEMENT_3D('',#6134,#6135,#6136);
#6134 = CARTESIAN_POINT('',(1.5,-55.,1.5));
#6135 = DIRECTION('',(-0.707106781187,-0.,-0.707106781187));
#6136 = DIRECTION('',(0.707106781187,0.,-0.707106781187));
#6137 = ADVANCED_FACE('',(#6138),#6158,.T.);
#6138 = FACE_BOUND('',#6139,.T.);
#6139 = EDGE_LOOP('',(#6140,#6149,#6150,#6151));
#6140 = ORIENTED_EDGE('',*,*,#6141,.F.);
#6141 = EDGE_CURVE('',#4307,#6142,#6144,.T.);
#6142 = VERTEX_POINT('',#6143);
#6143 = CARTESIAN_POINT('',(90.5,-100.5,12.));
#6144 = CIRCLE('',#6145,0.5);
#6145 = AXIS2_PLACEMENT_3D('',#6146,#6147,#6148);
#6146 = CARTESIAN_POINT('',(90.5,-100.5,11.5));
#6147 = DIRECTION('',(0.,-1.,0.));
#6148 = DIRECTION('',(1.,0.,0.));
#6149 = ORIENTED_EDGE('',*,*,#4314,.T.);
#6150 = ORIENTED_EDGE('',*,*,#6141,.T.);
#6151 = ORIENTED_EDGE('',*,*,#6152,.F.);
#6152 = EDGE_CURVE('',#6142,#6142,#6153,.T.);
#6153 = CIRCLE('',#6154,2.5);
#6154 = AXIS2_PLACEMENT_3D('',#6155,#6156,#6157);
#6155 = CARTESIAN_POINT('',(88.,-100.5,12.));
#6156 = DIRECTION('',(0.,0.,1.));
#6157 = DIRECTION('',(1.,0.,0.));
#6158 = TOROIDAL_SURFACE('',#6159,2.5,0.5);
#6159 = AXIS2_PLACEMENT_3D('',#6160,#6161,#6162);
#6160 = CARTESIAN_POINT('',(88.,-100.5,11.5));
#6161 = DIRECTION('',(0.,0.,1.));
#6162 = DIRECTION('',(1.,0.,0.));
#6163 = ADVANCED_FACE('',(#6164),#6189,.F.);
#6164 = FACE_BOUND('',#6165,.F.);
#6165 = EDGE_LOOP('',(#6166,#6179,#6186,#6187,#6188));
#6166 = ORIENTED_EDGE('',*,*,#6167,.T.);
#6167 = EDGE_CURVE('',#4333,#6168,#6170,.T.);
#6168 = VERTEX_POINT('',#6169);
#6169 = CARTESIAN_POINT('',(59.51862325376,-59.99999810352,
    24.999999999998));
#6170 = B_SPLINE_CURVE_WITH_KNOTS('',4,(#6171,#6172,#6173,#6174,#6175,
    #6176,#6177,#6178),.UNSPECIFIED.,.F.,.F.,(5,3,5),(0.,0.499999999325,
    1.),.UNSPECIFIED.);
#6171 = CARTESIAN_POINT('',(59.52,-60.,24.961576374961));
#6172 = CARTESIAN_POINT('',(59.515004007699,-60.,25.096027994594));
#6173 = CARTESIAN_POINT('',(59.511668007453,-59.99993339377,
    25.2306336688));
#6174 = CARTESIAN_POINT('',(59.51,-59.99989998999,25.365316833975));
#6175 = CARTESIAN_POINT('',(59.51,-59.99989998999,25.634683166389));
#6176 = CARTESIAN_POINT('',(59.51166800752,-59.99993339397,
    25.76936633283));
#6177 = CARTESIAN_POINT('',(59.515004007639,-60.,25.903972003792));
#6178 = CARTESIAN_POINT('',(59.52,-60.,26.038423625039));
#6179 = ORIENTED_EDGE('',*,*,#6180,.T.);
#6180 = EDGE_CURVE('',#6168,#4541,#6181,.T.);
#6181 = CIRCLE('',#6182,0.5);
#6182 = AXIS2_PLACEMENT_3D('',#6183,#6184,#6185);
#6183 = CARTESIAN_POINT('',(59.52,-59.5,25.));
#6184 = DIRECTION('',(0.,-4.7E-16,-1.));
#6185 = DIRECTION('',(0.,1.,-4.7E-16));
#6186 = ORIENTED_EDGE('',*,*,#4548,.T.);
#6187 = ORIENTED_EDGE('',*,*,#4371,.F.);
#6188 = ORIENTED_EDGE('',*,*,#4332,.F.);
#6189 = CYLINDRICAL_SURFACE('',#6190,0.5);
#6190 = AXIS2_PLACEMENT_3D('',#6191,#6192,#6193);
#6191 = CARTESIAN_POINT('',(59.52,-59.5,25.));
#6192 = DIRECTION('',(0.,-4.7E-16,-1.));
#6193 = DIRECTION('',(0.,-1.,4.7E-16));
#6194 = ADVANCED_FACE('',(#6195),#6207,.T.);
#6195 = FACE_BOUND('',#6196,.T.);
#6196 = EDGE_LOOP('',(#6197,#6204,#6205,#6206));
#6197 = ORIENTED_EDGE('',*,*,#6198,.T.);
#6198 = EDGE_CURVE('',#4350,#4648,#6199,.T.);
#6199 = CIRCLE('',#6200,2.);
#6200 = AXIS2_PLACEMENT_3D('',#6201,#6202,#6203);
#6201 = CARTESIAN_POINT('',(92.,-62.,25.));
#6202 = DIRECTION('',(0.,0.,-1.));
#6203 = DIRECTION('',(0.,1.,0.));
#6204 = ORIENTED_EDGE('',*,*,#4647,.T.);
#6205 = ORIENTED_EDGE('',*,*,#4423,.F.);
#6206 = ORIENTED_EDGE('',*,*,#4357,.F.);
#6207 = CYLINDRICAL_SURFACE('',#6208,2.);
#6208 = AXIS2_PLACEMENT_3D('',#6209,#6210,#6211);
#6209 = CARTESIAN_POINT('',(92.,-62.,25.));
#6210 = DIRECTION('',(0.,0.,-1.));
#6211 = DIRECTION('',(0.,1.,0.));
#6212 = ADVANCED_FACE('',(#6213),#6262,.F.);
#6213 = FACE_BOUND('',#6214,.T.);
#6214 = EDGE_LOOP('',(#6215,#6223,#6231,#6237,#6238,#6246,#6254,#6260,
    #6261));
#6215 = ORIENTED_EDGE('',*,*,#6216,.T.);
#6216 = EDGE_CURVE('',#6168,#6217,#6219,.T.);
#6217 = VERTEX_POINT('',#6218);
#6218 = CARTESIAN_POINT('',(59.518623253811,-72.32768305807,25.));
#6219 = LINE('',#6220,#6221);
#6220 = CARTESIAN_POINT('',(59.518623253811,-60.,25.));
#6221 = VECTOR('',#6222,1.);
#6222 = DIRECTION('',(0.,-1.,2.2E-16));
#6223 = ORIENTED_EDGE('',*,*,#6224,.T.);
#6224 = EDGE_CURVE('',#6217,#6225,#6227,.T.);
#6225 = VERTEX_POINT('',#6226);
#6226 = CARTESIAN_POINT('',(59.518623253811,-77.67231694193,25.));
#6227 = LINE('',#6228,#6229);
#6228 = CARTESIAN_POINT('',(59.518623253811,-60.,25.));
#6229 = VECTOR('',#6230,1.);
#6230 = DIRECTION('',(0.,-1.,2.2E-16));
#6231 = ORIENTED_EDGE('',*,*,#6232,.T.);
#6232 = EDGE_CURVE('',#6225,#4861,#6233,.T.);
#6233 = LINE('',#6234,#6235);
#6234 = CARTESIAN_POINT('',(59.518623253811,-60.,25.));
#6235 = VECTOR('',#6236,1.);
#6236 = DIRECTION('',(0.,-1.,2.2E-16));
#6237 = ORIENTED_EDGE('',*,*,#4868,.T.);
#6238 = ORIENTED_EDGE('',*,*,#6239,.F.);
#6239 = EDGE_CURVE('',#6240,#4869,#6242,.T.);
#6240 = VERTEX_POINT('',#6241);
#6241 = CARTESIAN_POINT('',(88.501376746189,-77.67231694192,25.));
#6242 = LINE('',#6243,#6244);
#6243 = CARTESIAN_POINT('',(88.501376746189,-60.,25.));
#6244 = VECTOR('',#6245,1.);
#6245 = DIRECTION('',(0.,-1.,2.2E-16));
#6246 = ORIENTED_EDGE('',*,*,#6247,.F.);
#6247 = EDGE_CURVE('',#6248,#6240,#6250,.T.);
#6248 = VERTEX_POINT('',#6249);
#6249 = CARTESIAN_POINT('',(88.501376746189,-72.32768305807,25.));
#6250 = LINE('',#6251,#6252);
#6251 = CARTESIAN_POINT('',(88.501376746189,-60.,25.));
#6252 = VECTOR('',#6253,1.);
#6253 = DIRECTION('',(0.,-1.,2.2E-16));
#6254 = ORIENTED_EDGE('',*,*,#6255,.F.);
#6255 = EDGE_CURVE('',#4341,#6248,#6256,.T.);
#6256 = LINE('',#6257,#6258);
#6257 = CARTESIAN_POINT('',(88.501376746189,-60.,25.));
#6258 = VECTOR('',#6259,1.);
#6259 = DIRECTION('',(0.,-1.,2.2E-16));
#6260 = ORIENTED_EDGE('',*,*,#4340,.F.);
#6261 = ORIENTED_EDGE('',*,*,#6167,.T.);
#6262 = CYLINDRICAL_SURFACE('',#6263,14.5);
#6263 = AXIS2_PLACEMENT_3D('',#6264,#6265,#6266);
#6264 = CARTESIAN_POINT('',(74.01,-60.,25.5));
#6265 = DIRECTION('',(0.,1.,-2.2E-16));
#6266 = DIRECTION('',(1.,0.,0.));
#6267 = ADVANCED_FACE('',(#6268,#6279),#6309,.F.);
#6268 = FACE_BOUND('',#6269,.F.);
#6269 = EDGE_LOOP('',(#6270));
#6270 = ORIENTED_EDGE('',*,*,#6271,.T.);
#6271 = EDGE_CURVE('',#6272,#6272,#6274,.T.);
#6272 = VERTEX_POINT('',#6273);
#6273 = CARTESIAN_POINT('',(93.070688373095,-65.,25.));
#6274 = CIRCLE('',#6275,1.82);
#6275 = AXIS2_PLACEMENT_3D('',#6276,#6277,#6278);
#6276 = CARTESIAN_POINT('',(91.250688373095,-65.,25.));
#6277 = DIRECTION('',(0.,2.2E-16,1.));
#6278 = DIRECTION('',(1.,-1.077E-14,2.3694E-30));
#6279 = FACE_BOUND('',#6280,.F.);
#6280 = EDGE_LOOP('',(#6281,#6291,#6298,#6299,#6300,#6301,#6302));
#6281 = ORIENTED_EDGE('',*,*,#6282,.T.);
#6282 = EDGE_CURVE('',#6283,#6285,#6287,.T.);
#6283 = VERTEX_POINT('',#6284);
#6284 = CARTESIAN_POINT('',(93.5,-70.5,25.));
#6285 = VERTEX_POINT('',#6286);
#6286 = CARTESIAN_POINT('',(90.4,-70.5,25.));
#6287 = LINE('',#6288,#6289);
#6288 = CARTESIAN_POINT('',(94.,-70.5,25.));
#6289 = VECTOR('',#6290,1.);
#6290 = DIRECTION('',(-1.,0.,0.));
#6291 = ORIENTED_EDGE('',*,*,#6292,.T.);
#6292 = EDGE_CURVE('',#6285,#6248,#6293,.T.);
#6293 = CIRCLE('',#6294,1.9);
#6294 = AXIS2_PLACEMENT_3D('',#6295,#6296,#6297);
#6295 = CARTESIAN_POINT('',(90.4,-72.4,25.));
#6296 = DIRECTION('',(0.,0.,1.));
#6297 = DIRECTION('',(1.,0.,0.));
#6298 = ORIENTED_EDGE('',*,*,#6255,.F.);
#6299 = ORIENTED_EDGE('',*,*,#4349,.F.);
#6300 = ORIENTED_EDGE('',*,*,#6198,.T.);
#6301 = ORIENTED_EDGE('',*,*,#4655,.T.);
#6302 = ORIENTED_EDGE('',*,*,#6303,.T.);
#6303 = EDGE_CURVE('',#4656,#6283,#6304,.T.);
#6304 = CIRCLE('',#6305,0.5);
#6305 = AXIS2_PLACEMENT_3D('',#6306,#6307,#6308);
#6306 = CARTESIAN_POINT('',(93.5,-71.,25.));
#6307 = DIRECTION('',(-0.,0.,1.));
#6308 = DIRECTION('',(0.,-1.,0.));
#6309 = PLANE('',#6310);
#6310 = AXIS2_PLACEMENT_3D('',#6311,#6312,#6313);
#6311 = CARTESIAN_POINT('',(94.,-60.,25.));
#6312 = DIRECTION('',(-0.,-2.2E-16,-1.));
#6313 = DIRECTION('',(-1.,0.,0.));
#6314 = ADVANCED_FACE('',(#6315),#6327,.T.);
#6315 = FACE_BOUND('',#6316,.F.);
#6316 = EDGE_LOOP('',(#6317,#6324,#6325,#6326));
#6317 = ORIENTED_EDGE('',*,*,#6318,.T.);
#6318 = EDGE_CURVE('',#4516,#4778,#6319,.T.);
#6319 = ELLIPSE('',#6320,0.707106781187,0.5);
#6320 = AXIS2_PLACEMENT_3D('',#6321,#6322,#6323);
#6321 = CARTESIAN_POINT('',(58.52,-50.5,24.5));
#6322 = DIRECTION('',(-0.707106781187,0.,0.707106781187));
#6323 = DIRECTION('',(-0.707106781187,0.,-0.707106781187));
#6324 = ORIENTED_EDGE('',*,*,#4785,.T.);
#6325 = ORIENTED_EDGE('',*,*,#4562,.F.);
#6326 = ORIENTED_EDGE('',*,*,#4515,.F.);
#6327 = CYLINDRICAL_SURFACE('',#6328,0.5);
#6328 = AXIS2_PLACEMENT_3D('',#6329,#6330,#6331);
#6329 = CARTESIAN_POINT('',(58.52,-50.5,25.));
#6330 = DIRECTION('',(0.,0.,-1.));
#6331 = DIRECTION('',(1.,0.,0.));
#6332 = ADVANCED_FACE('',(#6333),#6369,.T.);
#6333 = FACE_BOUND('',#6334,.T.);
#6334 = EDGE_LOOP('',(#6335,#6336,#6346,#6354,#6362,#6363));
#6335 = ORIENTED_EDGE('',*,*,#5024,.F.);
#6336 = ORIENTED_EDGE('',*,*,#6337,.F.);
#6337 = EDGE_CURVE('',#6338,#5016,#6340,.T.);
#6338 = VERTEX_POINT('',#6339);
#6339 = CARTESIAN_POINT('',(54.047635194714,-50.86357642401,25.));
#6340 = B_SPLINE_CURVE_WITH_KNOTS('',4,(#6341,#6342,#6343,#6344,#6345),
  .UNSPECIFIED.,.F.,.F.,(5,5),(0.,1.),.PIECEWISE_BEZIER_KNOTS.);
#6341 = CARTESIAN_POINT('',(54.047635194714,-50.86357642401,25.));
#6342 = CARTESIAN_POINT('',(54.033882896296,-50.80588257841,25.));
#6343 = CARTESIAN_POINT('',(54.024628849536,-50.74711499725,25.));
#6344 = CARTESIAN_POINT('',(54.02,-50.68780581011,25.));
#6345 = CARTESIAN_POINT('',(54.02,-50.62850140112,25.));
#6346 = ORIENTED_EDGE('',*,*,#6347,.T.);
#6347 = EDGE_CURVE('',#6338,#6348,#6350,.T.);
#6348 = VERTEX_POINT('',#6349);
#6349 = CARTESIAN_POINT('',(58.992364805286,-50.86357642401,25.));
#6350 = LINE('',#6351,#6352);
#6351 = CARTESIAN_POINT('',(54.02,-50.86357642401,25.));
#6352 = VECTOR('',#6353,1.);
#6353 = DIRECTION('',(1.,0.,0.));
#6354 = ORIENTED_EDGE('',*,*,#6355,.T.);
#6355 = EDGE_CURVE('',#6348,#4524,#6356,.T.);
#6356 = B_SPLINE_CURVE_WITH_KNOTS('',4,(#6357,#6358,#6359,#6360,#6361),
  .UNSPECIFIED.,.F.,.F.,(5,5),(0.,1.),.PIECEWISE_BEZIER_KNOTS.);
#6357 = CARTESIAN_POINT('',(58.992364805286,-50.86357642401,25.));
#6358 = CARTESIAN_POINT('',(59.006117146024,-50.80588240087,25.));
#6359 = CARTESIAN_POINT('',(59.015371137675,-50.74711488028,25.));
#6360 = CARTESIAN_POINT('',(59.02,-50.68780596428,25.));
#6361 = CARTESIAN_POINT('',(59.02,-50.62850140112,25.));
#6362 = ORIENTED_EDGE('',*,*,#4523,.T.);
#6363 = ORIENTED_EDGE('',*,*,#6364,.F.);
#6364 = EDGE_CURVE('',#5025,#4516,#6365,.T.);
#6365 = LINE('',#6366,#6367);
#6366 = CARTESIAN_POINT('',(54.02,-50.5,25.));
#6367 = VECTOR('',#6368,1.);
#6368 = DIRECTION('',(1.,0.,0.));
#6369 = PLANE('',#6370);
#6370 = AXIS2_PLACEMENT_3D('',#6371,#6372,#6373);
#6371 = CARTESIAN_POINT('',(54.02,-51.63696565584,25.));
#6372 = DIRECTION('',(0.,0.,1.));
#6373 = DIRECTION('',(0.,1.,0.));
#6374 = ADVANCED_FACE('',(#6375,#6386),#6442,.T.);
#6375 = FACE_BOUND('',#6376,.T.);
#6376 = EDGE_LOOP('',(#6377));
#6377 = ORIENTED_EDGE('',*,*,#6378,.F.);
#6378 = EDGE_CURVE('',#6379,#6379,#6381,.T.);
#6379 = VERTEX_POINT('',#6380);
#6380 = CARTESIAN_POINT('',(58.589311626897,-65.,25.));
#6381 = CIRCLE('',#6382,1.82);
#6382 = AXIS2_PLACEMENT_3D('',#6383,#6384,#6385);
#6383 = CARTESIAN_POINT('',(56.769311626897,-65.,25.));
#6384 = DIRECTION('',(1.07E-15,-8.32E-15,1.));
#6385 = DIRECTION('',(1.,0.,-1.07E-15));
#6386 = FACE_BOUND('',#6387,.T.);
#6387 = EDGE_LOOP('',(#6388,#6398,#6405,#6406,#6407,#6408,#6418,#6426,
    #6434,#6435));
#6388 = ORIENTED_EDGE('',*,*,#6389,.F.);
#6389 = EDGE_CURVE('',#6390,#6392,#6394,.T.);
#6390 = VERTEX_POINT('',#6391);
#6391 = CARTESIAN_POINT('',(57.62,-70.5,25.));
#6392 = VERTEX_POINT('',#6393);
#6393 = CARTESIAN_POINT('',(54.52,-70.5,25.));
#6394 = LINE('',#6395,#6396);
#6395 = CARTESIAN_POINT('',(57.62,-70.5,25.));
#6396 = VECTOR('',#6397,1.);
#6397 = DIRECTION('',(-1.,0.,0.));
#6398 = ORIENTED_EDGE('',*,*,#6399,.F.);
#6399 = EDGE_CURVE('',#6217,#6390,#6400,.T.);
#6400 = CIRCLE('',#6401,1.9);
#6401 = AXIS2_PLACEMENT_3D('',#6402,#6403,#6404);
#6402 = CARTESIAN_POINT('',(57.62,-72.4,25.));
#6403 = DIRECTION('',(0.,0.,1.));
#6404 = DIRECTION('',(1.,0.,0.));
#6405 = ORIENTED_EDGE('',*,*,#6216,.F.);
#6406 = ORIENTED_EDGE('',*,*,#6180,.T.);
#6407 = ORIENTED_EDGE('',*,*,#4540,.T.);
#6408 = ORIENTED_EDGE('',*,*,#6409,.F.);
#6409 = EDGE_CURVE('',#6410,#4532,#6412,.T.);
#6410 = VERTEX_POINT('',#6411);
#6411 = CARTESIAN_POINT('',(58.992364805286,-59.13642357598,25.));
#6412 = B_SPLINE_CURVE_WITH_KNOTS('',4,(#6413,#6414,#6415,#6416,#6417),
  .UNSPECIFIED.,.F.,.F.,(5,5),(0.,1.),.PIECEWISE_BEZIER_KNOTS.);
#6413 = CARTESIAN_POINT('',(58.992364805286,-59.13642357598,25.));
#6414 = CARTESIAN_POINT('',(59.006117158874,-59.19411765303,25.));
#6415 = CARTESIAN_POINT('',(59.015371114554,-59.25288487354,25.));
#6416 = CARTESIAN_POINT('',(59.02,-59.31219416391,25.));
#6417 = CARTESIAN_POINT('',(59.02,-59.37149859887,25.));
#6418 = ORIENTED_EDGE('',*,*,#6419,.F.);
#6419 = EDGE_CURVE('',#6420,#6410,#6422,.T.);
#6420 = VERTEX_POINT('',#6421);
#6421 = CARTESIAN_POINT('',(54.047635194714,-59.13642357598,25.));
#6422 = LINE('',#6423,#6424);
#6423 = CARTESIAN_POINT('',(54.02,-59.13642357598,25.));
#6424 = VECTOR('',#6425,1.);
#6425 = DIRECTION('',(1.,0.,0.));
#6426 = ORIENTED_EDGE('',*,*,#6427,.T.);
#6427 = EDGE_CURVE('',#6420,#5008,#6428,.T.);
#6428 = B_SPLINE_CURVE_WITH_KNOTS('',4,(#6429,#6430,#6431,#6432,#6433),
  .UNSPECIFIED.,.F.,.F.,(5,5),(0.,1.),.PIECEWISE_BEZIER_KNOTS.);
#6429 = CARTESIAN_POINT('',(54.047635194714,-59.13642357598,25.));
#6430 = CARTESIAN_POINT('',(54.033882841126,-59.19411765303,25.));
#6431 = CARTESIAN_POINT('',(54.024628885446,-59.25288487354,25.));
#6432 = CARTESIAN_POINT('',(54.02,-59.31219416391,25.));
#6433 = CARTESIAN_POINT('',(54.02,-59.37149859887,25.));
#6434 = ORIENTED_EDGE('',*,*,#5007,.F.);
#6435 = ORIENTED_EDGE('',*,*,#6436,.F.);
#6436 = EDGE_CURVE('',#6392,#5000,#6437,.T.);
#6437 = CIRCLE('',#6438,0.5);
#6438 = AXIS2_PLACEMENT_3D('',#6439,#6440,#6441);
#6439 = CARTESIAN_POINT('',(54.52,-71.,25.));
#6440 = DIRECTION('',(-0.,0.,1.));
#6441 = DIRECTION('',(0.,-1.,0.));
#6442 = PLANE('',#6443);
#6443 = AXIS2_PLACEMENT_3D('',#6444,#6445,#6446);
#6444 = CARTESIAN_POINT('',(56.94266719287,-64.99662284954,25.));
#6445 = DIRECTION('',(1.07E-15,-8.32E-15,1.));
#6446 = DIRECTION('',(0.,1.,8.32E-15));
#6447 = ADVANCED_FACE('',(#6448),#6504,.T.);
#6448 = FACE_BOUND('',#6449,.F.);
#6449 = EDGE_LOOP('',(#6450,#6451,#6452,#6453,#6475,#6484));
#6450 = ORIENTED_EDGE('',*,*,#6355,.T.);
#6451 = ORIENTED_EDGE('',*,*,#4531,.T.);
#6452 = ORIENTED_EDGE('',*,*,#6409,.F.);
#6453 = ORIENTED_EDGE('',*,*,#6454,.F.);
#6454 = EDGE_CURVE('',#6455,#6410,#6457,.T.);
#6455 = VERTEX_POINT('',#6456);
#6456 = CARTESIAN_POINT('',(58.02,-58.19632730871,24.340909090909));
#6457 = B_SPLINE_CURVE_WITH_KNOTS('',6,(#6458,#6459,#6460,#6461,#6462,
    #6463,#6464,#6465,#6466,#6467,#6468,#6469,#6470,#6471,#6472,#6473,
    #6474),.UNSPECIFIED.,.F.,.F.,(7,5,5,7),(0.,0.341957970987,
    0.662684318105,1.),.UNSPECIFIED.);
#6458 = CARTESIAN_POINT('',(58.02,-58.19632730871,24.34090909091));
#6459 = CARTESIAN_POINT('',(58.089654582622,-58.21720138418,
    24.398470783728));
#6460 = CARTESIAN_POINT('',(58.159299389002,-58.24230059067,
    24.454491685775));
#6461 = CARTESIAN_POINT('',(58.228589633615,-58.2715947196,
    24.508881208938));
#6462 = CARTESIAN_POINT('',(58.297150406584,-58.30513411884,
    24.561494838892));
#6463 = CARTESIAN_POINT('',(58.364555813967,-58.34303941382,
    24.612106203455));
#6464 = CARTESIAN_POINT('',(58.491977966652,-58.42530727821,
    24.705654888879));
#6465 = CARTESIAN_POINT('',(58.552169277094,-58.46910742321,
    24.74885548545));
#6466 = CARTESIAN_POINT('',(58.610486288063,-58.51704546182,
    24.789714260828));
#6467 = CARTESIAN_POINT('',(58.666395000742,-58.56927834993,
    24.827814711732));
#6468 = CARTESIAN_POINT('',(58.719221963459,-58.62591442032,
    24.862580490174));
#6469 = CARTESIAN_POINT('',(58.819683790094,-58.75108976389,
    24.925568792476));
#6470 = CARTESIAN_POINT('',(58.866914228094,-58.82010002448,
    24.953363737222));
#6471 = CARTESIAN_POINT('',(58.908910994074,-58.89385031993,
    24.975775494068));
#6472 = CARTESIAN_POINT('',(58.944517522011,-58.97192238172,
    24.991715222885));
#6473 = CARTESIAN_POINT('',(58.972559531915,-59.05333620039,25.));
#6474 = CARTESIAN_POINT('',(58.992364805286,-59.13642357598,25.));
#6475 = ORIENTED_EDGE('',*,*,#6476,.F.);
#6476 = EDGE_CURVE('',#6477,#6455,#6479,.T.);
#6477 = VERTEX_POINT('',#6478);
#6478 = CARTESIAN_POINT('',(58.02,-51.80367269128,24.340909090909));
#6479 = CIRCLE('',#6480,3.4);
#6480 = AXIS2_PLACEMENT_3D('',#6481,#6482,#6483);
#6481 = CARTESIAN_POINT('',(58.02,-55.,25.5));
#6482 = DIRECTION('',(-1.,0.,-0.));
#6483 = DIRECTION('',(0.,0.989127748282,-0.147058823529));
#6484 = ORIENTED_EDGE('',*,*,#6485,.T.);
#6485 = EDGE_CURVE('',#6477,#6348,#6486,.T.);
#6486 = B_SPLINE_CURVE_WITH_KNOTS('',6,(#6487,#6488,#6489,#6490,#6491,
    #6492,#6493,#6494,#6495,#6496,#6497,#6498,#6499,#6500,#6501,#6502,
    #6503),.UNSPECIFIED.,.F.,.F.,(7,5,5,7),(0.,0.34195757519,
    0.663821478849,1.),.UNSPECIFIED.);
#6487 = CARTESIAN_POINT('',(58.02,-51.80367269126,24.340909090946));
#6488 = CARTESIAN_POINT('',(58.08965458266,-51.78279861582,
    24.398470783702));
#6489 = CARTESIAN_POINT('',(58.159299389038,-51.75769940929,
    24.45449168583));
#6490 = CARTESIAN_POINT('',(58.228589633669,-51.72840528035,
    24.508881209002));
#6491 = CARTESIAN_POINT('',(58.297150406665,-51.69486588112,
    24.561494838933));
#6492 = CARTESIAN_POINT('',(58.364555814059,-51.65696058612,
    24.612106203523));
#6493 = CARTESIAN_POINT('',(58.492196769856,-51.57455145534,
    24.705815526189));
#6494 = CARTESIAN_POINT('',(58.552596208397,-51.53058183066,
    24.749161889018));
#6495 = CARTESIAN_POINT('',(58.611106714588,-51.48244432383,
    24.790148911731));
#6496 = CARTESIAN_POINT('',(58.66718812306,-51.42998021407,
    24.828355129687));
#6497 = CARTESIAN_POINT('',(58.720158585785,-51.37308041605,
    24.863196715905));
#6498 = CARTESIAN_POINT('',(58.82047933174,-51.24774638063,
    24.926036688529));
#6499 = CARTESIAN_POINT('',(58.867479995918,-51.17890531562,
    24.953665458887));
#6500 = CARTESIAN_POINT('',(58.909270808452,-51.10536010836,
    24.975936414583));
#6501 = CARTESIAN_POINT('',(58.944706598107,-51.02752854865,
    24.991771061016));
#6502 = CARTESIAN_POINT('',(58.972626370465,-50.94638339099,
    24.999999998392));
#6503 = CARTESIAN_POINT('',(58.992364805286,-50.86357642401,25.));
#6504 = TOROIDAL_SURFACE('',#6505,4.4,1.);
#6505 = AXIS2_PLACEMENT_3D('',#6506,#6507,#6508);
#6506 = CARTESIAN_POINT('',(58.02,-55.,25.5));
#6507 = DIRECTION('',(1.,0.,0.));
#6508 = DIRECTION('',(0.,0.989127748282,-0.147058823529));
#6509 = ADVANCED_FACE('',(#6510),#6555,.T.);
#6510 = FACE_BOUND('',#6511,.F.);
#6511 = EDGE_LOOP('',(#6512,#6513,#6531,#6539));
#6512 = ORIENTED_EDGE('',*,*,#4614,.F.);
#6513 = ORIENTED_EDGE('',*,*,#6514,.T.);
#6514 = EDGE_CURVE('',#4615,#6515,#6517,.T.);
#6515 = VERTEX_POINT('',#6516);
#6516 = CARTESIAN_POINT('',(93.,-78.5,35.));
#6517 = ( BOUNDED_CURVE() B_SPLINE_CURVE(12,(#6518,#6519,#6520,#6521,
    #6522,#6523,#6524,#6525,#6526,#6527,#6528,#6529,#6530),
.UNSPECIFIED.,.F.,.F.) B_SPLINE_CURVE_WITH_KNOTS((13,13),(9.,
10.910098894519),.PIECEWISE_BEZIER_KNOTS.) CURVE() 
GEOMETRIC_REPRESENTATION_ITEM() RATIONAL_B_SPLINE_CURVE((1.,1.,
    1.000000000001,0.999999999999,1.000000000003,0.999999999997,
    1.000000000003,0.999999999997,1.000000000002,0.999999999999,1.,1.,1.
)) REPRESENTATION_ITEM('') );
#6518 = CARTESIAN_POINT('',(94.,-79.,34.));
#6519 = CARTESIAN_POINT('',(94.,-79.,34.065449547329));
#6520 = CARTESIAN_POINT('',(93.995255897684,-78.99528118603,
    34.131006471288));
#6521 = CARTESIAN_POINT('',(93.986411075049,-78.98621765116,
    34.202819119924));
#6522 = CARTESIAN_POINT('',(93.968155512688,-78.97237502487,
    34.294841541065));
#6523 = CARTESIAN_POINT('',(93.941080535856,-78.95645968127,
    34.39003489677));
#6524 = CARTESIAN_POINT('',(93.89124829768,-78.94366363215,
    34.554870070984));
#6525 = CARTESIAN_POINT('',(93.786225586259,-78.88729167672,
    34.676830119784));
#6526 = CARTESIAN_POINT('',(93.667116814423,-78.83338121826,
    34.80520101488));
#6527 = CARTESIAN_POINT('',(93.514733670434,-78.75672828567,
    34.899904491116));
#6528 = CARTESIAN_POINT('',(93.349154292105,-78.67462121387,
    34.966817097084));
#6529 = CARTESIAN_POINT('',(93.174532126211,-78.5872660631,35.));
#6530 = CARTESIAN_POINT('',(93.,-78.5,35.));
#6531 = ORIENTED_EDGE('',*,*,#6532,.T.);
#6532 = EDGE_CURVE('',#6515,#6533,#6535,.T.);
#6533 = VERTEX_POINT('',#6534);
#6534 = CARTESIAN_POINT('',(93.,-71.5,35.));
#6535 = LINE('',#6536,#6537);
#6536 = CARTESIAN_POINT('',(93.,-79.5,35.));
#6537 = VECTOR('',#6538,1.);
#6538 = DIRECTION('',(0.,1.,0.));
#6539 = ORIENTED_EDGE('',*,*,#6540,.F.);
#6540 = EDGE_CURVE('',#4617,#6533,#6541,.T.);
#6541 = ( BOUNDED_CURVE() B_SPLINE_CURVE(12,(#6542,#6543,#6544,#6545,
    #6546,#6547,#6548,#6549,#6550,#6551,#6552,#6553,#6554),
.UNSPECIFIED.,.F.,.F.) B_SPLINE_CURVE_WITH_KNOTS((13,13),(9.,
10.910098894519),.PIECEWISE_BEZIER_KNOTS.) CURVE() 
GEOMETRIC_REPRESENTATION_ITEM() RATIONAL_B_SPLINE_CURVE((1.,1.,1.,1.,
    0.999999999999,1.000000000001,0.999999999999,1.000000000001,1.,1.,1.
,1.,1.)) REPRESENTATION_ITEM('') );
#6542 = CARTESIAN_POINT('',(94.,-71.,34.));
#6543 = CARTESIAN_POINT('',(94.,-71.,34.065449547329));
#6544 = CARTESIAN_POINT('',(93.995255897684,-71.00471881396,
    34.131006471288));
#6545 = CARTESIAN_POINT('',(93.986411075049,-71.01378234883,
    34.202819119925));
#6546 = CARTESIAN_POINT('',(93.968155512689,-71.02762497513,
    34.294841541064));
#6547 = CARTESIAN_POINT('',(93.941080535853,-71.04354031872,
    34.390034896771));
#6548 = CARTESIAN_POINT('',(93.891248297685,-71.05633636785,
    34.554870070983));
#6549 = CARTESIAN_POINT('',(93.786225586255,-71.11270832327,
    34.676830119784));
#6550 = CARTESIAN_POINT('',(93.667116814425,-71.16661878173,
    34.805201014881));
#6551 = CARTESIAN_POINT('',(93.514733670433,-71.24327171432,
    34.899904491115));
#6552 = CARTESIAN_POINT('',(93.349154292105,-71.32537878613,
    34.966817097084));
#6553 = CARTESIAN_POINT('',(93.174532126211,-71.41273393689,35.));
#6554 = CARTESIAN_POINT('',(93.,-71.5,35.));
#6555 = CYLINDRICAL_SURFACE('',#6556,1.);
#6556 = AXIS2_PLACEMENT_3D('',#6557,#6558,#6559);
#6557 = CARTESIAN_POINT('',(93.,-79.5,34.));
#6558 = DIRECTION('',(0.,1.,0.));
#6559 = DIRECTION('',(1.,0.,0.));
#6560 = ADVANCED_FACE('',(#6561),#6588,.T.);
#6561 = FACE_BOUND('',#6562,.F.);
#6562 = EDGE_LOOP('',(#6563,#6572,#6580,#6587));
#6563 = ORIENTED_EDGE('',*,*,#6564,.T.);
#6564 = EDGE_CURVE('',#4625,#6565,#6567,.T.);
#6565 = VERTEX_POINT('',#6566);
#6566 = CARTESIAN_POINT('',(93.5,-79.5,25.));
#6567 = CIRCLE('',#6568,0.5);
#6568 = AXIS2_PLACEMENT_3D('',#6569,#6570,#6571);
#6569 = CARTESIAN_POINT('',(93.5,-79.,25.));
#6570 = DIRECTION('',(-0.,-0.,-1.));
#6571 = DIRECTION('',(0.,-1.,0.));
#6572 = ORIENTED_EDGE('',*,*,#6573,.T.);
#6573 = EDGE_CURVE('',#6565,#6574,#6576,.T.);
#6574 = VERTEX_POINT('',#6575);
#6575 = CARTESIAN_POINT('',(93.5,-79.5,34.));
#6576 = LINE('',#6577,#6578);
#6577 = CARTESIAN_POINT('',(93.5,-79.5,25.));
#6578 = VECTOR('',#6579,1.);
#6579 = DIRECTION('',(0.,0.,1.));
#6580 = ORIENTED_EDGE('',*,*,#6581,.F.);
#6581 = EDGE_CURVE('',#4615,#6574,#6582,.T.);
#6582 = CIRCLE('',#6583,0.5);
#6583 = AXIS2_PLACEMENT_3D('',#6584,#6585,#6586);
#6584 = CARTESIAN_POINT('',(93.5,-79.,34.));
#6585 = DIRECTION('',(0.,0.,-1.));
#6586 = DIRECTION('',(1.,0.,0.));
#6587 = ORIENTED_EDGE('',*,*,#4624,.F.);
#6588 = CYLINDRICAL_SURFACE('',#6589,0.5);
#6589 = AXIS2_PLACEMENT_3D('',#6590,#6591,#6592);
#6590 = CARTESIAN_POINT('',(93.5,-79.,25.));
#6591 = DIRECTION('',(0.,0.,1.));
#6592 = DIRECTION('',(1.,0.,0.));
#6593 = ADVANCED_FACE('',(#6594),#6613,.T.);
#6594 = FACE_BOUND('',#6595,.T.);
#6595 = EDGE_LOOP('',(#6596,#6597,#6605,#6612));
#6596 = ORIENTED_EDGE('',*,*,#6303,.T.);
#6597 = ORIENTED_EDGE('',*,*,#6598,.T.);
#6598 = EDGE_CURVE('',#6283,#6599,#6601,.T.);
#6599 = VERTEX_POINT('',#6600);
#6600 = CARTESIAN_POINT('',(93.5,-70.5,34.));
#6601 = LINE('',#6602,#6603);
#6602 = CARTESIAN_POINT('',(93.5,-70.5,25.));
#6603 = VECTOR('',#6604,1.);
#6604 = DIRECTION('',(0.,0.,1.));
#6605 = ORIENTED_EDGE('',*,*,#6606,.F.);
#6606 = EDGE_CURVE('',#4617,#6599,#6607,.T.);
#6607 = CIRCLE('',#6608,0.5);
#6608 = AXIS2_PLACEMENT_3D('',#6609,#6610,#6611);
#6609 = CARTESIAN_POINT('',(93.5,-71.,34.));
#6610 = DIRECTION('',(0.,0.,1.));
#6611 = DIRECTION('',(1.,0.,0.));
#6612 = ORIENTED_EDGE('',*,*,#4663,.F.);
#6613 = CYLINDRICAL_SURFACE('',#6614,0.5);
#6614 = AXIS2_PLACEMENT_3D('',#6615,#6616,#6617);
#6615 = CARTESIAN_POINT('',(93.5,-71.,25.));
#6616 = DIRECTION('',(0.,0.,1.));
#6617 = DIRECTION('',(1.,0.,0.));
#6618 = ADVANCED_FACE('',(#6619,#6630),#6658,.F.);
#6619 = FACE_BOUND('',#6620,.F.);
#6620 = EDGE_LOOP('',(#6621));
#6621 = ORIENTED_EDGE('',*,*,#6622,.T.);
#6622 = EDGE_CURVE('',#6623,#6623,#6625,.T.);
#6623 = VERTEX_POINT('',#6624);
#6624 = CARTESIAN_POINT('',(93.070688373095,-85.,25.));
#6625 = CIRCLE('',#6626,1.82);
#6626 = AXIS2_PLACEMENT_3D('',#6627,#6628,#6629);
#6627 = CARTESIAN_POINT('',(91.250688373095,-85.,25.));
#6628 = DIRECTION('',(0.,2.2E-16,1.));
#6629 = DIRECTION('',(1.,-1.077E-14,2.3694E-30));
#6630 = FACE_BOUND('',#6631,.F.);
#6631 = EDGE_LOOP('',(#6632,#6640,#6641,#6642,#6649,#6650,#6651));
#6632 = ORIENTED_EDGE('',*,*,#6633,.T.);
#6633 = EDGE_CURVE('',#6634,#6565,#6636,.T.);
#6634 = VERTEX_POINT('',#6635);
#6635 = CARTESIAN_POINT('',(90.4,-79.5,25.));
#6636 = LINE('',#6637,#6638);
#6637 = CARTESIAN_POINT('',(90.4,-79.5,25.));
#6638 = VECTOR('',#6639,1.);
#6639 = DIRECTION('',(1.,0.,0.));
#6640 = ORIENTED_EDGE('',*,*,#6564,.F.);
#6641 = ORIENTED_EDGE('',*,*,#4632,.F.);
#6642 = ORIENTED_EDGE('',*,*,#6643,.T.);
#6643 = EDGE_CURVE('',#4633,#4878,#6644,.T.);
#6644 = CIRCLE('',#6645,2.);
#6645 = AXIS2_PLACEMENT_3D('',#6646,#6647,#6648);
#6646 = CARTESIAN_POINT('',(92.,-88.,25.));
#6647 = DIRECTION('',(0.,0.,-1.));
#6648 = DIRECTION('',(0.,1.,0.));
#6649 = ORIENTED_EDGE('',*,*,#4877,.T.);
#6650 = ORIENTED_EDGE('',*,*,#6239,.F.);
#6651 = ORIENTED_EDGE('',*,*,#6652,.T.);
#6652 = EDGE_CURVE('',#6240,#6634,#6653,.T.);
#6653 = CIRCLE('',#6654,1.9);
#6654 = AXIS2_PLACEMENT_3D('',#6655,#6656,#6657);
#6655 = CARTESIAN_POINT('',(90.4,-77.6,25.));
#6656 = DIRECTION('',(0.,0.,1.));
#6657 = DIRECTION('',(1.,0.,0.));
#6658 = PLANE('',#6659);
#6659 = AXIS2_PLACEMENT_3D('',#6660,#6661,#6662);
#6660 = CARTESIAN_POINT('',(94.,-60.,25.));
#6661 = DIRECTION('',(-0.,-2.2E-16,-1.));
#6662 = DIRECTION('',(-1.,0.,0.));
#6663 = ADVANCED_FACE('',(#6664),#6670,.T.);
#6664 = FACE_BOUND('',#6665,.T.);
#6665 = EDGE_LOOP('',(#6666,#6667,#6668,#6669));
#6666 = ORIENTED_EDGE('',*,*,#6643,.T.);
#6667 = ORIENTED_EDGE('',*,*,#4885,.T.);
#6668 = ORIENTED_EDGE('',*,*,#4677,.F.);
#6669 = ORIENTED_EDGE('',*,*,#4640,.F.);
#6670 = CYLINDRICAL_SURFACE('',#6671,2.);
#6671 = AXIS2_PLACEMENT_3D('',#6672,#6673,#6674);
#6672 = CARTESIAN_POINT('',(92.,-88.,25.));
#6673 = DIRECTION('',(0.,0.,-1.));
#6674 = DIRECTION('',(1.,0.,0.));
#6675 = ADVANCED_FACE('',(#6676),#6688,.T.);
#6676 = FACE_BOUND('',#6677,.T.);
#6677 = EDGE_LOOP('',(#6678,#6685,#6686,#6687));
#6678 = ORIENTED_EDGE('',*,*,#6679,.T.);
#6679 = EDGE_CURVE('',#5025,#4770,#6680,.T.);
#6680 = ELLIPSE('',#6681,0.707106781187,0.5);
#6681 = AXIS2_PLACEMENT_3D('',#6682,#6683,#6684);
#6682 = CARTESIAN_POINT('',(54.52,-50.5,24.5));
#6683 = DIRECTION('',(-0.707106781187,-0.,-0.707106781187));
#6684 = DIRECTION('',(0.707106781187,0.,-0.707106781187));
#6685 = ORIENTED_EDGE('',*,*,#4769,.T.);
#6686 = ORIENTED_EDGE('',*,*,#4799,.F.);
#6687 = ORIENTED_EDGE('',*,*,#5032,.F.);
#6688 = CYLINDRICAL_SURFACE('',#6689,0.5);
#6689 = AXIS2_PLACEMENT_3D('',#6690,#6691,#6692);
#6690 = CARTESIAN_POINT('',(54.52,-50.5,25.));
#6691 = DIRECTION('',(0.,0.,-1.));
#6692 = DIRECTION('',(-1.,-0.,-0.));
#6693 = ADVANCED_FACE('',(#6694),#6700,.T.);
#6694 = FACE_BOUND('',#6695,.T.);
#6695 = EDGE_LOOP('',(#6696,#6697,#6698,#6699));
#6696 = ORIENTED_EDGE('',*,*,#6679,.F.);
#6697 = ORIENTED_EDGE('',*,*,#6364,.T.);
#6698 = ORIENTED_EDGE('',*,*,#6318,.T.);
#6699 = ORIENTED_EDGE('',*,*,#4777,.F.);
#6700 = CYLINDRICAL_SURFACE('',#6701,0.5);
#6701 = AXIS2_PLACEMENT_3D('',#6702,#6703,#6704);
#6702 = CARTESIAN_POINT('',(54.02,-50.5,24.5));
#6703 = DIRECTION('',(1.,0.,0.));
#6704 = DIRECTION('',(0.,1.,0.));
#6705 = ADVANCED_FACE('',(#6706),#6718,.T.);
#6706 = FACE_BOUND('',#6707,.T.);
#6707 = EDGE_LOOP('',(#6708,#6709,#6710,#6717));
#6708 = ORIENTED_EDGE('',*,*,#4900,.T.);
#6709 = ORIENTED_EDGE('',*,*,#4852,.T.);
#6710 = ORIENTED_EDGE('',*,*,#6711,.F.);
#6711 = EDGE_CURVE('',#5040,#4853,#6712,.T.);
#6712 = CIRCLE('',#6713,2.);
#6713 = AXIS2_PLACEMENT_3D('',#6714,#6715,#6716);
#6714 = CARTESIAN_POINT('',(56.02,-88.,25.));
#6715 = DIRECTION('',(-0.,0.,1.));
#6716 = DIRECTION('',(0.,-1.,0.));
#6717 = ORIENTED_EDGE('',*,*,#5039,.F.);
#6718 = CYLINDRICAL_SURFACE('',#6719,2.);
#6719 = AXIS2_PLACEMENT_3D('',#6720,#6721,#6722);
#6720 = CARTESIAN_POINT('',(56.02,-88.,11.));
#6721 = DIRECTION('',(0.,0.,1.));
#6722 = DIRECTION('',(-1.,0.,0.));
#6723 = ADVANCED_FACE('',(#6724,#6735),#6765,.T.);
#6724 = FACE_BOUND('',#6725,.T.);
#6725 = EDGE_LOOP('',(#6726));
#6726 = ORIENTED_EDGE('',*,*,#6727,.F.);
#6727 = EDGE_CURVE('',#6728,#6728,#6730,.T.);
#6728 = VERTEX_POINT('',#6729);
#6729 = CARTESIAN_POINT('',(58.589311626897,-85.,25.));
#6730 = CIRCLE('',#6731,1.82);
#6731 = AXIS2_PLACEMENT_3D('',#6732,#6733,#6734);
#6732 = CARTESIAN_POINT('',(56.769311626897,-85.,25.));
#6733 = DIRECTION('',(0.,2.2E-16,1.));
#6734 = DIRECTION('',(1.,-1.077E-14,2.3694E-30));
#6735 = FACE_BOUND('',#6736,.T.);
#6736 = EDGE_LOOP('',(#6737,#6747,#6754,#6755,#6756,#6757,#6758));
#6737 = ORIENTED_EDGE('',*,*,#6738,.F.);
#6738 = EDGE_CURVE('',#6739,#6741,#6743,.T.);
#6739 = VERTEX_POINT('',#6740);
#6740 = CARTESIAN_POINT('',(54.52,-79.5,25.));
#6741 = VERTEX_POINT('',#6742);
#6742 = CARTESIAN_POINT('',(57.62,-79.5,25.));
#6743 = LINE('',#6744,#6745);
#6744 = CARTESIAN_POINT('',(54.02,-79.5,25.));
#6745 = VECTOR('',#6746,1.);
#6746 = DIRECTION('',(1.,0.,0.));
#6747 = ORIENTED_EDGE('',*,*,#6748,.F.);
#6748 = EDGE_CURVE('',#5048,#6739,#6749,.T.);
#6749 = CIRCLE('',#6750,0.5);
#6750 = AXIS2_PLACEMENT_3D('',#6751,#6752,#6753);
#6751 = CARTESIAN_POINT('',(54.52,-79.,25.));
#6752 = DIRECTION('',(-0.,0.,1.));
#6753 = DIRECTION('',(0.,-1.,0.));
#6754 = ORIENTED_EDGE('',*,*,#5047,.F.);
#6755 = ORIENTED_EDGE('',*,*,#6711,.T.);
#6756 = ORIENTED_EDGE('',*,*,#4860,.T.);
#6757 = ORIENTED_EDGE('',*,*,#6232,.F.);
#6758 = ORIENTED_EDGE('',*,*,#6759,.F.);
#6759 = EDGE_CURVE('',#6741,#6225,#6760,.T.);
#6760 = CIRCLE('',#6761,1.9);
#6761 = AXIS2_PLACEMENT_3D('',#6762,#6763,#6764);
#6762 = CARTESIAN_POINT('',(57.62,-77.6,25.));
#6763 = DIRECTION('',(0.,0.,1.));
#6764 = DIRECTION('',(1.,0.,0.));
#6765 = PLANE('',#6766);
#6766 = AXIS2_PLACEMENT_3D('',#6767,#6768,#6769);
#6767 = CARTESIAN_POINT('',(54.02,-60.,25.));
#6768 = DIRECTION('',(0.,2.2E-16,1.));
#6769 = DIRECTION('',(1.,0.,0.));
#6770 = ADVANCED_FACE('',(#6771),#6816,.T.);
#6771 = FACE_BOUND('',#6772,.F.);
#6772 = EDGE_LOOP('',(#6773,#6774,#6792,#6800));
#6773 = ORIENTED_EDGE('',*,*,#4989,.F.);
#6774 = ORIENTED_EDGE('',*,*,#6775,.T.);
#6775 = EDGE_CURVE('',#4990,#6776,#6778,.T.);
#6776 = VERTEX_POINT('',#6777);
#6777 = CARTESIAN_POINT('',(55.02,-71.5,35.));
#6778 = ( BOUNDED_CURVE() B_SPLINE_CURVE(12,(#6779,#6780,#6781,#6782,
    #6783,#6784,#6785,#6786,#6787,#6788,#6789,#6790,#6791),
.UNSPECIFIED.,.F.,.F.) B_SPLINE_CURVE_WITH_KNOTS((13,13),(9.,
10.910098894519),.PIECEWISE_BEZIER_KNOTS.) CURVE() 
GEOMETRIC_REPRESENTATION_ITEM() RATIONAL_B_SPLINE_CURVE((1.,1.,1.,1.,1.,
1.,1.,1.,1.,1.,1.,1.,1.)) REPRESENTATION_ITEM('') );
#6779 = CARTESIAN_POINT('',(54.02,-71.,34.));
#6780 = CARTESIAN_POINT('',(54.02,-71.,34.065449547329));
#6781 = CARTESIAN_POINT('',(54.024744102316,-71.00471881396,
    34.131006471288));
#6782 = CARTESIAN_POINT('',(54.033588924951,-71.01378234884,
    34.202819119925));
#6783 = CARTESIAN_POINT('',(54.051844487311,-71.02762497512,
    34.294841541063));
#6784 = CARTESIAN_POINT('',(54.078919464148,-71.04354031873,
    34.390034896773));
#6785 = CARTESIAN_POINT('',(54.128751702313,-71.05633636784,
    34.554870070979));
#6786 = CARTESIAN_POINT('',(54.233774413748,-71.11270832328,
    34.676830119788));
#6787 = CARTESIAN_POINT('',(54.352883185573,-71.16661878173,
    34.805201014878));
#6788 = CARTESIAN_POINT('',(54.505266329568,-71.24327171432,
    34.899904491117));
#6789 = CARTESIAN_POINT('',(54.670845707895,-71.32537878613,
    34.966817097084));
#6790 = CARTESIAN_POINT('',(54.845467873789,-71.41273393689,35.));
#6791 = CARTESIAN_POINT('',(55.02,-71.5,35.));
#6792 = ORIENTED_EDGE('',*,*,#6793,.T.);
#6793 = EDGE_CURVE('',#6776,#6794,#6796,.T.);
#6794 = VERTEX_POINT('',#6795);
#6795 = CARTESIAN_POINT('',(55.02,-78.5,35.));
#6796 = LINE('',#6797,#6798);
#6797 = CARTESIAN_POINT('',(55.02,-70.5,35.));
#6798 = VECTOR('',#6799,1.);
#6799 = DIRECTION('',(0.,-1.,0.));
#6800 = ORIENTED_EDGE('',*,*,#6801,.F.);
#6801 = EDGE_CURVE('',#4992,#6794,#6802,.T.);
#6802 = ( BOUNDED_CURVE() B_SPLINE_CURVE(12,(#6803,#6804,#6805,#6806,
    #6807,#6808,#6809,#6810,#6811,#6812,#6813,#6814,#6815),
.UNSPECIFIED.,.F.,.F.) B_SPLINE_CURVE_WITH_KNOTS((13,13),(9.,
10.910098894519),.PIECEWISE_BEZIER_KNOTS.) CURVE() 
GEOMETRIC_REPRESENTATION_ITEM() RATIONAL_B_SPLINE_CURVE((1.,1.,1.,
    0.999999999999,1.000000000001,0.999999999999,1.000000000002,
0.999999999999,1.000000000001,1.,1.,1.,1.)) REPRESENTATION_ITEM('') );
#6803 = CARTESIAN_POINT('',(54.02,-79.,34.));
#6804 = CARTESIAN_POINT('',(54.02,-79.,34.065449547329));
#6805 = CARTESIAN_POINT('',(54.024744102316,-78.99528118603,
    34.131006471288));
#6806 = CARTESIAN_POINT('',(54.03358892495,-78.98621765116,
    34.202819119924));
#6807 = CARTESIAN_POINT('',(54.051844487314,-78.97237502486,
    34.294841541065));
#6808 = CARTESIAN_POINT('',(54.078919464141,-78.95645968127,
    34.390034896767));
#6809 = CARTESIAN_POINT('',(54.128751702324,-78.94366363214,
    34.554870070987));
#6810 = CARTESIAN_POINT('',(54.233774413739,-78.88729167672,
    34.676830119782));
#6811 = CARTESIAN_POINT('',(54.352883185578,-78.83338121826,
    34.805201014881));
#6812 = CARTESIAN_POINT('',(54.505266329566,-78.75672828567,
    34.899904491116));
#6813 = CARTESIAN_POINT('',(54.670845707896,-78.67462121387,
    34.966817097084));
#6814 = CARTESIAN_POINT('',(54.845467873789,-78.5872660631,35.));
#6815 = CARTESIAN_POINT('',(55.02,-78.5,35.));
#6816 = CYLINDRICAL_SURFACE('',#6817,1.);
#6817 = AXIS2_PLACEMENT_3D('',#6818,#6819,#6820);
#6818 = CARTESIAN_POINT('',(55.02,-70.5,34.));
#6819 = DIRECTION('',(0.,-1.,0.));
#6820 = DIRECTION('',(-1.,0.,0.));
#6821 = ADVANCED_FACE('',(#6822),#6841,.T.);
#6822 = FACE_BOUND('',#6823,.T.);
#6823 = EDGE_LOOP('',(#6824,#6825,#6826,#6835));
#6824 = ORIENTED_EDGE('',*,*,#6436,.T.);
#6825 = ORIENTED_EDGE('',*,*,#4999,.T.);
#6826 = ORIENTED_EDGE('',*,*,#6827,.F.);
#6827 = EDGE_CURVE('',#6828,#4990,#6830,.T.);
#6828 = VERTEX_POINT('',#6829);
#6829 = CARTESIAN_POINT('',(54.52,-70.5,34.));
#6830 = CIRCLE('',#6831,0.5);
#6831 = AXIS2_PLACEMENT_3D('',#6832,#6833,#6834);
#6832 = CARTESIAN_POINT('',(54.52,-71.,34.));
#6833 = DIRECTION('',(0.,-0.,1.));
#6834 = DIRECTION('',(0.,1.,0.));
#6835 = ORIENTED_EDGE('',*,*,#6836,.F.);
#6836 = EDGE_CURVE('',#6392,#6828,#6837,.T.);
#6837 = LINE('',#6838,#6839);
#6838 = CARTESIAN_POINT('',(54.52,-70.5,25.));
#6839 = VECTOR('',#6840,1.);
#6840 = DIRECTION('',(0.,0.,1.));
#6841 = CYLINDRICAL_SURFACE('',#6842,0.5);
#6842 = AXIS2_PLACEMENT_3D('',#6843,#6844,#6845);
#6843 = CARTESIAN_POINT('',(54.52,-71.,25.));
#6844 = DIRECTION('',(0.,0.,1.));
#6845 = DIRECTION('',(0.,1.,0.));
#6846 = ADVANCED_FACE('',(#6847),#6866,.T.);
#6847 = FACE_BOUND('',#6848,.T.);
#6848 = EDGE_LOOP('',(#6849,#6850,#6858,#6865));
#6849 = ORIENTED_EDGE('',*,*,#6748,.T.);
#6850 = ORIENTED_EDGE('',*,*,#6851,.T.);
#6851 = EDGE_CURVE('',#6739,#6852,#6854,.T.);
#6852 = VERTEX_POINT('',#6853);
#6853 = CARTESIAN_POINT('',(54.52,-79.5,34.));
#6854 = LINE('',#6855,#6856);
#6855 = CARTESIAN_POINT('',(54.52,-79.5,25.));
#6856 = VECTOR('',#6857,1.);
#6857 = DIRECTION('',(0.,0.,1.));
#6858 = ORIENTED_EDGE('',*,*,#6859,.F.);
#6859 = EDGE_CURVE('',#4992,#6852,#6860,.T.);
#6860 = CIRCLE('',#6861,0.5);
#6861 = AXIS2_PLACEMENT_3D('',#6862,#6863,#6864);
#6862 = CARTESIAN_POINT('',(54.52,-79.,34.));
#6863 = DIRECTION('',(0.,0.,1.));
#6864 = DIRECTION('',(-1.,0.,0.));
#6865 = ORIENTED_EDGE('',*,*,#5055,.F.);
#6866 = CYLINDRICAL_SURFACE('',#6867,0.5);
#6867 = AXIS2_PLACEMENT_3D('',#6868,#6869,#6870);
#6868 = CARTESIAN_POINT('',(54.52,-79.,25.));
#6869 = DIRECTION('',(0.,0.,1.));
#6870 = DIRECTION('',(-1.,0.,0.));
#6871 = ADVANCED_FACE('',(#6872),#6928,.T.);
#6872 = FACE_BOUND('',#6873,.T.);
#6873 = EDGE_LOOP('',(#6874,#6875,#6876,#6877,#6899,#6908));
#6874 = ORIENTED_EDGE('',*,*,#6337,.T.);
#6875 = ORIENTED_EDGE('',*,*,#5015,.T.);
#6876 = ORIENTED_EDGE('',*,*,#6427,.F.);
#6877 = ORIENTED_EDGE('',*,*,#6878,.F.);
#6878 = EDGE_CURVE('',#6879,#6420,#6881,.T.);
#6879 = VERTEX_POINT('',#6880);
#6880 = CARTESIAN_POINT('',(55.02,-58.19632730871,24.340909090909));
#6881 = B_SPLINE_CURVE_WITH_KNOTS('',6,(#6882,#6883,#6884,#6885,#6886,
    #6887,#6888,#6889,#6890,#6891,#6892,#6893,#6894,#6895,#6896,#6897,
    #6898),.UNSPECIFIED.,.F.,.F.,(7,5,5,7),(0.,0.341957970987,
    0.662684318105,1.),.UNSPECIFIED.);
#6882 = CARTESIAN_POINT('',(55.02,-58.19632730871,24.34090909091));
#6883 = CARTESIAN_POINT('',(54.950345417378,-58.21720138418,
    24.398470783728));
#6884 = CARTESIAN_POINT('',(54.880700610998,-58.24230059067,
    24.454491685775));
#6885 = CARTESIAN_POINT('',(54.811410366385,-58.2715947196,
    24.508881208938));
#6886 = CARTESIAN_POINT('',(54.742849593416,-58.30513411884,
    24.561494838892));
#6887 = CARTESIAN_POINT('',(54.675444186033,-58.34303941382,
    24.612106203455));
#6888 = CARTESIAN_POINT('',(54.548022033348,-58.42530727821,
    24.705654888879));
#6889 = CARTESIAN_POINT('',(54.487830722906,-58.46910742321,
    24.74885548545));
#6890 = CARTESIAN_POINT('',(54.429513711937,-58.51704546182,
    24.789714260828));
#6891 = CARTESIAN_POINT('',(54.373604999258,-58.56927834993,
    24.827814711732));
#6892 = CARTESIAN_POINT('',(54.320778036541,-58.62591442032,
    24.862580490174));
#6893 = CARTESIAN_POINT('',(54.220316209906,-58.75108976389,
    24.925568792476));
#6894 = CARTESIAN_POINT('',(54.173085771906,-58.82010002448,
    24.953363737222));
#6895 = CARTESIAN_POINT('',(54.131089005926,-58.89385031993,
    24.975775494068));
#6896 = CARTESIAN_POINT('',(54.095482477989,-58.97192238172,
    24.991715222885));
#6897 = CARTESIAN_POINT('',(54.067440468085,-59.05333620039,25.));
#6898 = CARTESIAN_POINT('',(54.047635194714,-59.13642357598,25.));
#6899 = ORIENTED_EDGE('',*,*,#6900,.F.);
#6900 = EDGE_CURVE('',#6901,#6879,#6903,.T.);
#6901 = VERTEX_POINT('',#6902);
#6902 = CARTESIAN_POINT('',(55.02,-51.80367269128,24.340909090909));
#6903 = CIRCLE('',#6904,3.4);
#6904 = AXIS2_PLACEMENT_3D('',#6905,#6906,#6907);
#6905 = CARTESIAN_POINT('',(55.02,-55.,25.5));
#6906 = DIRECTION('',(-1.,0.,-0.));
#6907 = DIRECTION('',(0.,0.989127748282,-0.147058823529));
#6908 = ORIENTED_EDGE('',*,*,#6909,.T.);
#6909 = EDGE_CURVE('',#6901,#6338,#6910,.T.);
#6910 = B_SPLINE_CURVE_WITH_KNOTS('',6,(#6911,#6912,#6913,#6914,#6915,
    #6916,#6917,#6918,#6919,#6920,#6921,#6922,#6923,#6924,#6925,#6926,
    #6927),.UNSPECIFIED.,.F.,.F.,(7,5,5,7),(0.,0.34195757519,
    0.663821478849,1.),.UNSPECIFIED.);
#6911 = CARTESIAN_POINT('',(55.02,-51.80367269126,24.340909090946));
#6912 = CARTESIAN_POINT('',(54.95034541734,-51.78279861582,
    24.398470783702));
#6913 = CARTESIAN_POINT('',(54.880700610962,-51.75769940929,
    24.45449168583));
#6914 = CARTESIAN_POINT('',(54.811410366331,-51.72840528035,
    24.508881209002));
#6915 = CARTESIAN_POINT('',(54.742849593335,-51.69486588112,
    24.561494838933));
#6916 = CARTESIAN_POINT('',(54.675444185941,-51.65696058612,
    24.612106203523));
#6917 = CARTESIAN_POINT('',(54.547803230144,-51.57455145534,
    24.705815526189));
#6918 = CARTESIAN_POINT('',(54.487403791603,-51.53058183066,
    24.749161889018));
#6919 = CARTESIAN_POINT('',(54.428893285412,-51.48244432383,
    24.790148911731));
#6920 = CARTESIAN_POINT('',(54.37281187694,-51.42998021407,
    24.828355129687));
#6921 = CARTESIAN_POINT('',(54.319841414215,-51.37308041605,
    24.863196715905));
#6922 = CARTESIAN_POINT('',(54.21952066826,-51.24774638063,
    24.926036688529));
#6923 = CARTESIAN_POINT('',(54.172520004082,-51.17890531562,
    24.953665458887));
#6924 = CARTESIAN_POINT('',(54.130729191548,-51.10536010836,
    24.975936414583));
#6925 = CARTESIAN_POINT('',(54.095293401893,-51.02752854865,
    24.991771061016));
#6926 = CARTESIAN_POINT('',(54.067373629535,-50.94638339099,
    24.999999998392));
#6927 = CARTESIAN_POINT('',(54.047635194714,-50.86357642401,25.));
#6928 = TOROIDAL_SURFACE('',#6929,4.4,1.);
#6929 = AXIS2_PLACEMENT_3D('',#6930,#6931,#6932);
#6930 = CARTESIAN_POINT('',(55.02,-55.,25.5));
#6931 = DIRECTION('',(-1.,-0.,-0.));
#6932 = DIRECTION('',(0.,0.989127748282,-0.147058823529));
#6933 = ADVANCED_FACE('',(#6934),#6954,.T.);
#6934 = FACE_BOUND('',#6935,.F.);
#6935 = EDGE_LOOP('',(#6936,#6945,#6952,#6953));
#6936 = ORIENTED_EDGE('',*,*,#6937,.F.);
#6937 = EDGE_CURVE('',#6938,#5070,#6940,.T.);
#6938 = VERTEX_POINT('',#6939);
#6939 = CARTESIAN_POINT('',(55.5,-104.,12.));
#6940 = CIRCLE('',#6941,0.5);
#6941 = AXIS2_PLACEMENT_3D('',#6942,#6943,#6944);
#6942 = CARTESIAN_POINT('',(55.5,-104.,11.5));
#6943 = DIRECTION('',(-0.,1.,0.));
#6944 = DIRECTION('',(1.,0.,0.));
#6945 = ORIENTED_EDGE('',*,*,#6946,.F.);
#6946 = EDGE_CURVE('',#6938,#6938,#6947,.T.);
#6947 = CIRCLE('',#6948,2.5);
#6948 = AXIS2_PLACEMENT_3D('',#6949,#6950,#6951);
#6949 = CARTESIAN_POINT('',(53.,-104.,12.));
#6950 = DIRECTION('',(0.,0.,1.));
#6951 = DIRECTION('',(1.,0.,0.));
#6952 = ORIENTED_EDGE('',*,*,#6937,.T.);
#6953 = ORIENTED_EDGE('',*,*,#5077,.T.);
#6954 = TOROIDAL_SURFACE('',#6955,2.5,0.5);
#6955 = AXIS2_PLACEMENT_3D('',#6956,#6957,#6958);
#6956 = CARTESIAN_POINT('',(53.,-104.,11.5));
#6957 = DIRECTION('',(-0.,-0.,-1.));
#6958 = DIRECTION('',(1.,0.,0.));
#6959 = ADVANCED_FACE('',(#6960),#6971,.F.);
#6960 = FACE_BOUND('',#6961,.T.);
#6961 = EDGE_LOOP('',(#6962,#6968,#6969,#6970));
#6962 = ORIENTED_EDGE('',*,*,#6963,.T.);
#6963 = EDGE_CURVE('',#5197,#5104,#6964,.T.);
#6964 = ( BOUNDED_CURVE() B_SPLINE_CURVE(2,(#6965,#6966,#6967),
.UNSPECIFIED.,.F.,.F.) B_SPLINE_CURVE_WITH_KNOTS((3,3),(0.,
1.910098894519),.PIECEWISE_BEZIER_KNOTS.) CURVE() 
GEOMETRIC_REPRESENTATION_ITEM() RATIONAL_B_SPLINE_CURVE((1.,
0.707106781187,1.)) REPRESENTATION_ITEM('') );
#6965 = CARTESIAN_POINT('',(80.5,-11.3,19.));
#6966 = CARTESIAN_POINT('',(81.,-11.3,19.));
#6967 = CARTESIAN_POINT('',(81.,-10.8,19.));
#6968 = ORIENTED_EDGE('',*,*,#5111,.T.);
#6969 = ORIENTED_EDGE('',*,*,#5143,.F.);
#6970 = ORIENTED_EDGE('',*,*,#5196,.F.);
#6971 = CYLINDRICAL_SURFACE('',#6972,0.5);
#6972 = AXIS2_PLACEMENT_3D('',#6973,#6974,#6975);
#6973 = CARTESIAN_POINT('',(80.5,-10.8,19.));
#6974 = DIRECTION('',(-0.,-0.,-1.));
#6975 = DIRECTION('',(0.,-1.,0.));
#6976 = ADVANCED_FACE('',(#6977),#7020,.T.);
#6977 = FACE_BOUND('',#6978,.T.);
#6978 = EDGE_LOOP('',(#6979,#6980,#6998,#7004));
#6979 = ORIENTED_EDGE('',*,*,#5103,.F.);
#6980 = ORIENTED_EDGE('',*,*,#6981,.F.);
#6981 = EDGE_CURVE('',#6982,#5104,#6984,.T.);
#6982 = VERTEX_POINT('',#6983);
#6983 = CARTESIAN_POINT('',(82.,-12.3,20.));
#6984 = ( BOUNDED_CURVE() B_SPLINE_CURVE(12,(#6985,#6986,#6987,#6988,
    #6989,#6990,#6991,#6992,#6993,#6994,#6995,#6996,#6997),
.UNSPECIFIED.,.F.,.F.) B_SPLINE_CURVE_WITH_KNOTS((13,13),(0.,
1.910098894519),.PIECEWISE_BEZIER_KNOTS.) CURVE() 
GEOMETRIC_REPRESENTATION_ITEM() RATIONAL_B_SPLINE_CURVE((1.,1.,1.,
    1.000000000001,0.999999999999,1.000000000001,0.999999999999,
1.000000000001,0.999999999999,1.,1.,1.,1.)) REPRESENTATION_ITEM('') );
#6985 = CARTESIAN_POINT('',(82.,-12.3,20.));
#6986 = CARTESIAN_POINT('',(81.895280724273,-12.14292108641,20.));
#6987 = CARTESIAN_POINT('',(81.790706929728,-11.98598493832,
    19.988120464008));
#6988 = CARTESIAN_POINT('',(81.685940112463,-11.82934275371,
    19.96359346125));
#6989 = CARTESIAN_POINT('',(81.589102816009,-11.68168337005,
    19.929757964956));
#6990 = CARTESIAN_POINT('',(81.479219199163,-11.52172601091,
    19.877621164383));
#6991 = CARTESIAN_POINT('',(81.406013644128,-11.4022948173,
    19.82257093348));
#6992 = CARTESIAN_POINT('',(81.2869586231,-11.23288409559,
    19.747852179527));
#6993 = CARTESIAN_POINT('',(81.228030091976,-11.1352942646,
    19.651381339754));
#6994 = CARTESIAN_POINT('',(81.126700333436,-10.98226846686,
    19.560851964811));
#6995 = CARTESIAN_POINT('',(81.041942886474,-10.86069751797,
    19.392365621914));
#6996 = CARTESIAN_POINT('',(81.,-10.8,19.196348641987));
#6997 = CARTESIAN_POINT('',(81.,-10.8,19.));
#6998 = ORIENTED_EDGE('',*,*,#6999,.T.);
#6999 = EDGE_CURVE('',#6982,#5554,#7000,.T.);
#7000 = LINE('',#7001,#7002);
#7001 = CARTESIAN_POINT('',(82.,-11.3,20.));
#7002 = VECTOR('',#7003,1.);
#7003 = DIRECTION('',(0.,1.,0.));
#7004 = ORIENTED_EDGE('',*,*,#7005,.F.);
#7005 = EDGE_CURVE('',#5096,#5554,#7006,.T.);
#7006 = ( BOUNDED_CURVE() B_SPLINE_CURVE(12,(#7007,#7008,#7009,#7010,
    #7011,#7012,#7013,#7014,#7015,#7016,#7017,#7018,#7019),
.UNSPECIFIED.,.F.,.F.) B_SPLINE_CURVE_WITH_KNOTS((13,13),(
15.570796326795,17.480895221313),.PIECEWISE_BEZIER_KNOTS.) CURVE() 
GEOMETRIC_REPRESENTATION_ITEM() RATIONAL_B_SPLINE_CURVE((1.,1.,
    0.999999999999,1.000000000001,0.999999999998,1.000000000003,
    0.999999999996,1.000000000003,0.999999999998,1.000000000001,1.,1.,1.
)) REPRESENTATION_ITEM('') );
#7007 = CARTESIAN_POINT('',(81.,-9.8,19.));
#7008 = CARTESIAN_POINT('',(81.,-9.8,19.065449547329));
#7009 = CARTESIAN_POINT('',(81.004744102316,-9.804718813962,
    19.131006471288));
#7010 = CARTESIAN_POINT('',(81.013588924951,-9.813782348839,
    19.202819119925));
#7011 = CARTESIAN_POINT('',(81.031844487312,-9.827624975132,
    19.294841541063));
#7012 = CARTESIAN_POINT('',(81.058919464144,-9.843540318726,
    19.390034896771));
#7013 = CARTESIAN_POINT('',(81.10875170232,-9.856336367853,
    19.554870070983));
#7014 = CARTESIAN_POINT('',(81.213774413741,-9.912708323274,
    19.676830119784));
#7015 = CARTESIAN_POINT('',(81.332883185577,-9.966618781735,
    19.805201014881));
#7016 = CARTESIAN_POINT('',(81.485266329566,-10.04327171432,
    19.899904491115));
#7017 = CARTESIAN_POINT('',(81.650845707896,-10.12537878613,
    19.966817097084));
#7018 = CARTESIAN_POINT('',(81.825467873789,-10.21273393689,20.));
#7019 = CARTESIAN_POINT('',(82.,-10.3,20.));
#7020 = CYLINDRICAL_SURFACE('',#7021,1.);
#7021 = AXIS2_PLACEMENT_3D('',#7022,#7023,#7024);
#7022 = CARTESIAN_POINT('',(82.,-11.3,19.));
#7023 = DIRECTION('',(0.,1.,0.));
#7024 = DIRECTION('',(-1.,0.,0.));
#7025 = ADVANCED_FACE('',(#7026),#7037,.T.);
#7026 = FACE_BOUND('',#7027,.T.);
#7027 = EDGE_LOOP('',(#7028,#7034,#7035,#7036));
#7028 = ORIENTED_EDGE('',*,*,#7029,.T.);
#7029 = EDGE_CURVE('',#5312,#5205,#7030,.T.);
#7030 = ( BOUNDED_CURVE() B_SPLINE_CURVE(2,(#7031,#7032,#7033),
.UNSPECIFIED.,.F.,.F.) B_SPLINE_CURVE_WITH_KNOTS((3,3),(0.,
1.910098894519),.PIECEWISE_BEZIER_KNOTS.) CURVE() 
GEOMETRIC_REPRESENTATION_ITEM() RATIONAL_B_SPLINE_CURVE((1.,
0.707106781187,1.)) REPRESENTATION_ITEM('') );
#7031 = CARTESIAN_POINT('',(74.,-11.8,19.));
#7032 = CARTESIAN_POINT('',(74.,-11.3,19.));
#7033 = CARTESIAN_POINT('',(74.5,-11.3,19.));
#7034 = ORIENTED_EDGE('',*,*,#5212,.T.);
#7035 = ORIENTED_EDGE('',*,*,#5226,.F.);
#7036 = ORIENTED_EDGE('',*,*,#5319,.F.);
#7037 = CYLINDRICAL_SURFACE('',#7038,0.5);
#7038 = AXIS2_PLACEMENT_3D('',#7039,#7040,#7041);
#7039 = CARTESIAN_POINT('',(74.5,-11.8,19.));
#7040 = DIRECTION('',(-0.,-0.,-1.));
#7041 = DIRECTION('',(-1.,0.,0.));
#7042 = ADVANCED_FACE('',(#7043),#7086,.T.);
#7043 = FACE_BOUND('',#7044,.T.);
#7044 = EDGE_LOOP('',(#7045,#7046,#7064,#7070));
#7045 = ORIENTED_EDGE('',*,*,#5204,.F.);
#7046 = ORIENTED_EDGE('',*,*,#7047,.F.);
#7047 = EDGE_CURVE('',#7048,#5205,#7050,.T.);
#7048 = VERTEX_POINT('',#7049);
#7049 = CARTESIAN_POINT('',(75.,-12.3,20.));
#7050 = ( BOUNDED_CURVE() B_SPLINE_CURVE(12,(#7051,#7052,#7053,#7054,
    #7055,#7056,#7057,#7058,#7059,#7060,#7061,#7062,#7063),
.UNSPECIFIED.,.F.,.F.) B_SPLINE_CURVE_WITH_KNOTS((13,13),(0.,
1.910098894519),.PIECEWISE_BEZIER_KNOTS.) CURVE() 
GEOMETRIC_REPRESENTATION_ITEM() RATIONAL_B_SPLINE_CURVE((1.,1.,1.,1.,
    1.000000000001,0.999999999998,1.000000000002,0.999999999998,
1.000000000001,0.999999999999,1.,1.,1.)) REPRESENTATION_ITEM('') );
#7051 = CARTESIAN_POINT('',(75.,-12.3,20.));
#7052 = CARTESIAN_POINT('',(74.912733936895,-12.12546787378,20.));
#7053 = CARTESIAN_POINT('',(74.82537878613,-11.95084570789,
    19.966817097084));
#7054 = CARTESIAN_POINT('',(74.743271714326,-11.78526632956,
    19.899904491117));
#7055 = CARTESIAN_POINT('',(74.666618781734,-11.63288318557,
    19.805201014878));
#7056 = CARTESIAN_POINT('',(74.612708323277,-11.51377441374,
    19.676830119789));
#7057 = CARTESIAN_POINT('',(74.556336367848,-11.40875170231,
    19.554870070977));
#7058 = CARTESIAN_POINT('',(74.54354031873,-11.35891946414,
    19.390034896776));
#7059 = CARTESIAN_POINT('',(74.52762497513,-11.33184448731,
    19.294841541061));
#7060 = CARTESIAN_POINT('',(74.51378234884,-11.31358892495,
    19.202819119925));
#7061 = CARTESIAN_POINT('',(74.504718813962,-11.30474410231,
    19.131006471288));
#7062 = CARTESIAN_POINT('',(74.5,-11.3,19.065449547329));
#7063 = CARTESIAN_POINT('',(74.5,-11.3,19.));
#7064 = ORIENTED_EDGE('',*,*,#7065,.T.);
#7065 = EDGE_CURVE('',#7048,#6982,#7066,.T.);
#7066 = LINE('',#7067,#7068);
#7067 = CARTESIAN_POINT('',(74.,-12.3,20.));
#7068 = VECTOR('',#7069,1.);
#7069 = DIRECTION('',(1.,0.,0.));
#7070 = ORIENTED_EDGE('',*,*,#7071,.T.);
#7071 = EDGE_CURVE('',#6982,#5197,#7072,.T.);
#7072 = ( BOUNDED_CURVE() B_SPLINE_CURVE(12,(#7073,#7074,#7075,#7076,
    #7077,#7078,#7079,#7080,#7081,#7082,#7083,#7084,#7085),
.UNSPECIFIED.,.F.,.F.) B_SPLINE_CURVE_WITH_KNOTS((13,13),(0.,
1.910098894519),.PIECEWISE_BEZIER_KNOTS.) CURVE() 
GEOMETRIC_REPRESENTATION_ITEM() RATIONAL_B_SPLINE_CURVE((1.,1.,1.,
    1.000000000001,0.999999999999,1.000000000001,0.999999999999,
1.000000000001,0.999999999999,1.,1.,1.,1.)) REPRESENTATION_ITEM('') );
#7073 = CARTESIAN_POINT('',(82.,-12.3,20.));
#7074 = CARTESIAN_POINT('',(81.84292108641,-12.19528072427,20.));
#7075 = CARTESIAN_POINT('',(81.68598493832,-12.09070692972,
    19.988120464008));
#7076 = CARTESIAN_POINT('',(81.529342753715,-11.98594011246,
    19.96359346125));
#7077 = CARTESIAN_POINT('',(81.38168337005,-11.889102816,19.929757964956
    ));
#7078 = CARTESIAN_POINT('',(81.221726010916,-11.77921919916,
    19.877621164382));
#7079 = CARTESIAN_POINT('',(81.102294817305,-11.70601364412,
    19.822570933482));
#7080 = CARTESIAN_POINT('',(80.932884095593,-11.5869586231,
    19.747852179526));
#7081 = CARTESIAN_POINT('',(80.835294264602,-11.52803009197,
    19.651381339755));
#7082 = CARTESIAN_POINT('',(80.682268466868,-11.42670033343,
    19.56085196481));
#7083 = CARTESIAN_POINT('',(80.560697517972,-11.34194288647,
    19.392365621915));
#7084 = CARTESIAN_POINT('',(80.5,-11.3,19.196348641987));
#7085 = CARTESIAN_POINT('',(80.5,-11.3,19.));
#7086 = CYLINDRICAL_SURFACE('',#7087,1.);
#7087 = AXIS2_PLACEMENT_3D('',#7088,#7089,#7090);
#7088 = CARTESIAN_POINT('',(74.,-12.3,19.));
#7089 = DIRECTION('',(1.,0.,0.));
#7090 = DIRECTION('',(0.,1.,0.));
#7091 = ADVANCED_FACE('',(#7092),#7104,.T.);
#7092 = FACE_BOUND('',#7093,.F.);
#7093 = EDGE_LOOP('',(#7094,#7095,#7096,#7103));
#7094 = ORIENTED_EDGE('',*,*,#5334,.T.);
#7095 = ORIENTED_EDGE('',*,*,#5303,.T.);
#7096 = ORIENTED_EDGE('',*,*,#7097,.F.);
#7097 = EDGE_CURVE('',#5410,#5304,#7098,.T.);
#7098 = CIRCLE('',#7099,0.5);
#7099 = AXIS2_PLACEMENT_3D('',#7100,#7101,#7102);
#7100 = CARTESIAN_POINT('',(74.5,-15.,19.));
#7101 = DIRECTION('',(-0.,-2.2E-16,-1.));
#7102 = DIRECTION('',(0.,-1.,2.2E-16));
#7103 = ORIENTED_EDGE('',*,*,#5409,.F.);
#7104 = CYLINDRICAL_SURFACE('',#7105,0.5);
#7105 = AXIS2_PLACEMENT_3D('',#7106,#7107,#7108);
#7106 = CARTESIAN_POINT('',(74.5,-15.,11.));
#7107 = DIRECTION('',(0.,2.2E-16,1.));
#7108 = DIRECTION('',(0.,-1.,2.2E-16));
#7109 = ADVANCED_FACE('',(#7110),#7153,.T.);
#7110 = FACE_BOUND('',#7111,.F.);
#7111 = EDGE_LOOP('',(#7112,#7113,#7129,#7137));
#7112 = ORIENTED_EDGE('',*,*,#5311,.F.);
#7113 = ORIENTED_EDGE('',*,*,#7114,.F.);
#7114 = EDGE_CURVE('',#7048,#5312,#7115,.T.);
#7115 = ( BOUNDED_CURVE() B_SPLINE_CURVE(12,(#7116,#7117,#7118,#7119,
    #7120,#7121,#7122,#7123,#7124,#7125,#7126,#7127,#7128),
.UNSPECIFIED.,.F.,.F.) B_SPLINE_CURVE_WITH_KNOTS((13,13),(0.,
1.910098894519),.PIECEWISE_BEZIER_KNOTS.) CURVE() 
GEOMETRIC_REPRESENTATION_ITEM() RATIONAL_B_SPLINE_CURVE((1.,1.,1.,1.,
    1.000000000001,0.999999999998,1.000000000002,0.999999999998,
1.000000000001,0.999999999999,1.,1.,1.)) REPRESENTATION_ITEM('') );
#7116 = CARTESIAN_POINT('',(75.,-12.3,20.));
#7117 = CARTESIAN_POINT('',(74.825467873789,-12.21273393689,20.));
#7118 = CARTESIAN_POINT('',(74.650845707895,-12.12537878613,
    19.966817097084));
#7119 = CARTESIAN_POINT('',(74.485266329568,-12.04327171432,
    19.899904491117));
#7120 = CARTESIAN_POINT('',(74.332883185574,-11.96661878173,
    19.805201014877));
#7121 = CARTESIAN_POINT('',(74.213774413747,-11.91270832326,
    19.67683011979));
#7122 = CARTESIAN_POINT('',(74.108751702314,-11.85633636785,
    19.554870070975));
#7123 = CARTESIAN_POINT('',(74.058919464149,-11.84354031872,
    19.390034896777));
#7124 = CARTESIAN_POINT('',(74.03184448731,-11.82762497513,
    19.294841541061));
#7125 = CARTESIAN_POINT('',(74.013588924952,-11.81378234883,
    19.202819119926));
#7126 = CARTESIAN_POINT('',(74.004744102316,-11.80471881396,
    19.131006471288));
#7127 = CARTESIAN_POINT('',(74.,-11.8,19.065449547329));
#7128 = CARTESIAN_POINT('',(74.,-11.8,19.));
#7129 = ORIENTED_EDGE('',*,*,#7130,.T.);
#7130 = EDGE_CURVE('',#7048,#7131,#7133,.T.);
#7131 = VERTEX_POINT('',#7132);
#7132 = CARTESIAN_POINT('',(75.,-14.5,20.));
#7133 = LINE('',#7134,#7135);
#7134 = CARTESIAN_POINT('',(75.,-11.3,20.));
#7135 = VECTOR('',#7136,1.);
#7136 = DIRECTION('',(0.,-1.,2.2E-16));
#7137 = ORIENTED_EDGE('',*,*,#7138,.F.);
#7138 = EDGE_CURVE('',#5304,#7131,#7139,.T.);
#7139 = ( BOUNDED_CURVE() B_SPLINE_CURVE(12,(#7140,#7141,#7142,#7143,
    #7144,#7145,#7146,#7147,#7148,#7149,#7150,#7151,#7152),
.UNSPECIFIED.,.F.,.F.) B_SPLINE_CURVE_WITH_KNOTS((13,13),(9.910098894519
,11.820197789037),.PIECEWISE_BEZIER_KNOTS.) CURVE() 
GEOMETRIC_REPRESENTATION_ITEM() RATIONAL_B_SPLINE_CURVE((1.,1.,1.,1.,
    1.000000000001,0.999999999999,1.000000000001,0.999999999999,
1.000000000001,1.,1.,1.,1.)) REPRESENTATION_ITEM('') );
#7140 = CARTESIAN_POINT('',(74.,-15.,19.));
#7141 = CARTESIAN_POINT('',(74.,-15.,19.065449547329));
#7142 = CARTESIAN_POINT('',(74.004744102316,-14.99528118603,
    19.131006471288));
#7143 = CARTESIAN_POINT('',(74.013588924951,-14.98621765116,
    19.202819119924));
#7144 = CARTESIAN_POINT('',(74.031844487311,-14.97237502486,
    19.294841541064));
#7145 = CARTESIAN_POINT('',(74.058919464148,-14.95645968127,
    19.390034896771));
#7146 = CARTESIAN_POINT('',(74.108751702314,-14.94366363214,
    19.554870070982));
#7147 = CARTESIAN_POINT('',(74.213774413747,-14.88729167672,
    19.676830119786));
#7148 = CARTESIAN_POINT('',(74.332883185573,-14.83338121826,
    19.805201014879));
#7149 = CARTESIAN_POINT('',(74.485266329568,-14.75672828567,
    19.899904491116));
#7150 = CARTESIAN_POINT('',(74.650845707895,-14.67462121387,
    19.966817097084));
#7151 = CARTESIAN_POINT('',(74.825467873789,-14.5872660631,20.));
#7152 = CARTESIAN_POINT('',(75.,-14.5,20.));
#7153 = CYLINDRICAL_SURFACE('',#7154,1.);
#7154 = AXIS2_PLACEMENT_3D('',#7155,#7156,#7157);
#7155 = CARTESIAN_POINT('',(75.,-11.3,19.));
#7156 = DIRECTION('',(0.,-1.,2.2E-16));
#7157 = DIRECTION('',(-1.,0.,0.));
#7158 = ADVANCED_FACE('',(#7159),#7170,.T.);
#7159 = FACE_BOUND('',#7160,.F.);
#7160 = EDGE_LOOP('',(#7161,#7167,#7168,#7169));
#7161 = ORIENTED_EDGE('',*,*,#7162,.T.);
#7162 = EDGE_CURVE('',#5418,#5521,#7163,.T.);
#7163 = ( BOUNDED_CURVE() B_SPLINE_CURVE(2,(#7164,#7165,#7166),
.UNSPECIFIED.,.F.,.F.) B_SPLINE_CURVE_WITH_KNOTS((3,3),(0.,
1.910098286668),.PIECEWISE_BEZIER_KNOTS.) CURVE() 
GEOMETRIC_REPRESENTATION_ITEM() RATIONAL_B_SPLINE_CURVE((1.,
0.707106781187,1.)) REPRESENTATION_ITEM('') );
#7164 = CARTESIAN_POINT('',(93.5,-15.5,19.));
#7165 = CARTESIAN_POINT('',(94.,-15.5,19.));
#7166 = CARTESIAN_POINT('',(94.,-15.,19.));
#7167 = ORIENTED_EDGE('',*,*,#5520,.T.);
#7168 = ORIENTED_EDGE('',*,*,#5450,.F.);
#7169 = ORIENTED_EDGE('',*,*,#5425,.F.);
#7170 = CYLINDRICAL_SURFACE('',#7171,0.5);
#7171 = AXIS2_PLACEMENT_3D('',#7172,#7173,#7174);
#7172 = CARTESIAN_POINT('',(93.5,-15.,19.));
#7173 = DIRECTION('',(0.,-2.2E-16,-1.));
#7174 = DIRECTION('',(0.,-1.,2.2E-16));
#7175 = ADVANCED_FACE('',(#7176),#7219,.T.);
#7176 = FACE_BOUND('',#7177,.F.);
#7177 = EDGE_LOOP('',(#7178,#7179,#7195,#7203));
#7178 = ORIENTED_EDGE('',*,*,#5417,.F.);
#7179 = ORIENTED_EDGE('',*,*,#7180,.T.);
#7180 = EDGE_CURVE('',#5410,#7131,#7181,.T.);
#7181 = ( BOUNDED_CURVE() B_SPLINE_CURVE(12,(#7182,#7183,#7184,#7185,
    #7186,#7187,#7188,#7189,#7190,#7191,#7192,#7193,#7194),
.UNSPECIFIED.,.F.,.F.) B_SPLINE_CURVE_WITH_KNOTS((13,13),(9.910098894519
,11.820197789037),.PIECEWISE_BEZIER_KNOTS.) CURVE() 
GEOMETRIC_REPRESENTATION_ITEM() RATIONAL_B_SPLINE_CURVE((1.,1.,1.,1.,
    1.000000000001,0.999999999999,1.000000000001,0.999999999999,
1.000000000001,1.,1.,1.,1.)) REPRESENTATION_ITEM('') );
#7182 = CARTESIAN_POINT('',(74.5,-15.5,19.));
#7183 = CARTESIAN_POINT('',(74.5,-15.5,19.065449547329));
#7184 = CARTESIAN_POINT('',(74.504718813962,-15.49525589768,
    19.131006471288));
#7185 = CARTESIAN_POINT('',(74.51378234884,-15.48641107504,
    19.202819119925));
#7186 = CARTESIAN_POINT('',(74.527624975131,-15.46815551268,
    19.294841541063));
#7187 = CARTESIAN_POINT('',(74.543540318728,-15.44108053585,
    19.390034896772));
#7188 = CARTESIAN_POINT('',(74.55633636785,-15.39124829768,
    19.55487007098));
#7189 = CARTESIAN_POINT('',(74.612708323276,-15.28622558625,
    19.676830119787));
#7190 = CARTESIAN_POINT('',(74.666618781734,-15.16711681442,
    19.805201014878));
#7191 = CARTESIAN_POINT('',(74.743271714326,-15.01473367043,
    19.899904491116));
#7192 = CARTESIAN_POINT('',(74.82537878613,-14.8491542921,
    19.966817097084));
#7193 = CARTESIAN_POINT('',(74.912733936895,-14.67453212621,20.));
#7194 = CARTESIAN_POINT('',(75.,-14.5,20.));
#7195 = ORIENTED_EDGE('',*,*,#7196,.T.);
#7196 = EDGE_CURVE('',#7131,#7197,#7199,.T.);
#7197 = VERTEX_POINT('',#7198);
#7198 = CARTESIAN_POINT('',(93.,-14.5,20.));
#7199 = LINE('',#7200,#7201);
#7200 = CARTESIAN_POINT('',(74.,-14.5,20.));
#7201 = VECTOR('',#7202,1.);
#7202 = DIRECTION('',(1.,0.,0.));
#7203 = ORIENTED_EDGE('',*,*,#7204,.T.);
#7204 = EDGE_CURVE('',#7197,#5418,#7205,.T.);
#7205 = ( BOUNDED_CURVE() B_SPLINE_CURVE(12,(#7206,#7207,#7208,#7209,
    #7210,#7211,#7212,#7213,#7214,#7215,#7216,#7217,#7218),
.UNSPECIFIED.,.F.,.F.) B_SPLINE_CURVE_WITH_KNOTS((13,13),(0.,
1.910098286668),.PIECEWISE_BEZIER_KNOTS.) CURVE() 
GEOMETRIC_REPRESENTATION_ITEM() RATIONAL_B_SPLINE_CURVE((1.,1.,1.,1.,1.,
    1.000000000001,0.999999999999,1.000000000001,0.999999999999,1.,1.,1.
,1.)) REPRESENTATION_ITEM('') );
#7206 = CARTESIAN_POINT('',(93.,-14.5,20.));
#7207 = CARTESIAN_POINT('',(93.087266325771,-14.67453265154,
    19.999999899978));
#7208 = CARTESIAN_POINT('',(93.174621440255,-14.84915474691,
    19.966816914842));
#7209 = CARTESIAN_POINT('',(93.256728468916,-15.01473404009,
    19.899904255284));
#7210 = CARTESIAN_POINT('',(93.333381347579,-15.16711708665,
    19.805200739055));
#7211 = CARTESIAN_POINT('',(93.387291768768,-15.28622577118,
    19.676829879019));
#7212 = CARTESIAN_POINT('',(93.443663669117,-15.39124839577,
    19.554869807434));
#7213 = CARTESIAN_POINT('',(93.456459691683,-15.44108056129,
    19.390034761551));
#7214 = CARTESIAN_POINT('',(93.472375045604,-15.46815553837,
    19.294841442771));
#7215 = CARTESIAN_POINT('',(93.486217656855,-15.48641108052,
    19.202819060221));
#7216 = CARTESIAN_POINT('',(93.495281188894,-15.49525590056,
    19.131006435529));
#7217 = CARTESIAN_POINT('',(93.5,-15.5,19.065449529421));
#7218 = CARTESIAN_POINT('',(93.5,-15.5,19.));
#7219 = CYLINDRICAL_SURFACE('',#7220,1.);
#7220 = AXIS2_PLACEMENT_3D('',#7221,#7222,#7223);
#7221 = CARTESIAN_POINT('',(74.,-14.5,19.));
#7222 = DIRECTION('',(1.,0.,0.));
#7223 = DIRECTION('',(0.,-1.,2.7E-16));
#7224 = ADVANCED_FACE('',(#7225),#7251,.T.);
#7225 = FACE_BOUND('',#7226,.T.);
#7226 = EDGE_LOOP('',(#7227,#7228,#7229,#7235));
#7227 = ORIENTED_EDGE('',*,*,#5528,.F.);
#7228 = ORIENTED_EDGE('',*,*,#5544,.T.);
#7229 = ORIENTED_EDGE('',*,*,#7230,.T.);
#7230 = EDGE_CURVE('',#5545,#7197,#7231,.T.);
#7231 = LINE('',#7232,#7233);
#7232 = CARTESIAN_POINT('',(93.,-9.3,20.));
#7233 = VECTOR('',#7234,1.);
#7234 = DIRECTION('',(0.,-1.,2.2E-16));
#7235 = ORIENTED_EDGE('',*,*,#7236,.T.);
#7236 = EDGE_CURVE('',#7197,#5521,#7237,.T.);
#7237 = ( BOUNDED_CURVE() B_SPLINE_CURVE(12,(#7238,#7239,#7240,#7241,
    #7242,#7243,#7244,#7245,#7246,#7247,#7248,#7249,#7250),
.UNSPECIFIED.,.F.,.F.) B_SPLINE_CURVE_WITH_KNOTS((13,13),(0.,
1.910098286668),.PIECEWISE_BEZIER_KNOTS.) CURVE() 
GEOMETRIC_REPRESENTATION_ITEM() RATIONAL_B_SPLINE_CURVE((1.,1.,1.,1.,1.,
    1.000000000001,0.999999999999,1.000000000001,0.999999999999,1.,1.,1.
,1.)) REPRESENTATION_ITEM('') );
#7238 = CARTESIAN_POINT('',(93.,-14.5,20.));
#7239 = CARTESIAN_POINT('',(93.174532651542,-14.58726632577,
    19.999999899978));
#7240 = CARTESIAN_POINT('',(93.349154746912,-14.67462144025,
    19.966816914842));
#7241 = CARTESIAN_POINT('',(93.514734040092,-14.75672846891,
    19.899904255284));
#7242 = CARTESIAN_POINT('',(93.667117086654,-14.83338134757,
    19.805200739055));
#7243 = CARTESIAN_POINT('',(93.786225771184,-14.88729176877,
    19.67682987902));
#7244 = CARTESIAN_POINT('',(93.891248395775,-14.9436636691,
    19.554869807433));
#7245 = CARTESIAN_POINT('',(93.941080561295,-14.95645969169,
    19.390034761552));
#7246 = CARTESIAN_POINT('',(93.968155538374,-14.9723750456,
    19.29484144277));
#7247 = CARTESIAN_POINT('',(93.986411080524,-14.98621765685,
    19.202819060221));
#7248 = CARTESIAN_POINT('',(93.99525590056,-14.99528118889,
    19.131006435529));
#7249 = CARTESIAN_POINT('',(94.,-15.,19.065449529421));
#7250 = CARTESIAN_POINT('',(94.,-15.,19.));
#7251 = CYLINDRICAL_SURFACE('',#7252,1.);
#7252 = AXIS2_PLACEMENT_3D('',#7253,#7254,#7255);
#7253 = CARTESIAN_POINT('',(93.,-9.3,19.));
#7254 = DIRECTION('',(0.,-1.,2.2E-16));
#7255 = DIRECTION('',(1.,0.,0.));
#7256 = ADVANCED_FACE('',(#7257),#7262,.F.);
#7257 = FACE_BOUND('',#7258,.F.);
#7258 = EDGE_LOOP('',(#7259,#7260,#7261));
#7259 = ORIENTED_EDGE('',*,*,#5587,.T.);
#7260 = ORIENTED_EDGE('',*,*,#5561,.T.);
#7261 = ORIENTED_EDGE('',*,*,#7005,.F.);
#7262 = ( BOUNDED_SURFACE() B_SPLINE_SURFACE(2,12,(
    (#7263,#7264,#7265,#7266,#7267,#7268,#7269,#7270,#7271,#7272,#7273
      ,#7274,#7275)
    ,(#7276,#7277,#7278,#7279,#7280,#7281,#7282,#7283,#7284,#7285,#7286
      ,#7287,#7288)
    ,(#7289,#7290,#7291,#7292,#7293,#7294,#7295,#7296,#7297,#7298,#7299
      ,#7300,#7301
)),.UNSPECIFIED.,.F.,.F.,.F.) B_SPLINE_SURFACE_WITH_KNOTS((3,3),(13,13),
  (0.,1.910098894519),(15.570796326795,17.480895221313),
.PIECEWISE_BEZIER_KNOTS.) GEOMETRIC_REPRESENTATION_ITEM() 
RATIONAL_B_SPLINE_SURFACE((
    (1.,1.,0.999999999999,1.000000000001,0.999999999998,1.000000000003
      ,0.999999999996,1.000000000003,0.999999999998,1.000000000001,1.,1.
      ,1.)
    ,(0.707106781187,0.707106781187,0.707237853735,0.706089742297
      ,0.71605554699,0.72120377854,0.793770950606,0.842106618595
      ,0.903640285641,0.949966188744,0.983401145808,1.,1.)
    ,(1.,1.,0.999999999999,1.000000000001,0.999999999998,1.000000000003
      ,0.999999999996,1.000000000003,0.999999999998,1.000000000001,1.,1.
,1.))) REPRESENTATION_ITEM('') SURFACE() );
#7263 = CARTESIAN_POINT('',(81.,-9.8,19.));
#7264 = CARTESIAN_POINT('',(81.,-9.8,19.065449547329));
#7265 = CARTESIAN_POINT('',(81.004744102316,-9.804718813962,
    19.131006471288));
#7266 = CARTESIAN_POINT('',(81.013588924951,-9.813782348839,
    19.202819119925));
#7267 = CARTESIAN_POINT('',(81.031844487312,-9.827624975132,
    19.294841541063));
#7268 = CARTESIAN_POINT('',(81.058919464144,-9.843540318726,
    19.390034896771));
#7269 = CARTESIAN_POINT('',(81.10875170232,-9.856336367853,
    19.554870070983));
#7270 = CARTESIAN_POINT('',(81.213774413741,-9.912708323274,
    19.676830119784));
#7271 = CARTESIAN_POINT('',(81.332883185577,-9.966618781735,
    19.805201014881));
#7272 = CARTESIAN_POINT('',(81.485266329566,-10.04327171432,
    19.899904491115));
#7273 = CARTESIAN_POINT('',(81.650845707896,-10.12537878613,
    19.966817097084));
#7274 = CARTESIAN_POINT('',(81.825467873789,-10.21273393689,20.));
#7275 = CARTESIAN_POINT('',(82.,-10.3,20.));
#7276 = CARTESIAN_POINT('',(81.,-9.3,19.));
#7277 = CARTESIAN_POINT('',(81.,-9.3,19.130899094658));
#7278 = CARTESIAN_POINT('',(81.014035873617,-9.314035873617,
    19.261795233427));
#7279 = CARTESIAN_POINT('',(81.041951121815,-9.341951121814,
    19.394545633962));
#7280 = CARTESIAN_POINT('',(81.087312468216,-9.387312468218,
    19.522878150368));
#7281 = CARTESIAN_POINT('',(81.152793202713,-9.452793202711,
    19.658239850654));
#7282 = CARTESIAN_POINT('',(81.237443117119,-9.537443117119,
    19.716933952611));
#7283 = CARTESIAN_POINT('',(81.344127987976,-9.644127987977,
    19.828881949144));
#7284 = CARTESIAN_POINT('',(81.465288269237,-9.765288269236,
    19.889328482093));
#7285 = CARTESIAN_POINT('',(81.597549924276,-9.897549924277,
    19.948344926744));
#7286 = CARTESIAN_POINT('',(81.733775343486,-10.03377534348,
    19.983002003954));
#7287 = CARTESIAN_POINT('',(81.869100905342,-10.16910090534,20.));
#7288 = CARTESIAN_POINT('',(82.,-10.3,20.));
#7289 = CARTESIAN_POINT('',(81.5,-9.3,19.));
#7290 = CARTESIAN_POINT('',(81.5,-9.3,19.065449547329));
#7291 = CARTESIAN_POINT('',(81.504718813962,-9.304744102316,
    19.131006471288));
#7292 = CARTESIAN_POINT('',(81.513782348839,-9.313588924952,
    19.202819119925));
#7293 = CARTESIAN_POINT('',(81.527624975132,-9.33184448731,
    19.294841541063));
#7294 = CARTESIAN_POINT('',(81.543540318725,-9.358919464149,
    19.390034896772));
#7295 = CARTESIAN_POINT('',(81.556336367855,-9.408751702313,
    19.554870070982));
#7296 = CARTESIAN_POINT('',(81.61270832327,-9.513774413747,
    19.676830119785));
#7297 = CARTESIAN_POINT('',(81.666618781738,-9.632883185574,
    19.805201014881));
#7298 = CARTESIAN_POINT('',(81.743271714325,-9.785266329567,
    19.899904491115));
#7299 = CARTESIAN_POINT('',(81.82537878613,-9.950845707895,
    19.966817097084));
#7300 = CARTESIAN_POINT('',(81.912733936894,-10.12546787378,20.));
#7301 = CARTESIAN_POINT('',(82.,-10.3,20.));
#7302 = ADVANCED_FACE('',(#7303),#7311,.T.);
#7303 = FACE_BOUND('',#7304,.T.);
#7304 = EDGE_LOOP('',(#7305,#7306,#7307,#7308,#7309,#7310));
#7305 = ORIENTED_EDGE('',*,*,#7230,.F.);
#7306 = ORIENTED_EDGE('',*,*,#5553,.T.);
#7307 = ORIENTED_EDGE('',*,*,#6999,.F.);
#7308 = ORIENTED_EDGE('',*,*,#7065,.F.);
#7309 = ORIENTED_EDGE('',*,*,#7130,.T.);
#7310 = ORIENTED_EDGE('',*,*,#7196,.T.);
#7311 = PLANE('',#7312);
#7312 = AXIS2_PLACEMENT_3D('',#7313,#7314,#7315);
#7313 = CARTESIAN_POINT('',(74.,-7.5,20.));
#7314 = DIRECTION('',(0.,2.2E-16,1.));
#7315 = DIRECTION('',(1.,0.,0.));
#7316 = ADVANCED_FACE('',(#7317),#7337,.T.);
#7317 = FACE_BOUND('',#7318,.T.);
#7318 = EDGE_LOOP('',(#7319,#7328,#7329,#7330));
#7319 = ORIENTED_EDGE('',*,*,#7320,.F.);
#7320 = EDGE_CURVE('',#5633,#7321,#7323,.T.);
#7321 = VERTEX_POINT('',#7322);
#7322 = CARTESIAN_POINT('',(51.5,-76.,12.));
#7323 = CIRCLE('',#7324,0.5);
#7324 = AXIS2_PLACEMENT_3D('',#7325,#7326,#7327);
#7325 = CARTESIAN_POINT('',(51.5,-76.,11.5));
#7326 = DIRECTION('',(0.,-1.,0.));
#7327 = DIRECTION('',(1.,0.,0.));
#7328 = ORIENTED_EDGE('',*,*,#5640,.T.);
#7329 = ORIENTED_EDGE('',*,*,#7320,.T.);
#7330 = ORIENTED_EDGE('',*,*,#7331,.F.);
#7331 = EDGE_CURVE('',#7321,#7321,#7332,.T.);
#7332 = CIRCLE('',#7333,2.5);
#7333 = AXIS2_PLACEMENT_3D('',#7334,#7335,#7336);
#7334 = CARTESIAN_POINT('',(49.,-76.,12.));
#7335 = DIRECTION('',(0.,0.,1.));
#7336 = DIRECTION('',(1.,0.,0.));
#7337 = TOROIDAL_SURFACE('',#7338,2.5,0.5);
#7338 = AXIS2_PLACEMENT_3D('',#7339,#7340,#7341);
#7339 = CARTESIAN_POINT('',(49.,-76.,11.5));
#7340 = DIRECTION('',(0.,0.,1.));
#7341 = DIRECTION('',(1.,0.,0.));
#7342 = ADVANCED_FACE('',(#7343),#7363,.T.);
#7343 = FACE_BOUND('',#7344,.T.);
#7344 = EDGE_LOOP('',(#7345,#7354,#7355,#7356));
#7345 = ORIENTED_EDGE('',*,*,#7346,.F.);
#7346 = EDGE_CURVE('',#5658,#7347,#7349,.T.);
#7347 = VERTEX_POINT('',#7348);
#7348 = CARTESIAN_POINT('',(13.5,-104.,12.));
#7349 = CIRCLE('',#7350,0.5);
#7350 = AXIS2_PLACEMENT_3D('',#7351,#7352,#7353);
#7351 = CARTESIAN_POINT('',(13.5,-104.,11.5));
#7352 = DIRECTION('',(0.,-1.,0.));
#7353 = DIRECTION('',(1.,0.,0.));
#7354 = ORIENTED_EDGE('',*,*,#5665,.T.);
#7355 = ORIENTED_EDGE('',*,*,#7346,.T.);
#7356 = ORIENTED_EDGE('',*,*,#7357,.F.);
#7357 = EDGE_CURVE('',#7347,#7347,#7358,.T.);
#7358 = CIRCLE('',#7359,2.5);
#7359 = AXIS2_PLACEMENT_3D('',#7360,#7361,#7362);
#7360 = CARTESIAN_POINT('',(11.,-104.,12.));
#7361 = DIRECTION('',(0.,0.,1.));
#7362 = DIRECTION('',(1.,0.,0.));
#7363 = TOROIDAL_SURFACE('',#7364,2.5,0.5);
#7364 = AXIS2_PLACEMENT_3D('',#7365,#7366,#7367);
#7365 = CARTESIAN_POINT('',(11.,-104.,11.5));
#7366 = DIRECTION('',(0.,0.,1.));
#7367 = DIRECTION('',(1.,0.,0.));
#7368 = ADVANCED_FACE('',(#7369),#7389,.T.);
#7369 = FACE_BOUND('',#7370,.T.);
#7370 = EDGE_LOOP('',(#7371,#7380,#7381,#7382));
#7371 = ORIENTED_EDGE('',*,*,#7372,.F.);
#7372 = EDGE_CURVE('',#5683,#7373,#7375,.T.);
#7373 = VERTEX_POINT('',#7374);
#7374 = CARTESIAN_POINT('',(13.5,-76.,12.));
#7375 = CIRCLE('',#7376,0.5);
#7376 = AXIS2_PLACEMENT_3D('',#7377,#7378,#7379);
#7377 = CARTESIAN_POINT('',(13.5,-76.,11.5));
#7378 = DIRECTION('',(0.,-1.,0.));
#7379 = DIRECTION('',(1.,0.,0.));
#7380 = ORIENTED_EDGE('',*,*,#5690,.T.);
#7381 = ORIENTED_EDGE('',*,*,#7372,.T.);
#7382 = ORIENTED_EDGE('',*,*,#7383,.F.);
#7383 = EDGE_CURVE('',#7373,#7373,#7384,.T.);
#7384 = CIRCLE('',#7385,2.5);
#7385 = AXIS2_PLACEMENT_3D('',#7386,#7387,#7388);
#7386 = CARTESIAN_POINT('',(11.,-76.,12.));
#7387 = DIRECTION('',(0.,0.,1.));
#7388 = DIRECTION('',(1.,0.,0.));
#7389 = TOROIDAL_SURFACE('',#7390,2.5,0.5);
#7390 = AXIS2_PLACEMENT_3D('',#7391,#7392,#7393);
#7391 = CARTESIAN_POINT('',(11.,-76.,11.5));
#7392 = DIRECTION('',(0.,0.,1.));
#7393 = DIRECTION('',(1.,0.,0.));
#7394 = ADVANCED_FACE('',(#7395),#7422,.T.);
#7395 = FACE_BOUND('',#7396,.F.);
#7396 = EDGE_LOOP('',(#7397,#7398,#7407,#7415));
#7397 = ORIENTED_EDGE('',*,*,#5716,.F.);
#7398 = ORIENTED_EDGE('',*,*,#7399,.T.);
#7399 = EDGE_CURVE('',#5709,#7400,#7402,.T.);
#7400 = VERTEX_POINT('',#7401);
#7401 = CARTESIAN_POINT('',(42.,-42.,32.5));
#7402 = CIRCLE('',#7403,1.);
#7403 = AXIS2_PLACEMENT_3D('',#7404,#7405,#7406);
#7404 = CARTESIAN_POINT('',(42.,-42.,31.5));
#7405 = DIRECTION('',(1.,0.,0.));
#7406 = DIRECTION('',(0.,1.,0.));
#7407 = ORIENTED_EDGE('',*,*,#7408,.T.);
#7408 = EDGE_CURVE('',#7400,#7409,#7411,.T.);
#7409 = VERTEX_POINT('',#7410);
#7410 = CARTESIAN_POINT('',(40.,-42.,32.5));
#7411 = LINE('',#7412,#7413);
#7412 = CARTESIAN_POINT('',(43.,-42.,32.5));
#7413 = VECTOR('',#7414,1.);
#7414 = DIRECTION('',(-1.,0.,0.));
#7415 = ORIENTED_EDGE('',*,*,#7416,.F.);
#7416 = EDGE_CURVE('',#5717,#7409,#7417,.T.);
#7417 = ELLIPSE('',#7418,1.414213562373,1.);
#7418 = AXIS2_PLACEMENT_3D('',#7419,#7420,#7421);
#7419 = CARTESIAN_POINT('',(41.,-42.,31.5));
#7420 = DIRECTION('',(0.707106781187,1.6E-16,0.707106781187));
#7421 = DIRECTION('',(-0.707106781187,1.6E-16,0.707106781187));
#7422 = CYLINDRICAL_SURFACE('',#7423,1.);
#7423 = AXIS2_PLACEMENT_3D('',#7424,#7425,#7426);
#7424 = CARTESIAN_POINT('',(43.,-42.,31.5));
#7425 = DIRECTION('',(-1.,0.,0.));
#7426 = DIRECTION('',(0.,1.,0.));
#7427 = ADVANCED_FACE('',(#7428),#7455,.T.);
#7428 = FACE_BOUND('',#7429,.T.);
#7429 = EDGE_LOOP('',(#7430,#7439,#7440,#7449));
#7430 = ORIENTED_EDGE('',*,*,#7431,.T.);
#7431 = EDGE_CURVE('',#7432,#5742,#7434,.T.);
#7432 = VERTEX_POINT('',#7433);
#7433 = CARTESIAN_POINT('',(33.5,-42.,32.5));
#7434 = ELLIPSE('',#7435,1.414213562373,1.);
#7435 = AXIS2_PLACEMENT_3D('',#7436,#7437,#7438);
#7436 = CARTESIAN_POINT('',(32.5,-42.,31.5));
#7437 = DIRECTION('',(-0.707106781187,1.6E-16,0.707106781187));
#7438 = DIRECTION('',(-0.707106781187,-1.6E-16,-0.707106781187));
#7439 = ORIENTED_EDGE('',*,*,#5749,.T.);
#7440 = ORIENTED_EDGE('',*,*,#7441,.F.);
#7441 = EDGE_CURVE('',#7442,#5750,#7444,.T.);
#7442 = VERTEX_POINT('',#7443);
#7443 = CARTESIAN_POINT('',(11.,-42.,32.5));
#7444 = CIRCLE('',#7445,1.);
#7445 = AXIS2_PLACEMENT_3D('',#7446,#7447,#7448);
#7446 = CARTESIAN_POINT('',(11.,-42.,31.5));
#7447 = DIRECTION('',(-1.,0.,0.));
#7448 = DIRECTION('',(0.,1.,0.));
#7449 = ORIENTED_EDGE('',*,*,#7450,.F.);
#7450 = EDGE_CURVE('',#7432,#7442,#7451,.T.);
#7451 = LINE('',#7452,#7453);
#7452 = CARTESIAN_POINT('',(33.5,-42.,32.5));
#7453 = VECTOR('',#7454,1.);
#7454 = DIRECTION('',(-1.,0.,0.));
#7455 = CYLINDRICAL_SURFACE('',#7456,1.);
#7456 = AXIS2_PLACEMENT_3D('',#7457,#7458,#7459);
#7457 = CARTESIAN_POINT('',(33.5,-42.,31.5));
#7458 = DIRECTION('',(-1.,0.,0.));
#7459 = DIRECTION('',(0.,0.,1.));
#7460 = ADVANCED_FACE('',(#7461),#7480,.T.);
#7461 = FACE_BOUND('',#7462,.T.);
#7462 = EDGE_LOOP('',(#7463,#7472,#7478,#7479));
#7463 = ORIENTED_EDGE('',*,*,#7464,.T.);
#7464 = EDGE_CURVE('',#5725,#7465,#7467,.T.);
#7465 = VERTEX_POINT('',#7466);
#7466 = CARTESIAN_POINT('',(40.,-42.,25.25));
#7467 = CIRCLE('',#7468,1.);
#7468 = AXIS2_PLACEMENT_3D('',#7469,#7470,#7471);
#7469 = CARTESIAN_POINT('',(41.,-42.,25.25));
#7470 = DIRECTION('',(3.6E-16,-0.,1.));
#7471 = DIRECTION('',(1.,0.,-3.6E-16));
#7472 = ORIENTED_EDGE('',*,*,#7473,.T.);
#7473 = EDGE_CURVE('',#7465,#7409,#7474,.T.);
#7474 = LINE('',#7475,#7476);
#7475 = CARTESIAN_POINT('',(40.,-42.,25.25));
#7476 = VECTOR('',#7477,1.);
#7477 = DIRECTION('',(0.,2.2E-16,1.));
#7478 = ORIENTED_EDGE('',*,*,#7416,.F.);
#7479 = ORIENTED_EDGE('',*,*,#5724,.F.);
#7480 = CYLINDRICAL_SURFACE('',#7481,1.);
#7481 = AXIS2_PLACEMENT_3D('',#7482,#7483,#7484);
#7482 = CARTESIAN_POINT('',(41.,-42.,25.25));
#7483 = DIRECTION('',(0.,2.2E-16,1.));
#7484 = DIRECTION('',(0.,1.,-2.2E-16));
#7485 = ADVANCED_FACE('',(#7486),#7505,.T.);
#7486 = FACE_BOUND('',#7487,.T.);
#7487 = EDGE_LOOP('',(#7488,#7489,#7497,#7504));
#7488 = ORIENTED_EDGE('',*,*,#7431,.F.);
#7489 = ORIENTED_EDGE('',*,*,#7490,.T.);
#7490 = EDGE_CURVE('',#7432,#7491,#7493,.T.);
#7491 = VERTEX_POINT('',#7492);
#7492 = CARTESIAN_POINT('',(33.5,-42.,25.25));
#7493 = LINE('',#7494,#7495);
#7494 = CARTESIAN_POINT('',(33.5,-42.,32.5));
#7495 = VECTOR('',#7496,1.);
#7496 = DIRECTION('',(0.,-2.2E-16,-1.));
#7497 = ORIENTED_EDGE('',*,*,#7498,.F.);
#7498 = EDGE_CURVE('',#5733,#7491,#7499,.T.);
#7499 = CIRCLE('',#7500,1.);
#7500 = AXIS2_PLACEMENT_3D('',#7501,#7502,#7503);
#7501 = CARTESIAN_POINT('',(32.5,-42.,25.25));
#7502 = DIRECTION('',(0.,-2.2E-16,-1.));
#7503 = DIRECTION('',(0.,1.,-2.2E-16));
#7504 = ORIENTED_EDGE('',*,*,#5741,.F.);
#7505 = CYLINDRICAL_SURFACE('',#7506,1.);
#7506 = AXIS2_PLACEMENT_3D('',#7507,#7508,#7509);
#7507 = CARTESIAN_POINT('',(32.5,-42.,32.5));
#7508 = DIRECTION('',(0.,-2.2E-16,-1.));
#7509 = DIRECTION('',(0.,1.,-2.2E-16));
#7510 = ADVANCED_FACE('',(#7511),#7523,.T.);
#7511 = FACE_BOUND('',#7512,.F.);
#7512 = EDGE_LOOP('',(#7513,#7514,#7515,#7516));
#7513 = ORIENTED_EDGE('',*,*,#7498,.F.);
#7514 = ORIENTED_EDGE('',*,*,#5732,.T.);
#7515 = ORIENTED_EDGE('',*,*,#7464,.T.);
#7516 = ORIENTED_EDGE('',*,*,#7517,.F.);
#7517 = EDGE_CURVE('',#7491,#7465,#7518,.T.);
#7518 = CIRCLE('',#7519,3.25);
#7519 = AXIS2_PLACEMENT_3D('',#7520,#7521,#7522);
#7520 = CARTESIAN_POINT('',(36.75,-42.,25.25));
#7521 = DIRECTION('',(0.,-1.,0.));
#7522 = DIRECTION('',(-1.,-0.,-1.09E-15));
#7523 = TOROIDAL_SURFACE('',#7524,4.25,1.);
#7524 = AXIS2_PLACEMENT_3D('',#7525,#7526,#7527);
#7525 = CARTESIAN_POINT('',(36.75,-42.,25.25));
#7526 = DIRECTION('',(0.,1.,0.));
#7527 = DIRECTION('',(-1.,0.,-1.09E-15));
#7528 = ADVANCED_FACE('',(#7529),#7540,.T.);
#7529 = FACE_BOUND('',#7530,.F.);
#7530 = EDGE_LOOP('',(#7531,#7532,#7539));
#7531 = ORIENTED_EDGE('',*,*,#5781,.F.);
#7532 = ORIENTED_EDGE('',*,*,#7533,.T.);
#7533 = EDGE_CURVE('',#5772,#7400,#7534,.T.);
#7534 = CIRCLE('',#7535,1.);
#7535 = AXIS2_PLACEMENT_3D('',#7536,#7537,#7538);
#7536 = CARTESIAN_POINT('',(42.,-42.,31.5));
#7537 = DIRECTION('',(0.,-1.,6.E-17));
#7538 = DIRECTION('',(0.,6.E-17,1.));
#7539 = ORIENTED_EDGE('',*,*,#7399,.F.);
#7540 = SPHERICAL_SURFACE('',#7541,1.);
#7541 = AXIS2_PLACEMENT_3D('',#7542,#7543,#7544);
#7542 = CARTESIAN_POINT('',(42.,-42.,31.5));
#7543 = DIRECTION('',(-1.,0.,0.));
#7544 = DIRECTION('',(0.,1.,0.));
#7545 = ADVANCED_FACE('',(#7546),#7557,.T.);
#7546 = FACE_BOUND('',#7547,.F.);
#7547 = EDGE_LOOP('',(#7548,#7549,#7556));
#7548 = ORIENTED_EDGE('',*,*,#7441,.F.);
#7549 = ORIENTED_EDGE('',*,*,#7550,.T.);
#7550 = EDGE_CURVE('',#7442,#5797,#7551,.T.);
#7551 = CIRCLE('',#7552,1.);
#7552 = AXIS2_PLACEMENT_3D('',#7553,#7554,#7555);
#7553 = CARTESIAN_POINT('',(11.,-42.,31.5));
#7554 = DIRECTION('',(-6.E-17,-1.,-0.));
#7555 = DIRECTION('',(-1.,6.E-17,0.));
#7556 = ORIENTED_EDGE('',*,*,#5806,.F.);
#7557 = SPHERICAL_SURFACE('',#7558,1.);
#7558 = AXIS2_PLACEMENT_3D('',#7559,#7560,#7561);
#7559 = CARTESIAN_POINT('',(11.,-42.,31.5));
#7560 = DIRECTION('',(-0.,-0.,-1.));
#7561 = DIRECTION('',(0.,1.,0.));
#7562 = ADVANCED_FACE('',(#7563),#7582,.T.);
#7563 = FACE_BOUND('',#7564,.F.);
#7564 = EDGE_LOOP('',(#7565,#7574,#7580,#7581));
#7565 = ORIENTED_EDGE('',*,*,#7566,.T.);
#7566 = EDGE_CURVE('',#5857,#7567,#7569,.T.);
#7567 = VERTEX_POINT('',#7568);
#7568 = CARTESIAN_POINT('',(42.,-51.,32.5));
#7569 = ELLIPSE('',#7570,1.414213562373,1.);
#7570 = AXIS2_PLACEMENT_3D('',#7571,#7572,#7573);
#7571 = CARTESIAN_POINT('',(42.,-50.,31.5));
#7572 = DIRECTION('',(0.,-0.707106781187,-0.707106781187));
#7573 = DIRECTION('',(0.,0.707106781187,-0.707106781187));
#7574 = ORIENTED_EDGE('',*,*,#7575,.T.);
#7575 = EDGE_CURVE('',#7567,#7400,#7576,.T.);
#7576 = LINE('',#7577,#7578);
#7577 = CARTESIAN_POINT('',(42.,-51.,32.5));
#7578 = VECTOR('',#7579,1.);
#7579 = DIRECTION('',(0.,1.,0.));
#7580 = ORIENTED_EDGE('',*,*,#7533,.F.);
#7581 = ORIENTED_EDGE('',*,*,#5864,.F.);
#7582 = CYLINDRICAL_SURFACE('',#7583,1.);
#7583 = AXIS2_PLACEMENT_3D('',#7584,#7585,#7586);
#7584 = CARTESIAN_POINT('',(42.,-51.,31.5));
#7585 = DIRECTION('',(0.,1.,0.));
#7586 = DIRECTION('',(1.,0.,0.));
#7587 = ADVANCED_FACE('',(#7588),#7607,.T.);
#7588 = FACE_BOUND('',#7589,.T.);
#7589 = EDGE_LOOP('',(#7590,#7591,#7599,#7606));
#7590 = ORIENTED_EDGE('',*,*,#7566,.T.);
#7591 = ORIENTED_EDGE('',*,*,#7592,.T.);
#7592 = EDGE_CURVE('',#7567,#7593,#7595,.T.);
#7593 = VERTEX_POINT('',#7594);
#7594 = CARTESIAN_POINT('',(42.,-51.,25.25));
#7595 = LINE('',#7596,#7597);
#7596 = CARTESIAN_POINT('',(42.,-51.,32.5));
#7597 = VECTOR('',#7598,1.);
#7598 = DIRECTION('',(0.,0.,-1.));
#7599 = ORIENTED_EDGE('',*,*,#7600,.F.);
#7600 = EDGE_CURVE('',#5848,#7593,#7601,.T.);
#7601 = CIRCLE('',#7602,1.);
#7602 = AXIS2_PLACEMENT_3D('',#7603,#7604,#7605);
#7603 = CARTESIAN_POINT('',(42.,-50.,25.25));
#7604 = DIRECTION('',(0.,0.,-1.));
#7605 = DIRECTION('',(1.,0.,0.));
#7606 = ORIENTED_EDGE('',*,*,#5856,.F.);
#7607 = CYLINDRICAL_SURFACE('',#7608,1.);
#7608 = AXIS2_PLACEMENT_3D('',#7609,#7610,#7611);
#7609 = CARTESIAN_POINT('',(42.,-50.,32.5));
#7610 = DIRECTION('',(0.,0.,-1.));
#7611 = DIRECTION('',(1.,0.,0.));
#7612 = ADVANCED_FACE('',(#7613),#7632,.T.);
#7613 = FACE_BOUND('',#7614,.T.);
#7614 = EDGE_LOOP('',(#7615,#7616,#7617,#7626));
#7615 = ORIENTED_EDGE('',*,*,#5962,.T.);
#7616 = ORIENTED_EDGE('',*,*,#5831,.T.);
#7617 = ORIENTED_EDGE('',*,*,#7618,.T.);
#7618 = EDGE_CURVE('',#5832,#7619,#7621,.T.);
#7619 = VERTEX_POINT('',#7620);
#7620 = CARTESIAN_POINT('',(42.,-58.,32.5));
#7621 = ELLIPSE('',#7622,1.414213562373,1.);
#7622 = AXIS2_PLACEMENT_3D('',#7623,#7624,#7625);
#7623 = CARTESIAN_POINT('',(42.,-59.,31.5));
#7624 = DIRECTION('',(0.,-0.707106781187,0.707106781187));
#7625 = DIRECTION('',(0.,0.707106781187,0.707106781187));
#7626 = ORIENTED_EDGE('',*,*,#7627,.F.);
#7627 = EDGE_CURVE('',#5953,#7619,#7628,.T.);
#7628 = LINE('',#7629,#7630);
#7629 = CARTESIAN_POINT('',(42.,-68.,32.5));
#7630 = VECTOR('',#7631,1.);
#7631 = DIRECTION('',(0.,1.,0.));
#7632 = CYLINDRICAL_SURFACE('',#7633,1.);
#7633 = AXIS2_PLACEMENT_3D('',#7634,#7635,#7636);
#7634 = CARTESIAN_POINT('',(42.,-68.,31.5));
#7635 = DIRECTION('',(0.,1.,0.));
#7636 = DIRECTION('',(0.,0.,1.));
#7637 = ADVANCED_FACE('',(#7638),#7658,.T.);
#7638 = FACE_BOUND('',#7639,.F.);
#7639 = EDGE_LOOP('',(#7640,#7641,#7642,#7651));
#7640 = ORIENTED_EDGE('',*,*,#7600,.F.);
#7641 = ORIENTED_EDGE('',*,*,#5847,.T.);
#7642 = ORIENTED_EDGE('',*,*,#7643,.T.);
#7643 = EDGE_CURVE('',#5840,#7644,#7646,.T.);
#7644 = VERTEX_POINT('',#7645);
#7645 = CARTESIAN_POINT('',(42.,-58.,25.25));
#7646 = CIRCLE('',#7647,1.);
#7647 = AXIS2_PLACEMENT_3D('',#7648,#7649,#7650);
#7648 = CARTESIAN_POINT('',(42.,-59.,25.25));
#7649 = DIRECTION('',(0.,-6.229E-14,1.));
#7650 = DIRECTION('',(-0.,-1.,-6.229E-14));
#7651 = ORIENTED_EDGE('',*,*,#7652,.F.);
#7652 = EDGE_CURVE('',#7593,#7644,#7653,.T.);
#7653 = CIRCLE('',#7654,3.5);
#7654 = AXIS2_PLACEMENT_3D('',#7655,#7656,#7657);
#7655 = CARTESIAN_POINT('',(42.,-54.5,25.25));
#7656 = DIRECTION('',(-1.,0.,0.));
#7657 = DIRECTION('',(0.,1.,0.));
#7658 = TOROIDAL_SURFACE('',#7659,4.5,1.);
#7659 = AXIS2_PLACEMENT_3D('',#7660,#7661,#7662);
#7660 = CARTESIAN_POINT('',(42.,-54.5,25.25));
#7661 = DIRECTION('',(1.,0.,0.));
#7662 = DIRECTION('',(0.,1.,0.));
#7663 = ADVANCED_FACE('',(#7664),#7675,.T.);
#7664 = FACE_BOUND('',#7665,.T.);
#7665 = EDGE_LOOP('',(#7666,#7667,#7673,#7674));
#7666 = ORIENTED_EDGE('',*,*,#7643,.T.);
#7667 = ORIENTED_EDGE('',*,*,#7668,.T.);
#7668 = EDGE_CURVE('',#7644,#7619,#7669,.T.);
#7669 = LINE('',#7670,#7671);
#7670 = CARTESIAN_POINT('',(42.,-58.,25.25));
#7671 = VECTOR('',#7672,1.);
#7672 = DIRECTION('',(0.,0.,1.));
#7673 = ORIENTED_EDGE('',*,*,#7618,.F.);
#7674 = ORIENTED_EDGE('',*,*,#5839,.F.);
#7675 = CYLINDRICAL_SURFACE('',#7676,1.);
#7676 = AXIS2_PLACEMENT_3D('',#7677,#7678,#7679);
#7677 = CARTESIAN_POINT('',(42.,-59.,25.25));
#7678 = DIRECTION('',(0.,0.,1.));
#7679 = DIRECTION('',(1.,0.,0.));
#7680 = ADVANCED_FACE('',(#7681),#7700,.T.);
#7681 = FACE_BOUND('',#7682,.F.);
#7682 = EDGE_LOOP('',(#7683,#7684,#7692,#7699));
#7683 = ORIENTED_EDGE('',*,*,#7550,.F.);
#7684 = ORIENTED_EDGE('',*,*,#7685,.T.);
#7685 = EDGE_CURVE('',#7442,#7686,#7688,.T.);
#7686 = VERTEX_POINT('',#7687);
#7687 = CARTESIAN_POINT('',(11.,-47.75,32.5));
#7688 = LINE('',#7689,#7690);
#7689 = CARTESIAN_POINT('',(11.,-41.,32.5));
#7690 = VECTOR('',#7691,1.);
#7691 = DIRECTION('',(0.,-1.,0.));
#7692 = ORIENTED_EDGE('',*,*,#7693,.F.);
#7693 = EDGE_CURVE('',#5880,#7686,#7694,.T.);
#7694 = ELLIPSE('',#7695,1.414213562373,1.);
#7695 = AXIS2_PLACEMENT_3D('',#7696,#7697,#7698);
#7696 = CARTESIAN_POINT('',(11.,-46.75,31.5));
#7697 = DIRECTION('',(-0.,0.707106781187,0.707106781187));
#7698 = DIRECTION('',(0.,-0.707106781187,0.707106781187));
#7699 = ORIENTED_EDGE('',*,*,#5879,.F.);
#7700 = CYLINDRICAL_SURFACE('',#7701,1.);
#7701 = AXIS2_PLACEMENT_3D('',#7702,#7703,#7704);
#7702 = CARTESIAN_POINT('',(11.,-41.,31.5));
#7703 = DIRECTION('',(0.,-1.,0.));
#7704 = DIRECTION('',(-1.,0.,0.));
#7705 = ADVANCED_FACE('',(#7706),#7725,.T.);
#7706 = FACE_BOUND('',#7707,.T.);
#7707 = EDGE_LOOP('',(#7708,#7717,#7723,#7724));
#7708 = ORIENTED_EDGE('',*,*,#7709,.T.);
#7709 = EDGE_CURVE('',#5888,#7710,#7712,.T.);
#7710 = VERTEX_POINT('',#7711);
#7711 = CARTESIAN_POINT('',(11.,-47.75,25.25));
#7712 = CIRCLE('',#7713,1.);
#7713 = AXIS2_PLACEMENT_3D('',#7714,#7715,#7716);
#7714 = CARTESIAN_POINT('',(11.,-46.75,25.25));
#7715 = DIRECTION('',(0.,6.E-17,1.));
#7716 = DIRECTION('',(0.,1.,-6.E-17));
#7717 = ORIENTED_EDGE('',*,*,#7718,.T.);
#7718 = EDGE_CURVE('',#7710,#7686,#7719,.T.);
#7719 = LINE('',#7720,#7721);
#7720 = CARTESIAN_POINT('',(11.,-47.75,25.25));
#7721 = VECTOR('',#7722,1.);
#7722 = DIRECTION('',(0.,0.,1.));
#7723 = ORIENTED_EDGE('',*,*,#7693,.F.);
#7724 = ORIENTED_EDGE('',*,*,#5887,.F.);
#7725 = CYLINDRICAL_SURFACE('',#7726,1.);
#7726 = AXIS2_PLACEMENT_3D('',#7727,#7728,#7729);
#7727 = CARTESIAN_POINT('',(11.,-46.75,25.25));
#7728 = DIRECTION('',(0.,0.,1.));
#7729 = DIRECTION('',(-1.,0.,0.));
#7730 = ADVANCED_FACE('',(#7731),#7750,.T.);
#7731 = FACE_BOUND('',#7732,.T.);
#7732 = EDGE_LOOP('',(#7733,#7742,#7743,#7744));
#7733 = ORIENTED_EDGE('',*,*,#7734,.T.);
#7734 = EDGE_CURVE('',#7735,#5922,#7737,.T.);
#7735 = VERTEX_POINT('',#7736);
#7736 = CARTESIAN_POINT('',(11.,-57.,32.5));
#7737 = ELLIPSE('',#7738,1.414213562373,1.);
#7738 = AXIS2_PLACEMENT_3D('',#7739,#7740,#7741);
#7739 = CARTESIAN_POINT('',(11.,-58.,31.5));
#7740 = DIRECTION('',(0.,-0.707106781187,0.707106781187));
#7741 = DIRECTION('',(0.,-0.707106781187,-0.707106781187));
#7742 = ORIENTED_EDGE('',*,*,#5929,.T.);
#7743 = ORIENTED_EDGE('',*,*,#5987,.F.);
#7744 = ORIENTED_EDGE('',*,*,#7745,.F.);
#7745 = EDGE_CURVE('',#7735,#5978,#7746,.T.);
#7746 = LINE('',#7747,#7748);
#7747 = CARTESIAN_POINT('',(11.,-57.,32.5));
#7748 = VECTOR('',#7749,1.);
#7749 = DIRECTION('',(0.,-1.,0.));
#7750 = CYLINDRICAL_SURFACE('',#7751,1.);
#7751 = AXIS2_PLACEMENT_3D('',#7752,#7753,#7754);
#7752 = CARTESIAN_POINT('',(11.,-57.,31.5));
#7753 = DIRECTION('',(0.,-1.,0.));
#7754 = DIRECTION('',(0.,0.,1.));
#7755 = ADVANCED_FACE('',(#7756),#7776,.T.);
#7756 = FACE_BOUND('',#7757,.F.);
#7757 = EDGE_LOOP('',(#7758,#7767,#7768,#7769));
#7758 = ORIENTED_EDGE('',*,*,#7759,.F.);
#7759 = EDGE_CURVE('',#5896,#7760,#7762,.T.);
#7760 = VERTEX_POINT('',#7761);
#7761 = CARTESIAN_POINT('',(11.,-50.25,22.75));
#7762 = CIRCLE('',#7763,1.);
#7763 = AXIS2_PLACEMENT_3D('',#7764,#7765,#7766);
#7764 = CARTESIAN_POINT('',(11.,-50.25,21.75));
#7765 = DIRECTION('',(0.,1.,-0.));
#7766 = DIRECTION('',(-1.,0.,0.));
#7767 = ORIENTED_EDGE('',*,*,#5895,.T.);
#7768 = ORIENTED_EDGE('',*,*,#7709,.T.);
#7769 = ORIENTED_EDGE('',*,*,#7770,.F.);
#7770 = EDGE_CURVE('',#7760,#7710,#7771,.T.);
#7771 = CIRCLE('',#7772,2.5);
#7772 = AXIS2_PLACEMENT_3D('',#7773,#7774,#7775);
#7773 = CARTESIAN_POINT('',(11.,-50.25,25.25));
#7774 = DIRECTION('',(1.,-0.,0.));
#7775 = DIRECTION('',(0.,0.,-1.));
#7776 = TOROIDAL_SURFACE('',#7777,3.5,1.);
#7777 = AXIS2_PLACEMENT_3D('',#7778,#7779,#7780);
#7778 = CARTESIAN_POINT('',(11.,-50.25,25.25));
#7779 = DIRECTION('',(-1.,-0.,-0.));
#7780 = DIRECTION('',(0.,0.,-1.));
#7781 = ADVANCED_FACE('',(#7782),#7801,.T.);
#7782 = FACE_BOUND('',#7783,.T.);
#7783 = EDGE_LOOP('',(#7784,#7785,#7793,#7800));
#7784 = ORIENTED_EDGE('',*,*,#7734,.F.);
#7785 = ORIENTED_EDGE('',*,*,#7786,.T.);
#7786 = EDGE_CURVE('',#7735,#7787,#7789,.T.);
#7787 = VERTEX_POINT('',#7788);
#7788 = CARTESIAN_POINT('',(11.,-57.,25.25));
#7789 = LINE('',#7790,#7791);
#7790 = CARTESIAN_POINT('',(11.,-57.,32.5));
#7791 = VECTOR('',#7792,1.);
#7792 = DIRECTION('',(0.,0.,-1.));
#7793 = ORIENTED_EDGE('',*,*,#7794,.F.);
#7794 = EDGE_CURVE('',#5913,#7787,#7795,.T.);
#7795 = CIRCLE('',#7796,1.);
#7796 = AXIS2_PLACEMENT_3D('',#7797,#7798,#7799);
#7797 = CARTESIAN_POINT('',(11.,-58.,25.25));
#7798 = DIRECTION('',(0.,0.,-1.));
#7799 = DIRECTION('',(-1.,-0.,-0.));
#7800 = ORIENTED_EDGE('',*,*,#5921,.F.);
#7801 = CYLINDRICAL_SURFACE('',#7802,1.);
#7802 = AXIS2_PLACEMENT_3D('',#7803,#7804,#7805);
#7803 = CARTESIAN_POINT('',(11.,-58.,32.5));
#7804 = DIRECTION('',(0.,0.,-1.));
#7805 = DIRECTION('',(-1.,-0.,-0.));
#7806 = ADVANCED_FACE('',(#7807),#7826,.T.);
#7807 = FACE_BOUND('',#7808,.T.);
#7808 = EDGE_LOOP('',(#7809,#7818,#7824,#7825));
#7809 = ORIENTED_EDGE('',*,*,#7810,.T.);
#7810 = EDGE_CURVE('',#5905,#7811,#7813,.T.);
#7811 = VERTEX_POINT('',#7812);
#7812 = CARTESIAN_POINT('',(11.,-54.5,22.75));
#7813 = CIRCLE('',#7814,1.);
#7814 = AXIS2_PLACEMENT_3D('',#7815,#7816,#7817);
#7815 = CARTESIAN_POINT('',(11.,-54.5,21.75));
#7816 = DIRECTION('',(0.,1.,-6.E-17));
#7817 = DIRECTION('',(0.,-6.E-17,-1.));
#7818 = ORIENTED_EDGE('',*,*,#7819,.T.);
#7819 = EDGE_CURVE('',#7811,#7760,#7820,.T.);
#7820 = LINE('',#7821,#7822);
#7821 = CARTESIAN_POINT('',(11.,-54.5,22.75));
#7822 = VECTOR('',#7823,1.);
#7823 = DIRECTION('',(0.,1.,0.));
#7824 = ORIENTED_EDGE('',*,*,#7759,.F.);
#7825 = ORIENTED_EDGE('',*,*,#5904,.F.);
#7826 = CYLINDRICAL_SURFACE('',#7827,1.);
#7827 = AXIS2_PLACEMENT_3D('',#7828,#7829,#7830);
#7828 = CARTESIAN_POINT('',(11.,-54.5,21.75));
#7829 = DIRECTION('',(0.,1.,0.));
#7830 = DIRECTION('',(-1.,0.,0.));
#7831 = ADVANCED_FACE('',(#7832),#7844,.T.);
#7832 = FACE_BOUND('',#7833,.F.);
#7833 = EDGE_LOOP('',(#7834,#7835,#7836,#7837));
#7834 = ORIENTED_EDGE('',*,*,#7794,.F.);
#7835 = ORIENTED_EDGE('',*,*,#5912,.T.);
#7836 = ORIENTED_EDGE('',*,*,#7810,.T.);
#7837 = ORIENTED_EDGE('',*,*,#7838,.F.);
#7838 = EDGE_CURVE('',#7787,#7811,#7839,.T.);
#7839 = CIRCLE('',#7840,2.5);
#7840 = AXIS2_PLACEMENT_3D('',#7841,#7842,#7843);
#7841 = CARTESIAN_POINT('',(11.,-54.5,25.25));
#7842 = DIRECTION('',(1.,0.,0.));
#7843 = DIRECTION('',(0.,-1.,0.));
#7844 = TOROIDAL_SURFACE('',#7845,3.5,1.);
#7845 = AXIS2_PLACEMENT_3D('',#7846,#7847,#7848);
#7846 = CARTESIAN_POINT('',(11.,-54.5,25.25));
#7847 = DIRECTION('',(-1.,-0.,-0.));
#7848 = DIRECTION('',(0.,-1.,0.));
#7849 = ADVANCED_FACE('',(#7850,#7902),#7913,.T.);
#7850 = FACE_BOUND('',#7851,.T.);
#7851 = EDGE_LOOP('',(#7852,#7860,#7869,#7877,#7885,#7894,#7900,#7901));
#7852 = ORIENTED_EDGE('',*,*,#7853,.T.);
#7853 = EDGE_CURVE('',#7619,#7854,#7856,.T.);
#7854 = VERTEX_POINT('',#7855);
#7855 = CARTESIAN_POINT('',(41.,-58.,32.5));
#7856 = LINE('',#7857,#7858);
#7857 = CARTESIAN_POINT('',(43.,-58.,32.5));
#7858 = VECTOR('',#7859,1.);
#7859 = DIRECTION('',(-1.,-0.,-0.));
#7860 = ORIENTED_EDGE('',*,*,#7861,.F.);
#7861 = EDGE_CURVE('',#7862,#7854,#7864,.T.);
#7862 = VERTEX_POINT('',#7863);
#7863 = CARTESIAN_POINT('',(40.,-59.,32.5));
#7864 = CIRCLE('',#7865,1.);
#7865 = AXIS2_PLACEMENT_3D('',#7866,#7867,#7868);
#7866 = CARTESIAN_POINT('',(41.,-59.,32.5));
#7867 = DIRECTION('',(0.,0.,-1.));
#7868 = DIRECTION('',(0.,1.,0.));
#7869 = ORIENTED_EDGE('',*,*,#7870,.F.);
#7870 = EDGE_CURVE('',#7871,#7862,#7873,.T.);
#7871 = VERTEX_POINT('',#7872);
#7872 = CARTESIAN_POINT('',(40.,-61.25,32.5));
#7873 = LINE('',#7874,#7875);
#7874 = CARTESIAN_POINT('',(40.,-61.25,32.5));
#7875 = VECTOR('',#7876,1.);
#7876 = DIRECTION('',(0.,1.,0.));
#7877 = ORIENTED_EDGE('',*,*,#7878,.F.);
#7878 = EDGE_CURVE('',#7879,#7871,#7881,.T.);
#7879 = VERTEX_POINT('',#7880);
#7880 = CARTESIAN_POINT('',(28.875,-61.24999999999,32.5));
#7881 = LINE('',#7882,#7883);
#7882 = CARTESIAN_POINT('',(14.,-61.25,32.5));
#7883 = VECTOR('',#7884,1.);
#7884 = DIRECTION('',(1.,0.,0.));
#7885 = ORIENTED_EDGE('',*,*,#7886,.F.);
#7886 = EDGE_CURVE('',#7887,#7879,#7889,.T.);
#7887 = VERTEX_POINT('',#7888);
#7888 = CARTESIAN_POINT('',(29.875,-62.24999999999,32.5));
#7889 = CIRCLE('',#7890,1.);
#7890 = AXIS2_PLACEMENT_3D('',#7891,#7892,#7893);
#7891 = CARTESIAN_POINT('',(28.875,-62.24999999999,32.5));
#7892 = DIRECTION('',(-0.,0.,1.));
#7893 = DIRECTION('',(0.,-1.,0.));
#7894 = ORIENTED_EDGE('',*,*,#7895,.F.);
#7895 = EDGE_CURVE('',#6003,#7887,#7896,.T.);
#7896 = LINE('',#7897,#7898);
#7897 = CARTESIAN_POINT('',(29.875,-68.,32.5));
#7898 = VECTOR('',#7899,1.);
#7899 = DIRECTION('',(0.,1.,0.));
#7900 = ORIENTED_EDGE('',*,*,#6002,.T.);
#7901 = ORIENTED_EDGE('',*,*,#7627,.T.);
#7902 = FACE_BOUND('',#7903,.T.);
#7903 = EDGE_LOOP('',(#7904));
#7904 = ORIENTED_EDGE('',*,*,#7905,.F.);
#7905 = EDGE_CURVE('',#7906,#7906,#7908,.T.);
#7906 = VERTEX_POINT('',#7907);
#7907 = CARTESIAN_POINT('',(39.32,-64.625,32.5));
#7908 = CIRCLE('',#7909,1.82);
#7909 = AXIS2_PLACEMENT_3D('',#7910,#7911,#7912);
#7910 = CARTESIAN_POINT('',(37.5,-64.625,32.5));
#7911 = DIRECTION('',(0.,0.,1.));
#7912 = DIRECTION('',(1.,0.,0.));
#7913 = PLANE('',#7914);
#7914 = AXIS2_PLACEMENT_3D('',#7915,#7916,#7917);
#7915 = CARTESIAN_POINT('',(26.5,-54.5,32.5));
#7916 = DIRECTION('',(0.,0.,1.));
#7917 = DIRECTION('',(1.,0.,0.));
#7918 = ADVANCED_FACE('',(#7919),#7937,.F.);
#7919 = FACE_BOUND('',#7920,.F.);
#7920 = EDGE_LOOP('',(#7921,#7922,#7930,#7936));
#7921 = ORIENTED_EDGE('',*,*,#6010,.T.);
#7922 = ORIENTED_EDGE('',*,*,#7923,.T.);
#7923 = EDGE_CURVE('',#6011,#7924,#7926,.T.);
#7924 = VERTEX_POINT('',#7925);
#7925 = CARTESIAN_POINT('',(29.875,-62.24999999999,35.5));
#7926 = LINE('',#7927,#7928);
#7927 = CARTESIAN_POINT('',(29.875,-68.,35.5));
#7928 = VECTOR('',#7929,1.);
#7929 = DIRECTION('',(0.,1.,0.));
#7930 = ORIENTED_EDGE('',*,*,#7931,.F.);
#7931 = EDGE_CURVE('',#7887,#7924,#7932,.T.);
#7932 = LINE('',#7933,#7934);
#7933 = CARTESIAN_POINT('',(29.875,-62.24999999999,32.5));
#7934 = VECTOR('',#7935,1.);
#7935 = DIRECTION('',(0.,0.,1.));
#7936 = ORIENTED_EDGE('',*,*,#7895,.F.);
#7937 = PLANE('',#7938);
#7938 = AXIS2_PLACEMENT_3D('',#7939,#7940,#7941);
#7939 = CARTESIAN_POINT('',(29.875,-68.,32.5));
#7940 = DIRECTION('',(-1.,0.,0.));
#7941 = DIRECTION('',(0.,1.,0.));
#7942 = ADVANCED_FACE('',(#7943),#7970,.T.);
#7943 = FACE_BOUND('',#7944,.T.);
#7944 = EDGE_LOOP('',(#7945,#7954,#7955,#7964));
#7945 = ORIENTED_EDGE('',*,*,#7946,.F.);
#7946 = EDGE_CURVE('',#6019,#7947,#7949,.T.);
#7947 = VERTEX_POINT('',#7948);
#7948 = CARTESIAN_POINT('',(24.125,-67.,36.5));
#7949 = ELLIPSE('',#7950,1.414213562373,1.);
#7950 = AXIS2_PLACEMENT_3D('',#7951,#7952,#7953);
#7951 = CARTESIAN_POINT('',(24.125,-67.,35.5));
#7952 = DIRECTION('',(-0.707106781187,0.707106781187,0.));
#7953 = DIRECTION('',(-0.707106781187,-0.707106781187,0.));
#7954 = ORIENTED_EDGE('',*,*,#6018,.T.);
#7955 = ORIENTED_EDGE('',*,*,#7956,.F.);
#7956 = EDGE_CURVE('',#7957,#6011,#7959,.T.);
#7957 = VERTEX_POINT('',#7958);
#7958 = CARTESIAN_POINT('',(28.875,-67.,36.5));
#7959 = ELLIPSE('',#7960,1.414213562373,1.);
#7960 = AXIS2_PLACEMENT_3D('',#7961,#7962,#7963);
#7961 = CARTESIAN_POINT('',(28.875,-67.,35.5));
#7962 = DIRECTION('',(0.707106781187,0.707106781187,0.));
#7963 = DIRECTION('',(0.707106781187,-0.707106781187,0.));
#7964 = ORIENTED_EDGE('',*,*,#7965,.F.);
#7965 = EDGE_CURVE('',#7947,#7957,#7966,.T.);
#7966 = LINE('',#7967,#7968);
#7967 = CARTESIAN_POINT('',(23.125,-67.,36.5));
#7968 = VECTOR('',#7969,1.);
#7969 = DIRECTION('',(1.,0.,0.));
#7970 = CYLINDRICAL_SURFACE('',#7971,1.);
#7971 = AXIS2_PLACEMENT_3D('',#7972,#7973,#7974);
#7972 = CARTESIAN_POINT('',(23.125,-67.,35.5));
#7973 = DIRECTION('',(1.,0.,0.));
#7974 = DIRECTION('',(0.,0.,1.));
#7975 = ADVANCED_FACE('',(#7976),#8001,.F.);
#7976 = FACE_BOUND('',#7977,.F.);
#7977 = EDGE_LOOP('',(#7978,#7979,#7987,#7995));
#7978 = ORIENTED_EDGE('',*,*,#6026,.F.);
#7979 = ORIENTED_EDGE('',*,*,#7980,.F.);
#7980 = EDGE_CURVE('',#7981,#6027,#7983,.T.);
#7981 = VERTEX_POINT('',#7982);
#7982 = CARTESIAN_POINT('',(23.125,-62.24999999999,32.5));
#7983 = LINE('',#7984,#7985);
#7984 = CARTESIAN_POINT('',(23.125,-61.24999999999,32.5));
#7985 = VECTOR('',#7986,1.);
#7986 = DIRECTION('',(0.,-1.,0.));
#7987 = ORIENTED_EDGE('',*,*,#7988,.T.);
#7988 = EDGE_CURVE('',#7981,#7989,#7991,.T.);
#7989 = VERTEX_POINT('',#7990);
#7990 = CARTESIAN_POINT('',(23.125,-62.24999999999,35.5));
#7991 = LINE('',#7992,#7993);
#7992 = CARTESIAN_POINT('',(23.125,-62.24999999999,32.5));
#7993 = VECTOR('',#7994,1.);
#7994 = DIRECTION('',(0.,0.,1.));
#7995 = ORIENTED_EDGE('',*,*,#7996,.T.);
#7996 = EDGE_CURVE('',#7989,#6019,#7997,.T.);
#7997 = LINE('',#7998,#7999);
#7998 = CARTESIAN_POINT('',(23.125,-61.24999999999,35.5));
#7999 = VECTOR('',#8000,1.);
#8000 = DIRECTION('',(0.,-1.,0.));
#8001 = PLANE('',#8002);
#8002 = AXIS2_PLACEMENT_3D('',#8003,#8004,#8005);
#8003 = CARTESIAN_POINT('',(23.125,-61.24999999999,32.5));
#8004 = DIRECTION('',(1.,0.,0.));
#8005 = DIRECTION('',(0.,-1.,0.));
#8006 = ADVANCED_FACE('',(#8007,#8043),#8054,.T.);
#8007 = FACE_BOUND('',#8008,.T.);
#8008 = EDGE_LOOP('',(#8009,#8010,#8011,#8020,#8028,#8036,#8042));
#8009 = ORIENTED_EDGE('',*,*,#6034,.T.);
#8010 = ORIENTED_EDGE('',*,*,#7980,.F.);
#8011 = ORIENTED_EDGE('',*,*,#8012,.T.);
#8012 = EDGE_CURVE('',#7981,#8013,#8015,.T.);
#8013 = VERTEX_POINT('',#8014);
#8014 = CARTESIAN_POINT('',(24.125,-61.24999999999,32.5));
#8015 = CIRCLE('',#8016,1.);
#8016 = AXIS2_PLACEMENT_3D('',#8017,#8018,#8019);
#8017 = CARTESIAN_POINT('',(24.125,-62.24999999999,32.5));
#8018 = DIRECTION('',(-0.,-0.,-1.));
#8019 = DIRECTION('',(0.,-1.,0.));
#8020 = ORIENTED_EDGE('',*,*,#8021,.F.);
#8021 = EDGE_CURVE('',#8022,#8013,#8024,.T.);
#8022 = VERTEX_POINT('',#8023);
#8023 = CARTESIAN_POINT('',(14.,-61.25,32.5));
#8024 = LINE('',#8025,#8026);
#8025 = CARTESIAN_POINT('',(26.727528089888,-61.24999999999,32.5));
#8026 = VECTOR('',#8027,1.);
#8027 = DIRECTION('',(1.,-1.25E-15,0.));
#8028 = ORIENTED_EDGE('',*,*,#8029,.F.);
#8029 = EDGE_CURVE('',#8030,#8022,#8032,.T.);
#8030 = VERTEX_POINT('',#8031);
#8031 = CARTESIAN_POINT('',(14.,-57.,32.5));
#8032 = LINE('',#8033,#8034);
#8033 = CARTESIAN_POINT('',(14.,-47.75,32.5));
#8034 = VECTOR('',#8035,1.);
#8035 = DIRECTION('',(0.,-1.,0.));
#8036 = ORIENTED_EDGE('',*,*,#8037,.F.);
#8037 = EDGE_CURVE('',#7735,#8030,#8038,.T.);
#8038 = LINE('',#8039,#8040);
#8039 = CARTESIAN_POINT('',(10.,-57.,32.5));
#8040 = VECTOR('',#8041,1.);
#8041 = DIRECTION('',(1.,0.,0.));
#8042 = ORIENTED_EDGE('',*,*,#7745,.T.);
#8043 = FACE_BOUND('',#8044,.T.);
#8044 = EDGE_LOOP('',(#8045));
#8045 = ORIENTED_EDGE('',*,*,#8046,.F.);
#8046 = EDGE_CURVE('',#8047,#8047,#8049,.T.);
#8047 = VERTEX_POINT('',#8048);
#8048 = CARTESIAN_POINT('',(17.32,-64.625,32.5));
#8049 = CIRCLE('',#8050,1.82);
#8050 = AXIS2_PLACEMENT_3D('',#8051,#8052,#8053);
#8051 = CARTESIAN_POINT('',(15.5,-64.625,32.5));
#8052 = DIRECTION('',(0.,0.,1.));
#8053 = DIRECTION('',(1.,0.,0.));
#8054 = PLANE('',#8055);
#8055 = AXIS2_PLACEMENT_3D('',#8056,#8057,#8058);
#8056 = CARTESIAN_POINT('',(26.5,-54.5,32.5));
#8057 = DIRECTION('',(0.,0.,1.));
#8058 = DIRECTION('',(1.,0.,0.));
#8059 = ADVANCED_FACE('',(#8060),#8079,.F.);
#8060 = FACE_BOUND('',#8061,.F.);
#8061 = EDGE_LOOP('',(#8062,#8070,#8077,#8078));
#8062 = ORIENTED_EDGE('',*,*,#8063,.T.);
#8063 = EDGE_CURVE('',#6080,#8064,#8066,.T.);
#8064 = VERTEX_POINT('',#8065);
#8065 = CARTESIAN_POINT('',(22.5,-10.,2.));
#8066 = LINE('',#8067,#8068);
#8067 = CARTESIAN_POINT('',(22.5,-10.,0.));
#8068 = VECTOR('',#8069,1.);
#8069 = DIRECTION('',(0.,0.,1.));
#8070 = ORIENTED_EDGE('',*,*,#8071,.T.);
#8071 = EDGE_CURVE('',#8064,#8064,#8072,.T.);
#8072 = CIRCLE('',#8073,6.5);
#8073 = AXIS2_PLACEMENT_3D('',#8074,#8075,#8076);
#8074 = CARTESIAN_POINT('',(16.,-10.,2.));
#8075 = DIRECTION('',(0.,0.,-1.));
#8076 = DIRECTION('',(1.,0.,0.));
#8077 = ORIENTED_EDGE('',*,*,#8063,.F.);
#8078 = ORIENTED_EDGE('',*,*,#6079,.F.);
#8079 = CYLINDRICAL_SURFACE('',#8080,6.5);
#8080 = AXIS2_PLACEMENT_3D('',#8081,#8082,#8083);
#8081 = CARTESIAN_POINT('',(16.,-10.,0.));
#8082 = DIRECTION('',(0.,0.,-1.));
#8083 = DIRECTION('',(1.,0.,0.));
#8084 = ADVANCED_FACE('',(#8085),#8104,.F.);
#8085 = FACE_BOUND('',#8086,.F.);
#8086 = EDGE_LOOP('',(#8087,#8095,#8102,#8103));
#8087 = ORIENTED_EDGE('',*,*,#8088,.T.);
#8088 = EDGE_CURVE('',#6091,#8089,#8091,.T.);
#8089 = VERTEX_POINT('',#8090);
#8090 = CARTESIAN_POINT('',(90.500000000001,-10.,2.));
#8091 = LINE('',#8092,#8093);
#8092 = CARTESIAN_POINT('',(90.500000000001,-10.,0.));
#8093 = VECTOR('',#8094,1.);
#8094 = DIRECTION('',(0.,0.,1.));
#8095 = ORIENTED_EDGE('',*,*,#8096,.T.);
#8096 = EDGE_CURVE('',#8089,#8089,#8097,.T.);
#8097 = CIRCLE('',#8098,6.5);
#8098 = AXIS2_PLACEMENT_3D('',#8099,#8100,#8101);
#8099 = CARTESIAN_POINT('',(84.000000000001,-10.,2.));
#8100 = DIRECTION('',(0.,0.,-1.));
#8101 = DIRECTION('',(1.,0.,0.));
#8102 = ORIENTED_EDGE('',*,*,#8088,.F.);
#8103 = ORIENTED_EDGE('',*,*,#6090,.F.);
#8104 = CYLINDRICAL_SURFACE('',#8105,6.5);
#8105 = AXIS2_PLACEMENT_3D('',#8106,#8107,#8108);
#8106 = CARTESIAN_POINT('',(84.000000000001,-10.,0.));
#8107 = DIRECTION('',(0.,0.,-1.));
#8108 = DIRECTION('',(1.,0.,0.));
#8109 = ADVANCED_FACE('',(#8110),#8129,.F.);
#8110 = FACE_BOUND('',#8111,.F.);
#8111 = EDGE_LOOP('',(#8112,#8120,#8127,#8128));
#8112 = ORIENTED_EDGE('',*,*,#8113,.T.);
#8113 = EDGE_CURVE('',#6102,#8114,#8116,.T.);
#8114 = VERTEX_POINT('',#8115);
#8115 = CARTESIAN_POINT('',(22.5,-100.,2.));
#8116 = LINE('',#8117,#8118);
#8117 = CARTESIAN_POINT('',(22.5,-100.,0.));
#8118 = VECTOR('',#8119,1.);
#8119 = DIRECTION('',(0.,0.,1.));
#8120 = ORIENTED_EDGE('',*,*,#8121,.T.);
#8121 = EDGE_CURVE('',#8114,#8114,#8122,.T.);
#8122 = CIRCLE('',#8123,6.5);
#8123 = AXIS2_PLACEMENT_3D('',#8124,#8125,#8126);
#8124 = CARTESIAN_POINT('',(16.,-100.,2.));
#8125 = DIRECTION('',(0.,0.,-1.));
#8126 = DIRECTION('',(1.,0.,0.));
#8127 = ORIENTED_EDGE('',*,*,#8113,.F.);
#8128 = ORIENTED_EDGE('',*,*,#6101,.F.);
#8129 = CYLINDRICAL_SURFACE('',#8130,6.5);
#8130 = AXIS2_PLACEMENT_3D('',#8131,#8132,#8133);
#8131 = CARTESIAN_POINT('',(16.,-100.,0.));
#8132 = DIRECTION('',(0.,0.,-1.));
#8133 = DIRECTION('',(1.,0.,0.));
#8134 = ADVANCED_FACE('',(#8135),#8154,.F.);
#8135 = FACE_BOUND('',#8136,.F.);
#8136 = EDGE_LOOP('',(#8137,#8145,#8152,#8153));
#8137 = ORIENTED_EDGE('',*,*,#8138,.T.);
#8138 = EDGE_CURVE('',#6113,#8139,#8141,.T.);
#8139 = VERTEX_POINT('',#8140);
#8140 = CARTESIAN_POINT('',(90.5,-100.,2.));
#8141 = LINE('',#8142,#8143);
#8142 = CARTESIAN_POINT('',(90.5,-100.,0.));
#8143 = VECTOR('',#8144,1.);
#8144 = DIRECTION('',(0.,0.,1.));
#8145 = ORIENTED_EDGE('',*,*,#8146,.T.);
#8146 = EDGE_CURVE('',#8139,#8139,#8147,.T.);
#8147 = CIRCLE('',#8148,6.5);
#8148 = AXIS2_PLACEMENT_3D('',#8149,#8150,#8151);
#8149 = CARTESIAN_POINT('',(84.,-100.,2.));
#8150 = DIRECTION('',(0.,0.,-1.));
#8151 = DIRECTION('',(1.,0.,0.));
#8152 = ORIENTED_EDGE('',*,*,#8138,.F.);
#8153 = ORIENTED_EDGE('',*,*,#6112,.F.);
#8154 = CYLINDRICAL_SURFACE('',#8155,6.5);
#8155 = AXIS2_PLACEMENT_3D('',#8156,#8157,#8158);
#8156 = CARTESIAN_POINT('',(84.,-100.,0.));
#8157 = DIRECTION('',(0.,0.,-1.));
#8158 = DIRECTION('',(1.,0.,0.));
#8159 = ADVANCED_FACE('',(#8160,#8171),#8174,.T.);
#8160 = FACE_BOUND('',#8161,.T.);
#8161 = EDGE_LOOP('',(#8162));
#8162 = ORIENTED_EDGE('',*,*,#8163,.F.);
#8163 = EDGE_CURVE('',#8164,#8164,#8166,.T.);
#8164 = VERTEX_POINT('',#8165);
#8165 = CARTESIAN_POINT('',(89.82,-100.5,12.));
#8166 = CIRCLE('',#8167,1.82);
#8167 = AXIS2_PLACEMENT_3D('',#8168,#8169,#8170);
#8168 = CARTESIAN_POINT('',(88.,-100.5,12.));
#8169 = DIRECTION('',(0.,0.,1.));
#8170 = DIRECTION('',(1.,0.,0.));
#8171 = FACE_BOUND('',#8172,.T.);
#8172 = EDGE_LOOP('',(#8173));
#8173 = ORIENTED_EDGE('',*,*,#6152,.T.);
#8174 = PLANE('',#8175);
#8175 = AXIS2_PLACEMENT_3D('',#8176,#8177,#8178);
#8176 = CARTESIAN_POINT('',(42.4,-92.1,12.));
#8177 = DIRECTION('',(0.,0.,1.));
#8178 = DIRECTION('',(1.,0.,0.));
#8179 = ADVANCED_FACE('',(#8180),#8207,.F.);
#8180 = FACE_BOUND('',#8181,.F.);
#8181 = EDGE_LOOP('',(#8182,#8191,#8199,#8206));
#8182 = ORIENTED_EDGE('',*,*,#8183,.T.);
#8183 = EDGE_CURVE('',#6225,#8184,#8186,.T.);
#8184 = VERTEX_POINT('',#8185);
#8185 = CARTESIAN_POINT('',(59.52,-77.6,25.));
#8186 = CIRCLE('',#8187,1.9);
#8187 = AXIS2_PLACEMENT_3D('',#8188,#8189,#8190);
#8188 = CARTESIAN_POINT('',(57.62,-77.6,25.));
#8189 = DIRECTION('',(0.,0.,1.));
#8190 = DIRECTION('',(1.,0.,0.));
#8191 = ORIENTED_EDGE('',*,*,#8192,.T.);
#8192 = EDGE_CURVE('',#8184,#8193,#8195,.T.);
#8193 = VERTEX_POINT('',#8194);
#8194 = CARTESIAN_POINT('',(59.52,-72.4,25.));
#8195 = LINE('',#8196,#8197);
#8196 = CARTESIAN_POINT('',(59.52,-77.6,25.));
#8197 = VECTOR('',#8198,1.);
#8198 = DIRECTION('',(0.,1.,0.));
#8199 = ORIENTED_EDGE('',*,*,#8200,.T.);
#8200 = EDGE_CURVE('',#8193,#6217,#8201,.T.);
#8201 = CIRCLE('',#8202,1.9);
#8202 = AXIS2_PLACEMENT_3D('',#8203,#8204,#8205);
#8203 = CARTESIAN_POINT('',(57.62,-72.4,25.));
#8204 = DIRECTION('',(0.,0.,1.));
#8205 = DIRECTION('',(1.,0.,0.));
#8206 = ORIENTED_EDGE('',*,*,#6224,.T.);
#8207 = PLANE('',#8208);
#8208 = AXIS2_PLACEMENT_3D('',#8209,#8210,#8211);
#8209 = CARTESIAN_POINT('',(74.01,-75.,25.));
#8210 = DIRECTION('',(0.,0.,1.));
#8211 = DIRECTION('',(1.,0.,0.));
#8212 = ADVANCED_FACE('',(#8213),#8240,.F.);
#8213 = FACE_BOUND('',#8214,.F.);
#8214 = EDGE_LOOP('',(#8215,#8224,#8225,#8234));
#8215 = ORIENTED_EDGE('',*,*,#8216,.T.);
#8216 = EDGE_CURVE('',#8217,#6240,#8219,.T.);
#8217 = VERTEX_POINT('',#8218);
#8218 = CARTESIAN_POINT('',(88.5,-77.6,25.));
#8219 = CIRCLE('',#8220,1.9);
#8220 = AXIS2_PLACEMENT_3D('',#8221,#8222,#8223);
#8221 = CARTESIAN_POINT('',(90.4,-77.6,25.));
#8222 = DIRECTION('',(0.,0.,1.));
#8223 = DIRECTION('',(1.,0.,0.));
#8224 = ORIENTED_EDGE('',*,*,#6247,.F.);
#8225 = ORIENTED_EDGE('',*,*,#8226,.T.);
#8226 = EDGE_CURVE('',#6248,#8227,#8229,.T.);
#8227 = VERTEX_POINT('',#8228);
#8228 = CARTESIAN_POINT('',(88.5,-72.4,25.));
#8229 = CIRCLE('',#8230,1.9);
#8230 = AXIS2_PLACEMENT_3D('',#8231,#8232,#8233);
#8231 = CARTESIAN_POINT('',(90.4,-72.4,25.));
#8232 = DIRECTION('',(0.,0.,1.));
#8233 = DIRECTION('',(1.,0.,0.));
#8234 = ORIENTED_EDGE('',*,*,#8235,.T.);
#8235 = EDGE_CURVE('',#8227,#8217,#8236,.T.);
#8236 = LINE('',#8237,#8238);
#8237 = CARTESIAN_POINT('',(88.5,-72.4,25.));
#8238 = VECTOR('',#8239,1.);
#8239 = DIRECTION('',(0.,-1.,0.));
#8240 = PLANE('',#8241);
#8241 = AXIS2_PLACEMENT_3D('',#8242,#8243,#8244);
#8242 = CARTESIAN_POINT('',(74.01,-75.,25.));
#8243 = DIRECTION('',(0.,0.,1.));
#8244 = DIRECTION('',(1.,0.,0.));
#8245 = ADVANCED_FACE('',(#8246),#8265,.F.);
#8246 = FACE_BOUND('',#8247,.T.);
#8247 = EDGE_LOOP('',(#8248,#8256,#8257,#8258));
#8248 = ORIENTED_EDGE('',*,*,#8249,.F.);
#8249 = EDGE_CURVE('',#6272,#8250,#8252,.T.);
#8250 = VERTEX_POINT('',#8251);
#8251 = CARTESIAN_POINT('',(92.570688373095,-65.,24.5));
#8252 = LINE('',#8253,#8254);
#8253 = CARTESIAN_POINT('',(92.570688373095,-65.,24.5));
#8254 = VECTOR('',#8255,1.);
#8255 = DIRECTION('',(-0.707106781187,7.46E-15,-0.707106781187));
#8256 = ORIENTED_EDGE('',*,*,#6271,.T.);
#8257 = ORIENTED_EDGE('',*,*,#8249,.T.);
#8258 = ORIENTED_EDGE('',*,*,#8259,.F.);
#8259 = EDGE_CURVE('',#8250,#8250,#8260,.T.);
#8260 = CIRCLE('',#8261,1.32);
#8261 = AXIS2_PLACEMENT_3D('',#8262,#8263,#8264);
#8262 = CARTESIAN_POINT('',(91.250688373095,-65.,24.5));
#8263 = DIRECTION('',(0.,2.2E-16,1.));
#8264 = DIRECTION('',(1.,-1.077E-14,2.3694E-30));
#8265 = CONICAL_SURFACE('',#8266,1.32,0.785398163397);
#8266 = AXIS2_PLACEMENT_3D('',#8267,#8268,#8269);
#8267 = CARTESIAN_POINT('',(91.250688373095,-65.,24.5));
#8268 = DIRECTION('',(0.,2.2E-16,1.));
#8269 = DIRECTION('',(1.,-1.077E-14,2.3694E-30));
#8270 = ADVANCED_FACE('',(#8271),#8289,.F.);
#8271 = FACE_BOUND('',#8272,.F.);
#8272 = EDGE_LOOP('',(#8273,#8281,#8287,#8288));
#8273 = ORIENTED_EDGE('',*,*,#8274,.T.);
#8274 = EDGE_CURVE('',#6599,#8275,#8277,.T.);
#8275 = VERTEX_POINT('',#8276);
#8276 = CARTESIAN_POINT('',(90.4,-70.5,34.));
#8277 = LINE('',#8278,#8279);
#8278 = CARTESIAN_POINT('',(94.,-70.5,34.));
#8279 = VECTOR('',#8280,1.);
#8280 = DIRECTION('',(-1.,0.,0.));
#8281 = ORIENTED_EDGE('',*,*,#8282,.F.);
#8282 = EDGE_CURVE('',#6285,#8275,#8283,.T.);
#8283 = LINE('',#8284,#8285);
#8284 = CARTESIAN_POINT('',(90.4,-70.5,25.));
#8285 = VECTOR('',#8286,1.);
#8286 = DIRECTION('',(0.,0.,1.));
#8287 = ORIENTED_EDGE('',*,*,#6282,.F.);
#8288 = ORIENTED_EDGE('',*,*,#6598,.T.);
#8289 = PLANE('',#8290);
#8290 = AXIS2_PLACEMENT_3D('',#8291,#8292,#8293);
#8291 = CARTESIAN_POINT('',(94.,-70.5,25.));
#8292 = DIRECTION('',(0.,-1.,0.));
#8293 = DIRECTION('',(-1.,0.,0.));
#8294 = ADVANCED_FACE('',(#8295),#8315,.T.);
#8295 = FACE_BOUND('',#8296,.F.);
#8296 = EDGE_LOOP('',(#8297,#8298,#8307,#8313,#8314));
#8297 = ORIENTED_EDGE('',*,*,#8282,.T.);
#8298 = ORIENTED_EDGE('',*,*,#8299,.T.);
#8299 = EDGE_CURVE('',#8275,#8300,#8302,.T.);
#8300 = VERTEX_POINT('',#8301);
#8301 = CARTESIAN_POINT('',(88.5,-72.4,34.));
#8302 = CIRCLE('',#8303,1.9);
#8303 = AXIS2_PLACEMENT_3D('',#8304,#8305,#8306);
#8304 = CARTESIAN_POINT('',(90.4,-72.4,34.));
#8305 = DIRECTION('',(0.,-0.,1.));
#8306 = DIRECTION('',(0.,1.,0.));
#8307 = ORIENTED_EDGE('',*,*,#8308,.F.);
#8308 = EDGE_CURVE('',#8227,#8300,#8309,.T.);
#8309 = LINE('',#8310,#8311);
#8310 = CARTESIAN_POINT('',(88.5,-72.4,25.));
#8311 = VECTOR('',#8312,1.);
#8312 = DIRECTION('',(0.,0.,1.));
#8313 = ORIENTED_EDGE('',*,*,#8226,.F.);
#8314 = ORIENTED_EDGE('',*,*,#6292,.F.);
#8315 = CYLINDRICAL_SURFACE('',#8316,1.9);
#8316 = AXIS2_PLACEMENT_3D('',#8317,#8318,#8319);
#8317 = CARTESIAN_POINT('',(90.4,-72.4,25.));
#8318 = DIRECTION('',(-0.,-0.,-1.));
#8319 = DIRECTION('',(1.,0.,0.));
#8320 = ADVANCED_FACE('',(#8321),#8332,.T.);
#8321 = FACE_BOUND('',#8322,.F.);
#8322 = EDGE_LOOP('',(#8323,#8324,#8325,#8326));
#8323 = ORIENTED_EDGE('',*,*,#6909,.T.);
#8324 = ORIENTED_EDGE('',*,*,#6347,.T.);
#8325 = ORIENTED_EDGE('',*,*,#6485,.F.);
#8326 = ORIENTED_EDGE('',*,*,#8327,.F.);
#8327 = EDGE_CURVE('',#6901,#6477,#8328,.T.);
#8328 = LINE('',#8329,#8330);
#8329 = CARTESIAN_POINT('',(54.02,-51.80367269128,24.340909090909));
#8330 = VECTOR('',#8331,1.);
#8331 = DIRECTION('',(1.,0.,0.));
#8332 = CYLINDRICAL_SURFACE('',#8333,1.);
#8333 = AXIS2_PLACEMENT_3D('',#8334,#8335,#8336);
#8334 = CARTESIAN_POINT('',(54.02,-50.86357642401,24.));
#8335 = DIRECTION('',(1.,0.,0.));
#8336 = DIRECTION('',(0.,-0.94009626727,0.340909090909));
#8337 = ADVANCED_FACE('',(#8338),#8357,.F.);
#8338 = FACE_BOUND('',#8339,.T.);
#8339 = EDGE_LOOP('',(#8340,#8348,#8349,#8350));
#8340 = ORIENTED_EDGE('',*,*,#8341,.F.);
#8341 = EDGE_CURVE('',#6379,#8342,#8344,.T.);
#8342 = VERTEX_POINT('',#8343);
#8343 = CARTESIAN_POINT('',(58.089311626897,-65.,24.5));
#8344 = LINE('',#8345,#8346);
#8345 = CARTESIAN_POINT('',(58.089311626897,-65.,24.5));
#8346 = VECTOR('',#8347,1.);
#8347 = DIRECTION('',(-0.707106781187,5.88E-15,-0.707106781187));
#8348 = ORIENTED_EDGE('',*,*,#6378,.T.);
#8349 = ORIENTED_EDGE('',*,*,#8341,.T.);
#8350 = ORIENTED_EDGE('',*,*,#8351,.F.);
#8351 = EDGE_CURVE('',#8342,#8342,#8352,.T.);
#8352 = CIRCLE('',#8353,1.32);
#8353 = AXIS2_PLACEMENT_3D('',#8354,#8355,#8356);
#8354 = CARTESIAN_POINT('',(56.769311626897,-65.,24.5));
#8355 = DIRECTION('',(1.07E-15,-8.32E-15,1.));
#8356 = DIRECTION('',(1.,0.,-1.07E-15));
#8357 = CONICAL_SURFACE('',#8358,1.32,0.785398163397);
#8358 = AXIS2_PLACEMENT_3D('',#8359,#8360,#8361);
#8359 = CARTESIAN_POINT('',(56.769311626897,-65.,24.5));
#8360 = DIRECTION('',(1.07E-15,-8.32E-15,1.));
#8361 = DIRECTION('',(1.,0.,-1.07E-15));
#8362 = ADVANCED_FACE('',(#8363),#8381,.F.);
#8363 = FACE_BOUND('',#8364,.F.);
#8364 = EDGE_LOOP('',(#8365,#8373,#8374,#8375));
#8365 = ORIENTED_EDGE('',*,*,#8366,.T.);
#8366 = EDGE_CURVE('',#8367,#6828,#8369,.T.);
#8367 = VERTEX_POINT('',#8368);
#8368 = CARTESIAN_POINT('',(57.62,-70.5,34.));
#8369 = LINE('',#8370,#8371);
#8370 = CARTESIAN_POINT('',(57.62,-70.5,34.));
#8371 = VECTOR('',#8372,1.);
#8372 = DIRECTION('',(-1.,0.,0.));
#8373 = ORIENTED_EDGE('',*,*,#6836,.F.);
#8374 = ORIENTED_EDGE('',*,*,#6389,.F.);
#8375 = ORIENTED_EDGE('',*,*,#8376,.T.);
#8376 = EDGE_CURVE('',#6390,#8367,#8377,.T.);
#8377 = LINE('',#8378,#8379);
#8378 = CARTESIAN_POINT('',(57.62,-70.5,25.));
#8379 = VECTOR('',#8380,1.);
#8380 = DIRECTION('',(0.,0.,1.));
#8381 = PLANE('',#8382);
#8382 = AXIS2_PLACEMENT_3D('',#8383,#8384,#8385);
#8383 = CARTESIAN_POINT('',(57.62,-70.5,25.));
#8384 = DIRECTION('',(0.,-1.,0.));
#8385 = DIRECTION('',(-1.,0.,0.));
#8386 = ADVANCED_FACE('',(#8387),#8407,.T.);
#8387 = FACE_BOUND('',#8388,.F.);
#8388 = EDGE_LOOP('',(#8389,#8397,#8404,#8405,#8406));
#8389 = ORIENTED_EDGE('',*,*,#8390,.T.);
#8390 = EDGE_CURVE('',#8193,#8391,#8393,.T.);
#8391 = VERTEX_POINT('',#8392);
#8392 = CARTESIAN_POINT('',(59.52,-72.4,34.));
#8393 = LINE('',#8394,#8395);
#8394 = CARTESIAN_POINT('',(59.52,-72.4,25.));
#8395 = VECTOR('',#8396,1.);
#8396 = DIRECTION('',(0.,0.,1.));
#8397 = ORIENTED_EDGE('',*,*,#8398,.T.);
#8398 = EDGE_CURVE('',#8391,#8367,#8399,.T.);
#8399 = CIRCLE('',#8400,1.9);
#8400 = AXIS2_PLACEMENT_3D('',#8401,#8402,#8403);
#8401 = CARTESIAN_POINT('',(57.62,-72.4,34.));
#8402 = DIRECTION('',(0.,0.,1.));
#8403 = DIRECTION('',(1.,0.,0.));
#8404 = ORIENTED_EDGE('',*,*,#8376,.F.);
#8405 = ORIENTED_EDGE('',*,*,#6399,.F.);
#8406 = ORIENTED_EDGE('',*,*,#8200,.F.);
#8407 = CYLINDRICAL_SURFACE('',#8408,1.9);
#8408 = AXIS2_PLACEMENT_3D('',#8409,#8410,#8411);
#8409 = CARTESIAN_POINT('',(57.62,-72.4,25.));
#8410 = DIRECTION('',(-0.,-0.,-1.));
#8411 = DIRECTION('',(1.,0.,0.));
#8412 = ADVANCED_FACE('',(#8413),#8424,.T.);
#8413 = FACE_BOUND('',#8414,.F.);
#8414 = EDGE_LOOP('',(#8415,#8416,#8422,#8423));
#8415 = ORIENTED_EDGE('',*,*,#6878,.F.);
#8416 = ORIENTED_EDGE('',*,*,#8417,.T.);
#8417 = EDGE_CURVE('',#6879,#6455,#8418,.T.);
#8418 = LINE('',#8419,#8420);
#8419 = CARTESIAN_POINT('',(54.02,-58.19632730871,24.340909090909));
#8420 = VECTOR('',#8421,1.);
#8421 = DIRECTION('',(1.,0.,0.));
#8422 = ORIENTED_EDGE('',*,*,#6454,.T.);
#8423 = ORIENTED_EDGE('',*,*,#6419,.F.);
#8424 = CYLINDRICAL_SURFACE('',#8425,1.);
#8425 = AXIS2_PLACEMENT_3D('',#8426,#8427,#8428);
#8426 = CARTESIAN_POINT('',(54.02,-59.13642357598,24.));
#8427 = DIRECTION('',(1.,0.,0.));
#8428 = DIRECTION('',(0.,-8.32E-15,1.));
#8429 = ADVANCED_FACE('',(#8430),#8436,.F.);
#8430 = FACE_BOUND('',#8431,.F.);
#8431 = EDGE_LOOP('',(#8432,#8433,#8434,#8435));
#8432 = ORIENTED_EDGE('',*,*,#8327,.T.);
#8433 = ORIENTED_EDGE('',*,*,#6476,.T.);
#8434 = ORIENTED_EDGE('',*,*,#8417,.F.);
#8435 = ORIENTED_EDGE('',*,*,#6900,.F.);
#8436 = CYLINDRICAL_SURFACE('',#8437,3.4);
#8437 = AXIS2_PLACEMENT_3D('',#8438,#8439,#8440);
#8438 = CARTESIAN_POINT('',(54.02,-55.,25.5));
#8439 = DIRECTION('',(-1.,0.,0.));
#8440 = DIRECTION('',(0.,-1.,0.));
#8441 = ADVANCED_FACE('',(#8442),#8462,.F.);
#8442 = FACE_BOUND('',#8443,.F.);
#8443 = EDGE_LOOP('',(#8444,#8445,#8461));
#8444 = ORIENTED_EDGE('',*,*,#6581,.T.);
#8445 = ORIENTED_EDGE('',*,*,#8446,.T.);
#8446 = EDGE_CURVE('',#6574,#6515,#8447,.T.);
#8447 = ( BOUNDED_CURVE() B_SPLINE_CURVE(12,(#8448,#8449,#8450,#8451,
    #8452,#8453,#8454,#8455,#8456,#8457,#8458,#8459,#8460),
.UNSPECIFIED.,.F.,.F.) B_SPLINE_CURVE_WITH_KNOTS((13,13),(9.,
10.910098894519),.PIECEWISE_BEZIER_KNOTS.) CURVE() 
GEOMETRIC_REPRESENTATION_ITEM() RATIONAL_B_SPLINE_CURVE((1.,1.,
    1.000000000001,0.999999999999,1.000000000003,0.999999999997,
    1.000000000003,0.999999999997,1.000000000002,0.999999999999,1.,1.,1.
)) REPRESENTATION_ITEM('') );
#8448 = CARTESIAN_POINT('',(93.5,-79.5,34.));
#8449 = CARTESIAN_POINT('',(93.5,-79.5,34.065449547329));
#8450 = CARTESIAN_POINT('',(93.495281186038,-79.49525589768,
    34.131006471288));
#8451 = CARTESIAN_POINT('',(93.486217651161,-79.48641107504,
    34.202819119924));
#8452 = CARTESIAN_POINT('',(93.472375024866,-79.46815551269,
    34.294841541064));
#8453 = CARTESIAN_POINT('',(93.456459681278,-79.44108053585,
    34.39003489677));
#8454 = CARTESIAN_POINT('',(93.44366363214,-79.39124829768,
    34.554870070983));
#8455 = CARTESIAN_POINT('',(93.387291676734,-79.28622558625,
    34.676830119785));
#8456 = CARTESIAN_POINT('',(93.33338121826,-79.16711681442,
    34.80520101488));
#8457 = CARTESIAN_POINT('',(93.256728285677,-79.01473367043,
    34.899904491116));
#8458 = CARTESIAN_POINT('',(93.17462121387,-78.8491542921,
    34.966817097084));
#8459 = CARTESIAN_POINT('',(93.087266063106,-78.67453212621,35.));
#8460 = CARTESIAN_POINT('',(93.,-78.5,35.));
#8461 = ORIENTED_EDGE('',*,*,#6514,.F.);
#8462 = ( BOUNDED_SURFACE() B_SPLINE_SURFACE(2,12,(
    (#8463,#8464,#8465,#8466,#8467,#8468,#8469,#8470,#8471,#8472,#8473
      ,#8474,#8475)
    ,(#8476,#8477,#8478,#8479,#8480,#8481,#8482,#8483,#8484,#8485,#8486
      ,#8487,#8488)
    ,(#8489,#8490,#8491,#8492,#8493,#8494,#8495,#8496,#8497,#8498,#8499
      ,#8500,#8501
)),.UNSPECIFIED.,.F.,.F.,.F.) B_SPLINE_SURFACE_WITH_KNOTS((3,3),(13,13),
  (0.,1.910098894519),(9.,10.910098894519),.PIECEWISE_BEZIER_KNOTS.) 
GEOMETRIC_REPRESENTATION_ITEM() RATIONAL_B_SPLINE_SURFACE((
    (1.,1.,1.000000000001,0.999999999999,1.000000000003,0.999999999997
      ,1.000000000003,0.999999999997,1.000000000002,0.999999999999,1.,1.
      ,1.)
    ,(0.707106781187,0.707106781186,0.707237853735,0.706089742295
      ,0.716055546994,0.721203778536,0.793770950611,0.842106618591
      ,0.903640285644,0.949966188742,0.983401145808,1.,1.)
    ,(1.,1.,1.000000000001,0.999999999999,1.000000000003,0.999999999997
      ,1.000000000003,0.999999999997,1.000000000002,0.999999999999,1.,1.
,1.))) REPRESENTATION_ITEM('') SURFACE() );
#8463 = CARTESIAN_POINT('',(94.,-79.,34.));
#8464 = CARTESIAN_POINT('',(94.,-79.,34.065449547329));
#8465 = CARTESIAN_POINT('',(93.995255897684,-78.99528118603,
    34.131006471288));
#8466 = CARTESIAN_POINT('',(93.986411075049,-78.98621765116,
    34.202819119924));
#8467 = CARTESIAN_POINT('',(93.968155512688,-78.97237502487,
    34.294841541065));
#8468 = CARTESIAN_POINT('',(93.941080535856,-78.95645968127,
    34.39003489677));
#8469 = CARTESIAN_POINT('',(93.89124829768,-78.94366363215,
    34.554870070984));
#8470 = CARTESIAN_POINT('',(93.786225586259,-78.88729167672,
    34.676830119784));
#8471 = CARTESIAN_POINT('',(93.667116814423,-78.83338121826,
    34.80520101488));
#8472 = CARTESIAN_POINT('',(93.514733670434,-78.75672828567,
    34.899904491116));
#8473 = CARTESIAN_POINT('',(93.349154292105,-78.67462121387,
    34.966817097084));
#8474 = CARTESIAN_POINT('',(93.174532126211,-78.5872660631,35.));
#8475 = CARTESIAN_POINT('',(93.,-78.5,35.));
#8476 = CARTESIAN_POINT('',(94.,-79.5,34.));
#8477 = CARTESIAN_POINT('',(94.,-79.5,34.130899094658));
#8478 = CARTESIAN_POINT('',(93.985964126382,-79.48596412638,
    34.261795233428));
#8479 = CARTESIAN_POINT('',(93.958048878188,-79.45804887818,
    34.39454563396));
#8480 = CARTESIAN_POINT('',(93.912687531777,-79.41268753178,
    34.522878150369));
#8481 = CARTESIAN_POINT('',(93.847206797299,-79.34720679728,
    34.658239850653));
#8482 = CARTESIAN_POINT('',(93.762556882867,-79.26255688288,
    34.716933952612));
#8483 = CARTESIAN_POINT('',(93.655872012035,-79.15587201202,
    34.828881949144));
#8484 = CARTESIAN_POINT('',(93.534711730758,-79.03471173076,
    34.889328482093));
#8485 = CARTESIAN_POINT('',(93.402450075725,-78.90245007572,
    34.948344926744));
#8486 = CARTESIAN_POINT('',(93.266224656514,-78.76622465651,
    34.983002003954));
#8487 = CARTESIAN_POINT('',(93.130899094658,-78.63089909465,35.));
#8488 = CARTESIAN_POINT('',(93.,-78.5,35.));
#8489 = CARTESIAN_POINT('',(93.5,-79.5,34.));
#8490 = CARTESIAN_POINT('',(93.5,-79.5,34.065449547329));
#8491 = CARTESIAN_POINT('',(93.495281186038,-79.49525589768,
    34.131006471288));
#8492 = CARTESIAN_POINT('',(93.486217651161,-79.48641107504,
    34.202819119924));
#8493 = CARTESIAN_POINT('',(93.472375024866,-79.46815551269,
    34.294841541064));
#8494 = CARTESIAN_POINT('',(93.456459681278,-79.44108053585,
    34.39003489677));
#8495 = CARTESIAN_POINT('',(93.44366363214,-79.39124829768,
    34.554870070983));
#8496 = CARTESIAN_POINT('',(93.387291676734,-79.28622558625,
    34.676830119785));
#8497 = CARTESIAN_POINT('',(93.33338121826,-79.16711681442,
    34.80520101488));
#8498 = CARTESIAN_POINT('',(93.256728285677,-79.01473367043,
    34.899904491116));
#8499 = CARTESIAN_POINT('',(93.17462121387,-78.8491542921,
    34.966817097084));
#8500 = CARTESIAN_POINT('',(93.087266063106,-78.67453212621,35.));
#8501 = CARTESIAN_POINT('',(93.,-78.5,35.));
#8502 = ADVANCED_FACE('',(#8503),#8523,.T.);
#8503 = FACE_BOUND('',#8504,.T.);
#8504 = EDGE_LOOP('',(#8505,#8506,#8522));
#8505 = ORIENTED_EDGE('',*,*,#6606,.T.);
#8506 = ORIENTED_EDGE('',*,*,#8507,.T.);
#8507 = EDGE_CURVE('',#6599,#6533,#8508,.T.);
#8508 = ( BOUNDED_CURVE() B_SPLINE_CURVE(12,(#8509,#8510,#8511,#8512,
    #8513,#8514,#8515,#8516,#8517,#8518,#8519,#8520,#8521),
.UNSPECIFIED.,.F.,.F.) B_SPLINE_CURVE_WITH_KNOTS((13,13),(9.,
10.910098894519),.PIECEWISE_BEZIER_KNOTS.) CURVE() 
GEOMETRIC_REPRESENTATION_ITEM() RATIONAL_B_SPLINE_CURVE((1.,1.,1.,1.,
    0.999999999999,1.000000000001,0.999999999999,1.000000000001,1.,1.,1.
,1.,1.)) REPRESENTATION_ITEM('') );
#8509 = CARTESIAN_POINT('',(93.5,-70.5,34.));
#8510 = CARTESIAN_POINT('',(93.5,-70.5,34.065449547329));
#8511 = CARTESIAN_POINT('',(93.495281186038,-70.50474410231,
    34.131006471288));
#8512 = CARTESIAN_POINT('',(93.486217651161,-70.51358892495,
    34.202819119925));
#8513 = CARTESIAN_POINT('',(93.472375024868,-70.53184448731,
    34.294841541064));
#8514 = CARTESIAN_POINT('',(93.456459681273,-70.55891946414,
    34.390034896769));
#8515 = CARTESIAN_POINT('',(93.443663632149,-70.60875170231,
    34.554870070985));
#8516 = CARTESIAN_POINT('',(93.387291676725,-70.71377441374,
    34.676830119783));
#8517 = CARTESIAN_POINT('',(93.333381218265,-70.83288318557,
    34.805201014882));
#8518 = CARTESIAN_POINT('',(93.256728285674,-70.98526632956,
    34.899904491115));
#8519 = CARTESIAN_POINT('',(93.17462121387,-71.15084570789,
    34.966817097084));
#8520 = CARTESIAN_POINT('',(93.087266063106,-71.32546787378,35.));
#8521 = CARTESIAN_POINT('',(93.,-71.5,35.));
#8522 = ORIENTED_EDGE('',*,*,#6540,.F.);
#8523 = ( BOUNDED_SURFACE() B_SPLINE_SURFACE(2,12,(
    (#8524,#8525,#8526,#8527,#8528,#8529,#8530,#8531,#8532,#8533,#8534
      ,#8535,#8536)
    ,(#8537,#8538,#8539,#8540,#8541,#8542,#8543,#8544,#8545,#8546,#8547
      ,#8548,#8549)
    ,(#8550,#8551,#8552,#8553,#8554,#8555,#8556,#8557,#8558,#8559,#8560
      ,#8561,#8562
)),.UNSPECIFIED.,.F.,.F.,.F.) B_SPLINE_SURFACE_WITH_KNOTS((3,3),(13,13),
  (0.,1.910098894519),(9.,10.910098894519),.PIECEWISE_BEZIER_KNOTS.) 
GEOMETRIC_REPRESENTATION_ITEM() RATIONAL_B_SPLINE_SURFACE((
    (1.,1.,1.,1.,0.999999999999,1.000000000001,0.999999999999
      ,1.000000000001,1.,1.,1.,1.,1.)
    ,(0.707106781187,0.707106781187,0.707237853735,0.706089742296
      ,0.716055546993,0.721203778537,0.793770950611,0.842106618591
      ,0.903640285644,0.949966188742,0.983401145808,1.,1.)
    ,(1.,1.,1.,1.,0.999999999999,1.000000000001,0.999999999999
,1.000000000001,1.,1.,1.,1.,1.))) REPRESENTATION_ITEM('') SURFACE() );
#8524 = CARTESIAN_POINT('',(94.,-71.,34.));
#8525 = CARTESIAN_POINT('',(94.,-71.,34.065449547329));
#8526 = CARTESIAN_POINT('',(93.995255897684,-71.00471881396,
    34.131006471288));
#8527 = CARTESIAN_POINT('',(93.986411075049,-71.01378234883,
    34.202819119925));
#8528 = CARTESIAN_POINT('',(93.968155512689,-71.02762497513,
    34.294841541064));
#8529 = CARTESIAN_POINT('',(93.941080535853,-71.04354031872,
    34.390034896771));
#8530 = CARTESIAN_POINT('',(93.891248297685,-71.05633636785,
    34.554870070983));
#8531 = CARTESIAN_POINT('',(93.786225586255,-71.11270832327,
    34.676830119784));
#8532 = CARTESIAN_POINT('',(93.667116814425,-71.16661878173,
    34.805201014881));
#8533 = CARTESIAN_POINT('',(93.514733670433,-71.24327171432,
    34.899904491115));
#8534 = CARTESIAN_POINT('',(93.349154292105,-71.32537878613,
    34.966817097084));
#8535 = CARTESIAN_POINT('',(93.174532126211,-71.41273393689,35.));
#8536 = CARTESIAN_POINT('',(93.,-71.5,35.));
#8537 = CARTESIAN_POINT('',(94.,-70.5,34.));
#8538 = CARTESIAN_POINT('',(94.,-70.5,34.130899094658));
#8539 = CARTESIAN_POINT('',(93.985964126382,-70.51403587361,
    34.261795233427));
#8540 = CARTESIAN_POINT('',(93.958048878189,-70.54195112181,
    34.39454563396));
#8541 = CARTESIAN_POINT('',(93.912687531777,-70.58731246822,
    34.52287815037));
#8542 = CARTESIAN_POINT('',(93.847206797296,-70.6527932027,
    34.65823985065));
#8543 = CARTESIAN_POINT('',(93.762556882876,-70.73744311712,
    34.716933952615));
#8544 = CARTESIAN_POINT('',(93.655872012026,-70.84412798797,
    34.828881949142));
#8545 = CARTESIAN_POINT('',(93.534711730763,-70.96528826923,
    34.889328482094));
#8546 = CARTESIAN_POINT('',(93.402450075723,-71.09754992427,
    34.948344926744));
#8547 = CARTESIAN_POINT('',(93.266224656515,-71.23377534348,
    34.983002003954));
#8548 = CARTESIAN_POINT('',(93.130899094658,-71.36910090534,35.));
#8549 = CARTESIAN_POINT('',(93.,-71.5,35.));
#8550 = CARTESIAN_POINT('',(93.5,-70.5,34.));
#8551 = CARTESIAN_POINT('',(93.5,-70.5,34.065449547329));
#8552 = CARTESIAN_POINT('',(93.495281186038,-70.50474410231,
    34.131006471288));
#8553 = CARTESIAN_POINT('',(93.486217651161,-70.51358892495,
    34.202819119925));
#8554 = CARTESIAN_POINT('',(93.472375024868,-70.53184448731,
    34.294841541064));
#8555 = CARTESIAN_POINT('',(93.456459681273,-70.55891946414,
    34.390034896769));
#8556 = CARTESIAN_POINT('',(93.443663632149,-70.60875170231,
    34.554870070985));
#8557 = CARTESIAN_POINT('',(93.387291676725,-70.71377441374,
    34.676830119783));
#8558 = CARTESIAN_POINT('',(93.333381218265,-70.83288318557,
    34.805201014882));
#8559 = CARTESIAN_POINT('',(93.256728285674,-70.98526632956,
    34.899904491115));
#8560 = CARTESIAN_POINT('',(93.17462121387,-71.15084570789,
    34.966817097084));
#8561 = CARTESIAN_POINT('',(93.087266063106,-71.32546787378,35.));
#8562 = CARTESIAN_POINT('',(93.,-71.5,35.));
#8563 = ADVANCED_FACE('',(#8564),#8607,.T.);
#8564 = FACE_BOUND('',#8565,.T.);
#8565 = EDGE_LOOP('',(#8566,#8574,#8583,#8591,#8600,#8606));
#8566 = ORIENTED_EDGE('',*,*,#8567,.T.);
#8567 = EDGE_CURVE('',#6533,#8568,#8570,.T.);
#8568 = VERTEX_POINT('',#8569);
#8569 = CARTESIAN_POINT('',(90.4,-71.5,35.));
#8570 = LINE('',#8571,#8572);
#8571 = CARTESIAN_POINT('',(94.,-71.5,35.));
#8572 = VECTOR('',#8573,1.);
#8573 = DIRECTION('',(-1.,0.,0.));
#8574 = ORIENTED_EDGE('',*,*,#8575,.T.);
#8575 = EDGE_CURVE('',#8568,#8576,#8578,.T.);
#8576 = VERTEX_POINT('',#8577);
#8577 = CARTESIAN_POINT('',(89.5,-72.4,35.));
#8578 = CIRCLE('',#8579,0.9);
#8579 = AXIS2_PLACEMENT_3D('',#8580,#8581,#8582);
#8580 = CARTESIAN_POINT('',(90.4,-72.4,35.));
#8581 = DIRECTION('',(0.,-0.,1.));
#8582 = DIRECTION('',(0.,1.,0.));
#8583 = ORIENTED_EDGE('',*,*,#8584,.T.);
#8584 = EDGE_CURVE('',#8576,#8585,#8587,.T.);
#8585 = VERTEX_POINT('',#8586);
#8586 = CARTESIAN_POINT('',(89.5,-77.6,35.));
#8587 = LINE('',#8588,#8589);
#8588 = CARTESIAN_POINT('',(89.5,-72.4,35.));
#8589 = VECTOR('',#8590,1.);
#8590 = DIRECTION('',(0.,-1.,0.));
#8591 = ORIENTED_EDGE('',*,*,#8592,.T.);
#8592 = EDGE_CURVE('',#8585,#8593,#8595,.T.);
#8593 = VERTEX_POINT('',#8594);
#8594 = CARTESIAN_POINT('',(90.4,-78.5,35.));
#8595 = CIRCLE('',#8596,0.9);
#8596 = AXIS2_PLACEMENT_3D('',#8597,#8598,#8599);
#8597 = CARTESIAN_POINT('',(90.4,-77.6,35.));
#8598 = DIRECTION('',(0.,0.,1.));
#8599 = DIRECTION('',(-1.,0.,0.));
#8600 = ORIENTED_EDGE('',*,*,#8601,.T.);
#8601 = EDGE_CURVE('',#8593,#6515,#8602,.T.);
#8602 = LINE('',#8603,#8604);
#8603 = CARTESIAN_POINT('',(90.4,-78.5,35.));
#8604 = VECTOR('',#8605,1.);
#8605 = DIRECTION('',(1.,0.,0.));
#8606 = ORIENTED_EDGE('',*,*,#6532,.T.);
#8607 = PLANE('',#8608);
#8608 = AXIS2_PLACEMENT_3D('',#8609,#8610,#8611);
#8609 = CARTESIAN_POINT('',(74.01,-75.,35.));
#8610 = DIRECTION('',(0.,0.,1.));
#8611 = DIRECTION('',(1.,0.,0.));
#8612 = ADVANCED_FACE('',(#8613),#8631,.F.);
#8613 = FACE_BOUND('',#8614,.F.);
#8614 = EDGE_LOOP('',(#8615,#8623,#8624,#8625));
#8615 = ORIENTED_EDGE('',*,*,#8616,.T.);
#8616 = EDGE_CURVE('',#8617,#6574,#8619,.T.);
#8617 = VERTEX_POINT('',#8618);
#8618 = CARTESIAN_POINT('',(90.4,-79.5,34.));
#8619 = LINE('',#8620,#8621);
#8620 = CARTESIAN_POINT('',(90.4,-79.5,34.));
#8621 = VECTOR('',#8622,1.);
#8622 = DIRECTION('',(1.,0.,0.));
#8623 = ORIENTED_EDGE('',*,*,#6573,.F.);
#8624 = ORIENTED_EDGE('',*,*,#6633,.F.);
#8625 = ORIENTED_EDGE('',*,*,#8626,.T.);
#8626 = EDGE_CURVE('',#6634,#8617,#8627,.T.);
#8627 = LINE('',#8628,#8629);
#8628 = CARTESIAN_POINT('',(90.4,-79.5,25.));
#8629 = VECTOR('',#8630,1.);
#8630 = DIRECTION('',(0.,0.,1.));
#8631 = PLANE('',#8632);
#8632 = AXIS2_PLACEMENT_3D('',#8633,#8634,#8635);
#8633 = CARTESIAN_POINT('',(90.4,-79.5,25.));
#8634 = DIRECTION('',(0.,1.,0.));
#8635 = DIRECTION('',(1.,0.,0.));
#8636 = ADVANCED_FACE('',(#8637),#8656,.F.);
#8637 = FACE_BOUND('',#8638,.T.);
#8638 = EDGE_LOOP('',(#8639,#8647,#8648,#8649));
#8639 = ORIENTED_EDGE('',*,*,#8640,.F.);
#8640 = EDGE_CURVE('',#6623,#8641,#8643,.T.);
#8641 = VERTEX_POINT('',#8642);
#8642 = CARTESIAN_POINT('',(92.570688373095,-85.,24.5));
#8643 = LINE('',#8644,#8645);
#8644 = CARTESIAN_POINT('',(92.570688373095,-85.,24.5));
#8645 = VECTOR('',#8646,1.);
#8646 = DIRECTION('',(-0.707106781187,7.46E-15,-0.707106781187));
#8647 = ORIENTED_EDGE('',*,*,#6622,.T.);
#8648 = ORIENTED_EDGE('',*,*,#8640,.T.);
#8649 = ORIENTED_EDGE('',*,*,#8650,.F.);
#8650 = EDGE_CURVE('',#8641,#8641,#8651,.T.);
#8651 = CIRCLE('',#8652,1.32);
#8652 = AXIS2_PLACEMENT_3D('',#8653,#8654,#8655);
#8653 = CARTESIAN_POINT('',(91.250688373095,-85.,24.5));
#8654 = DIRECTION('',(0.,2.2E-16,1.));
#8655 = DIRECTION('',(1.,-1.077E-14,2.3694E-30));
#8656 = CONICAL_SURFACE('',#8657,1.32,0.785398163397);
#8657 = AXIS2_PLACEMENT_3D('',#8658,#8659,#8660);
#8658 = CARTESIAN_POINT('',(91.250688373095,-85.,24.5));
#8659 = DIRECTION('',(0.,2.2E-16,1.));
#8660 = DIRECTION('',(1.,-1.077E-14,2.3694E-30));
#8661 = ADVANCED_FACE('',(#8662),#8682,.T.);
#8662 = FACE_BOUND('',#8663,.F.);
#8663 = EDGE_LOOP('',(#8664,#8672,#8679,#8680,#8681));
#8664 = ORIENTED_EDGE('',*,*,#8665,.T.);
#8665 = EDGE_CURVE('',#8217,#8666,#8668,.T.);
#8666 = VERTEX_POINT('',#8667);
#8667 = CARTESIAN_POINT('',(88.5,-77.6,34.));
#8668 = LINE('',#8669,#8670);
#8669 = CARTESIAN_POINT('',(88.5,-77.6,25.));
#8670 = VECTOR('',#8671,1.);
#8671 = DIRECTION('',(0.,0.,1.));
#8672 = ORIENTED_EDGE('',*,*,#8673,.T.);
#8673 = EDGE_CURVE('',#8666,#8617,#8674,.T.);
#8674 = CIRCLE('',#8675,1.9);
#8675 = AXIS2_PLACEMENT_3D('',#8676,#8677,#8678);
#8676 = CARTESIAN_POINT('',(90.4,-77.6,34.));
#8677 = DIRECTION('',(0.,0.,1.));
#8678 = DIRECTION('',(-1.,0.,0.));
#8679 = ORIENTED_EDGE('',*,*,#8626,.F.);
#8680 = ORIENTED_EDGE('',*,*,#6652,.F.);
#8681 = ORIENTED_EDGE('',*,*,#8216,.F.);
#8682 = CYLINDRICAL_SURFACE('',#8683,1.9);
#8683 = AXIS2_PLACEMENT_3D('',#8684,#8685,#8686);
#8684 = CARTESIAN_POINT('',(90.4,-77.6,25.));
#8685 = DIRECTION('',(-0.,-0.,-1.));
#8686 = DIRECTION('',(1.,0.,0.));
#8687 = ADVANCED_FACE('',(#8688),#8707,.F.);
#8688 = FACE_BOUND('',#8689,.T.);
#8689 = EDGE_LOOP('',(#8690,#8698,#8699,#8700));
#8690 = ORIENTED_EDGE('',*,*,#8691,.F.);
#8691 = EDGE_CURVE('',#6728,#8692,#8694,.T.);
#8692 = VERTEX_POINT('',#8693);
#8693 = CARTESIAN_POINT('',(58.089311626897,-85.,24.5));
#8694 = LINE('',#8695,#8696);
#8695 = CARTESIAN_POINT('',(58.089311626897,-85.,24.5));
#8696 = VECTOR('',#8697,1.);
#8697 = DIRECTION('',(-0.707106781187,7.46E-15,-0.707106781187));
#8698 = ORIENTED_EDGE('',*,*,#6727,.T.);
#8699 = ORIENTED_EDGE('',*,*,#8691,.T.);
#8700 = ORIENTED_EDGE('',*,*,#8701,.F.);
#8701 = EDGE_CURVE('',#8692,#8692,#8702,.T.);
#8702 = CIRCLE('',#8703,1.32);
#8703 = AXIS2_PLACEMENT_3D('',#8704,#8705,#8706);
#8704 = CARTESIAN_POINT('',(56.769311626897,-85.,24.5));
#8705 = DIRECTION('',(0.,2.2E-16,1.));
#8706 = DIRECTION('',(1.,-1.077E-14,2.3694E-30));
#8707 = CONICAL_SURFACE('',#8708,1.32,0.785398163397);
#8708 = AXIS2_PLACEMENT_3D('',#8709,#8710,#8711);
#8709 = CARTESIAN_POINT('',(56.769311626897,-85.,24.5));
#8710 = DIRECTION('',(0.,2.2E-16,1.));
#8711 = DIRECTION('',(1.,-1.077E-14,2.3694E-30));
#8712 = ADVANCED_FACE('',(#8713),#8731,.F.);
#8713 = FACE_BOUND('',#8714,.F.);
#8714 = EDGE_LOOP('',(#8715,#8723,#8729,#8730));
#8715 = ORIENTED_EDGE('',*,*,#8716,.T.);
#8716 = EDGE_CURVE('',#6852,#8717,#8719,.T.);
#8717 = VERTEX_POINT('',#8718);
#8718 = CARTESIAN_POINT('',(57.62,-79.5,34.));
#8719 = LINE('',#8720,#8721);
#8720 = CARTESIAN_POINT('',(54.02,-79.5,34.));
#8721 = VECTOR('',#8722,1.);
#8722 = DIRECTION('',(1.,0.,0.));
#8723 = ORIENTED_EDGE('',*,*,#8724,.F.);
#8724 = EDGE_CURVE('',#6741,#8717,#8725,.T.);
#8725 = LINE('',#8726,#8727);
#8726 = CARTESIAN_POINT('',(57.62,-79.5,25.));
#8727 = VECTOR('',#8728,1.);
#8728 = DIRECTION('',(0.,0.,1.));
#8729 = ORIENTED_EDGE('',*,*,#6738,.F.);
#8730 = ORIENTED_EDGE('',*,*,#6851,.T.);
#8731 = PLANE('',#8732);
#8732 = AXIS2_PLACEMENT_3D('',#8733,#8734,#8735);
#8733 = CARTESIAN_POINT('',(54.02,-79.5,25.));
#8734 = DIRECTION('',(0.,1.,0.));
#8735 = DIRECTION('',(1.,0.,0.));
#8736 = ADVANCED_FACE('',(#8737),#8757,.T.);
#8737 = FACE_BOUND('',#8738,.F.);
#8738 = EDGE_LOOP('',(#8739,#8740,#8749,#8755,#8756));
#8739 = ORIENTED_EDGE('',*,*,#8724,.T.);
#8740 = ORIENTED_EDGE('',*,*,#8741,.T.);
#8741 = EDGE_CURVE('',#8717,#8742,#8744,.T.);
#8742 = VERTEX_POINT('',#8743);
#8743 = CARTESIAN_POINT('',(59.52,-77.6,34.));
#8744 = CIRCLE('',#8745,1.9);
#8745 = AXIS2_PLACEMENT_3D('',#8746,#8747,#8748);
#8746 = CARTESIAN_POINT('',(57.62,-77.6,34.));
#8747 = DIRECTION('',(0.,0.,1.));
#8748 = DIRECTION('',(-3.74E-15,-1.,0.));
#8749 = ORIENTED_EDGE('',*,*,#8750,.F.);
#8750 = EDGE_CURVE('',#8184,#8742,#8751,.T.);
#8751 = LINE('',#8752,#8753);
#8752 = CARTESIAN_POINT('',(59.52,-77.6,25.));
#8753 = VECTOR('',#8754,1.);
#8754 = DIRECTION('',(0.,0.,1.));
#8755 = ORIENTED_EDGE('',*,*,#8183,.F.);
#8756 = ORIENTED_EDGE('',*,*,#6759,.F.);
#8757 = CYLINDRICAL_SURFACE('',#8758,1.9);
#8758 = AXIS2_PLACEMENT_3D('',#8759,#8760,#8761);
#8759 = CARTESIAN_POINT('',(57.62,-77.6,25.));
#8760 = DIRECTION('',(-0.,-0.,-1.));
#8761 = DIRECTION('',(1.,0.,0.));
#8762 = ADVANCED_FACE('',(#8763),#8783,.T.);
#8763 = FACE_BOUND('',#8764,.T.);
#8764 = EDGE_LOOP('',(#8765,#8766,#8767));
#8765 = ORIENTED_EDGE('',*,*,#6827,.T.);
#8766 = ORIENTED_EDGE('',*,*,#6775,.T.);
#8767 = ORIENTED_EDGE('',*,*,#8768,.F.);
#8768 = EDGE_CURVE('',#6828,#6776,#8769,.T.);
#8769 = ( BOUNDED_CURVE() B_SPLINE_CURVE(12,(#8770,#8771,#8772,#8773,
    #8774,#8775,#8776,#8777,#8778,#8779,#8780,#8781,#8782),
.UNSPECIFIED.,.F.,.F.) B_SPLINE_CURVE_WITH_KNOTS((13,13),(9.,
10.910098894519),.PIECEWISE_BEZIER_KNOTS.) CURVE() 
GEOMETRIC_REPRESENTATION_ITEM() RATIONAL_B_SPLINE_CURVE((1.,1.,1.,1.,1.,
1.,1.,1.,1.,1.,1.,1.,1.)) REPRESENTATION_ITEM('') );
#8770 = CARTESIAN_POINT('',(54.52,-70.5,34.));
#8771 = CARTESIAN_POINT('',(54.52,-70.5,34.065449547329));
#8772 = CARTESIAN_POINT('',(54.524718813962,-70.50474410231,
    34.131006471288));
#8773 = CARTESIAN_POINT('',(54.533782348838,-70.51358892495,
    34.202819119925));
#8774 = CARTESIAN_POINT('',(54.547624975134,-70.5318444873,
    34.294841541062));
#8775 = CARTESIAN_POINT('',(54.563540318722,-70.55891946415,
    34.390034896774));
#8776 = CARTESIAN_POINT('',(54.576336367857,-70.6087517023,
    34.554870070978));
#8777 = CARTESIAN_POINT('',(54.63270832327,-70.71377441375,
    34.676830119789));
#8778 = CARTESIAN_POINT('',(54.686618781737,-70.83288318556,
    34.805201014878));
#8779 = CARTESIAN_POINT('',(54.763271714325,-70.98526632957,
    34.899904491117));
#8780 = CARTESIAN_POINT('',(54.84537878613,-71.15084570789,
    34.966817097084));
#8781 = CARTESIAN_POINT('',(54.932733936894,-71.32546787378,35.));
#8782 = CARTESIAN_POINT('',(55.02,-71.5,35.));
#8783 = ( BOUNDED_SURFACE() B_SPLINE_SURFACE(2,12,(
    (#8784,#8785,#8786,#8787,#8788,#8789,#8790,#8791,#8792,#8793,#8794
      ,#8795,#8796)
    ,(#8797,#8798,#8799,#8800,#8801,#8802,#8803,#8804,#8805,#8806,#8807
      ,#8808,#8809)
    ,(#8810,#8811,#8812,#8813,#8814,#8815,#8816,#8817,#8818,#8819,#8820
      ,#8821,#8822
)),.UNSPECIFIED.,.F.,.F.,.F.) B_SPLINE_SURFACE_WITH_KNOTS((3,3),(13,13),
  (0.,1.910098894519),(9.,10.910098894519),.PIECEWISE_BEZIER_KNOTS.) 
GEOMETRIC_REPRESENTATION_ITEM() RATIONAL_B_SPLINE_SURFACE((
    (1.,1.,1.,1.,1.,1.,1.,1.,1.,1.,1.,1.,1.)
    ,(0.707106781187,0.707106781187,0.707237853735,0.706089742297
      ,0.71605554699,0.721203778541,0.793770950605,0.842106618596
      ,0.903640285641,0.949966188744,0.983401145808,1.,1.)
,(1.,1.,1.,1.,1.,1.,1.,1.,1.,1.,1.,1.,1.
))) REPRESENTATION_ITEM('') SURFACE() );
#8784 = CARTESIAN_POINT('',(54.52,-70.5,34.));
#8785 = CARTESIAN_POINT('',(54.52,-70.5,34.065449547329));
#8786 = CARTESIAN_POINT('',(54.524718813962,-70.50474410231,
    34.131006471288));
#8787 = CARTESIAN_POINT('',(54.533782348838,-70.51358892495,
    34.202819119925));
#8788 = CARTESIAN_POINT('',(54.547624975134,-70.5318444873,
    34.294841541062));
#8789 = CARTESIAN_POINT('',(54.563540318722,-70.55891946415,
    34.390034896774));
#8790 = CARTESIAN_POINT('',(54.576336367857,-70.6087517023,
    34.554870070978));
#8791 = CARTESIAN_POINT('',(54.63270832327,-70.71377441375,
    34.676830119789));
#8792 = CARTESIAN_POINT('',(54.686618781737,-70.83288318556,
    34.805201014878));
#8793 = CARTESIAN_POINT('',(54.763271714325,-70.98526632957,
    34.899904491117));
#8794 = CARTESIAN_POINT('',(54.84537878613,-71.15084570789,
    34.966817097084));
#8795 = CARTESIAN_POINT('',(54.932733936894,-71.32546787378,35.));
#8796 = CARTESIAN_POINT('',(55.02,-71.5,35.));
#8797 = CARTESIAN_POINT('',(54.02,-70.5,34.));
#8798 = CARTESIAN_POINT('',(54.02,-70.5,34.130899094658));
#8799 = CARTESIAN_POINT('',(54.034035873618,-70.51403587361,
    34.261795233427));
#8800 = CARTESIAN_POINT('',(54.061951121813,-70.54195112181,
    34.39454563396));
#8801 = CARTESIAN_POINT('',(54.107312468221,-70.58731246821,
    34.522878150369));
#8802 = CARTESIAN_POINT('',(54.172793202706,-70.65279320272,
    34.658239850652));
#8803 = CARTESIAN_POINT('',(54.257443117125,-70.7374431171,
    34.716933952612));
#8804 = CARTESIAN_POINT('',(54.364127987972,-70.84412798798,
    34.828881949145));
#8805 = CARTESIAN_POINT('',(54.485288269238,-70.96528826923,
    34.889328482093));
#8806 = CARTESIAN_POINT('',(54.617549924276,-71.09754992427,
    34.948344926744));
#8807 = CARTESIAN_POINT('',(54.753775343486,-71.23377534348,
    34.983002003954));
#8808 = CARTESIAN_POINT('',(54.889100905342,-71.36910090534,35.));
#8809 = CARTESIAN_POINT('',(55.02,-71.5,35.));
#8810 = CARTESIAN_POINT('',(54.02,-71.,34.));
#8811 = CARTESIAN_POINT('',(54.02,-71.,34.065449547329));
#8812 = CARTESIAN_POINT('',(54.024744102316,-71.00471881396,
    34.131006471288));
#8813 = CARTESIAN_POINT('',(54.033588924951,-71.01378234884,
    34.202819119925));
#8814 = CARTESIAN_POINT('',(54.051844487311,-71.02762497512,
    34.294841541063));
#8815 = CARTESIAN_POINT('',(54.078919464148,-71.04354031873,
    34.390034896773));
#8816 = CARTESIAN_POINT('',(54.128751702313,-71.05633636784,
    34.554870070979));
#8817 = CARTESIAN_POINT('',(54.233774413748,-71.11270832328,
    34.676830119788));
#8818 = CARTESIAN_POINT('',(54.352883185573,-71.16661878173,
    34.805201014878));
#8819 = CARTESIAN_POINT('',(54.505266329568,-71.24327171432,
    34.899904491117));
#8820 = CARTESIAN_POINT('',(54.670845707895,-71.32537878613,
    34.966817097084));
#8821 = CARTESIAN_POINT('',(54.845467873789,-71.41273393689,35.));
#8822 = CARTESIAN_POINT('',(55.02,-71.5,35.));
#8823 = ADVANCED_FACE('',(#8824),#8844,.T.);
#8824 = FACE_BOUND('',#8825,.T.);
#8825 = EDGE_LOOP('',(#8826,#8827,#8843));
#8826 = ORIENTED_EDGE('',*,*,#6859,.T.);
#8827 = ORIENTED_EDGE('',*,*,#8828,.T.);
#8828 = EDGE_CURVE('',#6852,#6794,#8829,.T.);
#8829 = ( BOUNDED_CURVE() B_SPLINE_CURVE(12,(#8830,#8831,#8832,#8833,
    #8834,#8835,#8836,#8837,#8838,#8839,#8840,#8841,#8842),
.UNSPECIFIED.,.F.,.F.) B_SPLINE_CURVE_WITH_KNOTS((13,13),(9.,
10.910098894519),.PIECEWISE_BEZIER_KNOTS.) CURVE() 
GEOMETRIC_REPRESENTATION_ITEM() RATIONAL_B_SPLINE_CURVE((1.,1.,1.,
    0.999999999999,1.000000000001,0.999999999999,1.000000000002,
0.999999999999,1.000000000001,1.,1.,1.,1.)) REPRESENTATION_ITEM('') );
#8830 = CARTESIAN_POINT('',(54.52,-79.5,34.));
#8831 = CARTESIAN_POINT('',(54.52,-79.5,34.065449547329));
#8832 = CARTESIAN_POINT('',(54.524718813962,-79.49525589768,
    34.131006471288));
#8833 = CARTESIAN_POINT('',(54.533782348838,-79.48641107505,
    34.202819119924));
#8834 = CARTESIAN_POINT('',(54.547624975136,-79.46815551268,
    34.294841541064));
#8835 = CARTESIAN_POINT('',(54.56354031872,-79.44108053585,
    34.390034896769));
#8836 = CARTESIAN_POINT('',(54.57633636786,-79.39124829768,
    34.554870070985));
#8837 = CARTESIAN_POINT('',(54.632708323268,-79.28622558625,
    34.676830119783));
#8838 = CARTESIAN_POINT('',(54.686618781739,-79.16711681442,
    34.805201014881));
#8839 = CARTESIAN_POINT('',(54.763271714325,-79.01473367043,
    34.899904491116));
#8840 = CARTESIAN_POINT('',(54.84537878613,-78.8491542921,
    34.966817097084));
#8841 = CARTESIAN_POINT('',(54.932733936894,-78.67453212621,35.));
#8842 = CARTESIAN_POINT('',(55.02,-78.5,35.));
#8843 = ORIENTED_EDGE('',*,*,#6801,.F.);
#8844 = ( BOUNDED_SURFACE() B_SPLINE_SURFACE(2,12,(
    (#8845,#8846,#8847,#8848,#8849,#8850,#8851,#8852,#8853,#8854,#8855
      ,#8856,#8857)
    ,(#8858,#8859,#8860,#8861,#8862,#8863,#8864,#8865,#8866,#8867,#8868
      ,#8869,#8870)
    ,(#8871,#8872,#8873,#8874,#8875,#8876,#8877,#8878,#8879,#8880,#8881
      ,#8882,#8883
)),.UNSPECIFIED.,.F.,.F.,.F.) B_SPLINE_SURFACE_WITH_KNOTS((3,3),(13,13),
  (0.,1.910098894519),(9.,10.910098894519),.PIECEWISE_BEZIER_KNOTS.) 
GEOMETRIC_REPRESENTATION_ITEM() RATIONAL_B_SPLINE_SURFACE((
    (1.,1.,1.,0.999999999999,1.000000000001,0.999999999999
      ,1.000000000002,0.999999999999,1.000000000001,1.,1.,1.,1.)
    ,(0.707106781187,0.707106781187,0.707237853735,0.706089742296
      ,0.716055546993,0.721203778536,0.793770950611,0.842106618591
      ,0.903640285643,0.949966188743,0.983401145808,1.,1.)
    ,(1.,1.,1.,0.999999999999,1.000000000001,0.999999999999
      ,1.000000000002,0.999999999999,1.000000000001,1.,1.,1.,1.
))) REPRESENTATION_ITEM('') SURFACE() );
#8845 = CARTESIAN_POINT('',(54.02,-79.,34.));
#8846 = CARTESIAN_POINT('',(54.02,-79.,34.065449547329));
#8847 = CARTESIAN_POINT('',(54.024744102316,-78.99528118603,
    34.131006471288));
#8848 = CARTESIAN_POINT('',(54.03358892495,-78.98621765116,
    34.202819119924));
#8849 = CARTESIAN_POINT('',(54.051844487314,-78.97237502486,
    34.294841541065));
#8850 = CARTESIAN_POINT('',(54.078919464141,-78.95645968127,
    34.390034896767));
#8851 = CARTESIAN_POINT('',(54.128751702324,-78.94366363214,
    34.554870070987));
#8852 = CARTESIAN_POINT('',(54.233774413739,-78.88729167672,
    34.676830119782));
#8853 = CARTESIAN_POINT('',(54.352883185578,-78.83338121826,
    34.805201014881));
#8854 = CARTESIAN_POINT('',(54.505266329566,-78.75672828567,
    34.899904491116));
#8855 = CARTESIAN_POINT('',(54.670845707896,-78.67462121387,
    34.966817097084));
#8856 = CARTESIAN_POINT('',(54.845467873789,-78.5872660631,35.));
#8857 = CARTESIAN_POINT('',(55.02,-78.5,35.));
#8858 = CARTESIAN_POINT('',(54.02,-79.5,34.));
#8859 = CARTESIAN_POINT('',(54.02,-79.5,34.130899094658));
#8860 = CARTESIAN_POINT('',(54.034035873618,-79.48596412638,
    34.261795233427));
#8861 = CARTESIAN_POINT('',(54.061951121813,-79.45804887818,
    34.39454563396));
#8862 = CARTESIAN_POINT('',(54.107312468221,-79.41268753178,
    34.522878150369));
#8863 = CARTESIAN_POINT('',(54.172793202705,-79.34720679728,
    34.658239850651));
#8864 = CARTESIAN_POINT('',(54.257443117127,-79.26255688288,
    34.716933952613));
#8865 = CARTESIAN_POINT('',(54.364127987971,-79.15587201202,
    34.828881949144));
#8866 = CARTESIAN_POINT('',(54.485288269239,-79.03471173076,
    34.889328482093));
#8867 = CARTESIAN_POINT('',(54.617549924276,-78.90245007572,
    34.948344926744));
#8868 = CARTESIAN_POINT('',(54.753775343486,-78.76622465651,
    34.983002003954));
#8869 = CARTESIAN_POINT('',(54.889100905342,-78.63089909465,35.));
#8870 = CARTESIAN_POINT('',(55.02,-78.5,35.));
#8871 = CARTESIAN_POINT('',(54.52,-79.5,34.));
#8872 = CARTESIAN_POINT('',(54.52,-79.5,34.065449547329));
#8873 = CARTESIAN_POINT('',(54.524718813962,-79.49525589768,
    34.131006471288));
#8874 = CARTESIAN_POINT('',(54.533782348838,-79.48641107505,
    34.202819119924));
#8875 = CARTESIAN_POINT('',(54.547624975136,-79.46815551268,
    34.294841541064));
#8876 = CARTESIAN_POINT('',(54.56354031872,-79.44108053585,
    34.390034896769));
#8877 = CARTESIAN_POINT('',(54.57633636786,-79.39124829768,
    34.554870070985));
#8878 = CARTESIAN_POINT('',(54.632708323268,-79.28622558625,
    34.676830119783));
#8879 = CARTESIAN_POINT('',(54.686618781739,-79.16711681442,
    34.805201014881));
#8880 = CARTESIAN_POINT('',(54.763271714325,-79.01473367043,
    34.899904491116));
#8881 = CARTESIAN_POINT('',(54.84537878613,-78.8491542921,
    34.966817097084));
#8882 = CARTESIAN_POINT('',(54.932733936894,-78.67453212621,35.));
#8883 = CARTESIAN_POINT('',(55.02,-78.5,35.));
#8884 = ADVANCED_FACE('',(#8885),#8928,.T.);
#8885 = FACE_BOUND('',#8886,.T.);
#8886 = EDGE_LOOP('',(#8887,#8895,#8904,#8912,#8921,#8927));
#8887 = ORIENTED_EDGE('',*,*,#8888,.T.);
#8888 = EDGE_CURVE('',#6794,#8889,#8891,.T.);
#8889 = VERTEX_POINT('',#8890);
#8890 = CARTESIAN_POINT('',(57.62,-78.5,35.));
#8891 = LINE('',#8892,#8893);
#8892 = CARTESIAN_POINT('',(54.02,-78.5,35.));
#8893 = VECTOR('',#8894,1.);
#8894 = DIRECTION('',(1.,0.,0.));
#8895 = ORIENTED_EDGE('',*,*,#8896,.T.);
#8896 = EDGE_CURVE('',#8889,#8897,#8899,.T.);
#8897 = VERTEX_POINT('',#8898);
#8898 = CARTESIAN_POINT('',(58.52,-77.6,35.));
#8899 = CIRCLE('',#8900,0.9);
#8900 = AXIS2_PLACEMENT_3D('',#8901,#8902,#8903);
#8901 = CARTESIAN_POINT('',(57.62,-77.6,35.));
#8902 = DIRECTION('',(0.,0.,1.));
#8903 = DIRECTION('',(-3.74E-15,-1.,0.));
#8904 = ORIENTED_EDGE('',*,*,#8905,.T.);
#8905 = EDGE_CURVE('',#8897,#8906,#8908,.T.);
#8906 = VERTEX_POINT('',#8907);
#8907 = CARTESIAN_POINT('',(58.52,-72.4,35.));
#8908 = LINE('',#8909,#8910);
#8909 = CARTESIAN_POINT('',(58.52,-77.6,35.));
#8910 = VECTOR('',#8911,1.);
#8911 = DIRECTION('',(0.,1.,0.));
#8912 = ORIENTED_EDGE('',*,*,#8913,.T.);
#8913 = EDGE_CURVE('',#8906,#8914,#8916,.T.);
#8914 = VERTEX_POINT('',#8915);
#8915 = CARTESIAN_POINT('',(57.62,-71.5,35.));
#8916 = CIRCLE('',#8917,0.9);
#8917 = AXIS2_PLACEMENT_3D('',#8918,#8919,#8920);
#8918 = CARTESIAN_POINT('',(57.62,-72.4,35.));
#8919 = DIRECTION('',(0.,0.,1.));
#8920 = DIRECTION('',(1.,0.,0.));
#8921 = ORIENTED_EDGE('',*,*,#8922,.T.);
#8922 = EDGE_CURVE('',#8914,#6776,#8923,.T.);
#8923 = LINE('',#8924,#8925);
#8924 = CARTESIAN_POINT('',(57.62,-71.5,35.));
#8925 = VECTOR('',#8926,1.);
#8926 = DIRECTION('',(-1.,0.,0.));
#8927 = ORIENTED_EDGE('',*,*,#6793,.T.);
#8928 = PLANE('',#8929);
#8929 = AXIS2_PLACEMENT_3D('',#8930,#8931,#8932);
#8930 = CARTESIAN_POINT('',(74.01,-75.,35.));
#8931 = DIRECTION('',(0.,0.,1.));
#8932 = DIRECTION('',(1.,0.,0.));
#8933 = ADVANCED_FACE('',(#8934,#8937),#8948,.T.);
#8934 = FACE_BOUND('',#8935,.T.);
#8935 = EDGE_LOOP('',(#8936));
#8936 = ORIENTED_EDGE('',*,*,#6946,.T.);
#8937 = FACE_BOUND('',#8938,.T.);
#8938 = EDGE_LOOP('',(#8939));
#8939 = ORIENTED_EDGE('',*,*,#8940,.F.);
#8940 = EDGE_CURVE('',#8941,#8941,#8943,.T.);
#8941 = VERTEX_POINT('',#8942);
#8942 = CARTESIAN_POINT('',(54.45,-104.,12.));
#8943 = CIRCLE('',#8944,1.45);
#8944 = AXIS2_PLACEMENT_3D('',#8945,#8946,#8947);
#8945 = CARTESIAN_POINT('',(53.,-104.,12.));
#8946 = DIRECTION('',(0.,0.,1.));
#8947 = DIRECTION('',(1.,0.,0.));
#8948 = PLANE('',#8949);
#8949 = AXIS2_PLACEMENT_3D('',#8950,#8951,#8952);
#8950 = CARTESIAN_POINT('',(42.4,-92.1,12.));
#8951 = DIRECTION('',(0.,0.,1.));
#8952 = DIRECTION('',(1.,0.,0.));
#8953 = ADVANCED_FACE('',(#8954),#8959,.T.);
#8954 = FACE_BOUND('',#8955,.T.);
#8955 = EDGE_LOOP('',(#8956,#8957,#8958));
#8956 = ORIENTED_EDGE('',*,*,#6981,.T.);
#8957 = ORIENTED_EDGE('',*,*,#6963,.F.);
#8958 = ORIENTED_EDGE('',*,*,#7071,.F.);
#8959 = ( BOUNDED_SURFACE() B_SPLINE_SURFACE(2,12,(
    (#8960,#8961,#8962,#8963,#8964,#8965,#8966,#8967,#8968,#8969,#8970
      ,#8971,#8972)
    ,(#8973,#8974,#8975,#8976,#8977,#8978,#8979,#8980,#8981,#8982,#8983
      ,#8984,#8985)
    ,(#8986,#8987,#8988,#8989,#8990,#8991,#8992,#8993,#8994,#8995,#8996
      ,#8997,#8998
)),.UNSPECIFIED.,.F.,.F.,.F.) B_SPLINE_SURFACE_WITH_KNOTS((3,3),(13,13),
  (0.,1.910098894519),(0.,1.910098894519),.PIECEWISE_BEZIER_KNOTS.) 
GEOMETRIC_REPRESENTATION_ITEM() RATIONAL_B_SPLINE_SURFACE((
    (1.,1.,1.,1.000000000001,0.999999999999,1.000000000001
      ,0.999999999999,1.000000000001,0.999999999999,1.,1.,1.,1.)
    ,(1.,1.,0.994110920285,0.981400625036,0.966603928781,0.93506275441
      ,0.921635484872,0.865304393981,0.849533972992,0.786176417217
      ,0.733538719268,0.707106781187,0.707106781187)
    ,(1.,1.,1.,1.000000000001,0.999999999999,1.000000000001
      ,0.999999999999,1.000000000001,0.999999999999,1.,1.,1.,1.
))) REPRESENTATION_ITEM('') SURFACE() );
#8960 = CARTESIAN_POINT('',(82.,-12.3,20.));
#8961 = CARTESIAN_POINT('',(81.84292108641,-12.19528072427,20.));
#8962 = CARTESIAN_POINT('',(81.68598493832,-12.09070692972,
    19.988120464008));
#8963 = CARTESIAN_POINT('',(81.529342753715,-11.98594011246,
    19.96359346125));
#8964 = CARTESIAN_POINT('',(81.38168337005,-11.889102816,19.929757964956
    ));
#8965 = CARTESIAN_POINT('',(81.221726010916,-11.77921919916,
    19.877621164382));
#8966 = CARTESIAN_POINT('',(81.102294817305,-11.70601364412,
    19.822570933482));
#8967 = CARTESIAN_POINT('',(80.932884095593,-11.5869586231,
    19.747852179526));
#8968 = CARTESIAN_POINT('',(80.835294264602,-11.52803009197,
    19.651381339755));
#8969 = CARTESIAN_POINT('',(80.682268466868,-11.42670033343,
    19.56085196481));
#8970 = CARTESIAN_POINT('',(80.560697517972,-11.34194288647,
    19.392365621915));
#8971 = CARTESIAN_POINT('',(80.5,-11.3,19.196348641987));
#8972 = CARTESIAN_POINT('',(80.5,-11.3,19.));
#8973 = CARTESIAN_POINT('',(82.,-12.3,20.));
#8974 = CARTESIAN_POINT('',(81.869100905342,-12.16910090534,20.));
#8975 = CARTESIAN_POINT('',(81.736459100632,-12.03645910063,
    19.981801085532));
#8976 = CARTESIAN_POINT('',(81.606888079669,-11.90688807966,
    19.94613999085));
#8977 = CARTESIAN_POINT('',(81.476531633986,-11.77653163398,
    19.88667525894));
#8978 = CARTESIAN_POINT('',(81.370850096375,-11.67085009637,
    19.822834235342));
#8979 = CARTESIAN_POINT('',(81.245901423919,-11.54590142391,
    19.719484594169));
#8980 = CARTESIAN_POINT('',(81.179778588846,-11.47977858885,
    19.628704275874));
#8981 = CARTESIAN_POINT('',(81.082175781868,-11.38217578186,
    19.510066309211));
#8982 = CARTESIAN_POINT('',(81.037311672416,-11.33731167241,
    19.367536494966));
#8983 = CARTESIAN_POINT('',(81.013625896384,-11.31362589638,
    19.252747993667));
#8984 = CARTESIAN_POINT('',(81.,-11.3,19.130899094658));
#8985 = CARTESIAN_POINT('',(81.,-11.3,19.));
#8986 = CARTESIAN_POINT('',(82.,-12.3,20.));
#8987 = CARTESIAN_POINT('',(81.895280724273,-12.14292108641,20.));
#8988 = CARTESIAN_POINT('',(81.790706929728,-11.98598493832,
    19.988120464008));
#8989 = CARTESIAN_POINT('',(81.685940112463,-11.82934275371,
    19.96359346125));
#8990 = CARTESIAN_POINT('',(81.589102816009,-11.68168337005,
    19.929757964956));
#8991 = CARTESIAN_POINT('',(81.479219199163,-11.52172601091,
    19.877621164383));
#8992 = CARTESIAN_POINT('',(81.406013644128,-11.4022948173,
    19.82257093348));
#8993 = CARTESIAN_POINT('',(81.2869586231,-11.23288409559,
    19.747852179527));
#8994 = CARTESIAN_POINT('',(81.228030091976,-11.1352942646,
    19.651381339754));
#8995 = CARTESIAN_POINT('',(81.126700333436,-10.98226846686,
    19.560851964811));
#8996 = CARTESIAN_POINT('',(81.041942886474,-10.86069751797,
    19.392365621914));
#8997 = CARTESIAN_POINT('',(81.,-10.8,19.196348641987));
#8998 = CARTESIAN_POINT('',(81.,-10.8,19.));
#8999 = ADVANCED_FACE('',(#9000),#9005,.T.);
#9000 = FACE_BOUND('',#9001,.T.);
#9001 = EDGE_LOOP('',(#9002,#9003,#9004));
#9002 = ORIENTED_EDGE('',*,*,#7047,.T.);
#9003 = ORIENTED_EDGE('',*,*,#7029,.F.);
#9004 = ORIENTED_EDGE('',*,*,#7114,.F.);
#9005 = ( BOUNDED_SURFACE() B_SPLINE_SURFACE(2,12,(
    (#9006,#9007,#9008,#9009,#9010,#9011,#9012,#9013,#9014,#9015,#9016
      ,#9017,#9018)
    ,(#9019,#9020,#9021,#9022,#9023,#9024,#9025,#9026,#9027,#9028,#9029
      ,#9030,#9031)
    ,(#9032,#9033,#9034,#9035,#9036,#9037,#9038,#9039,#9040,#9041,#9042
      ,#9043,#9044
)),.UNSPECIFIED.,.F.,.F.,.F.) B_SPLINE_SURFACE_WITH_KNOTS((3,3),(13,13),
  (0.,1.910098894519),(0.,1.910098894519),.PIECEWISE_BEZIER_KNOTS.) 
GEOMETRIC_REPRESENTATION_ITEM() RATIONAL_B_SPLINE_SURFACE((
    (1.,1.,1.,1.,1.000000000001,0.999999999998,1.000000000002
      ,0.999999999998,1.000000000001,0.999999999999,1.,1.,1.)
    ,(1.,1.,0.983401145808,0.949966188743,0.903640285643,0.842106618592
      ,0.79377095061,0.721203778537,0.716055546993,0.706089742295
      ,0.707237853735,0.707106781187,0.707106781187)
    ,(1.,1.,1.,1.,1.000000000001,0.999999999998,1.000000000002
      ,0.999999999998,1.000000000001,0.999999999999,1.,1.,1.
))) REPRESENTATION_ITEM('') SURFACE() );
#9006 = CARTESIAN_POINT('',(75.,-12.3,20.));
#9007 = CARTESIAN_POINT('',(74.825467873789,-12.21273393689,20.));
#9008 = CARTESIAN_POINT('',(74.650845707895,-12.12537878613,
    19.966817097084));
#9009 = CARTESIAN_POINT('',(74.485266329568,-12.04327171432,
    19.899904491117));
#9010 = CARTESIAN_POINT('',(74.332883185574,-11.96661878173,
    19.805201014877));
#9011 = CARTESIAN_POINT('',(74.213774413747,-11.91270832326,
    19.67683011979));
#9012 = CARTESIAN_POINT('',(74.108751702314,-11.85633636785,
    19.554870070975));
#9013 = CARTESIAN_POINT('',(74.058919464149,-11.84354031872,
    19.390034896777));
#9014 = CARTESIAN_POINT('',(74.03184448731,-11.82762497513,
    19.294841541061));
#9015 = CARTESIAN_POINT('',(74.013588924952,-11.81378234883,
    19.202819119926));
#9016 = CARTESIAN_POINT('',(74.004744102316,-11.80471881396,
    19.131006471288));
#9017 = CARTESIAN_POINT('',(74.,-11.8,19.065449547329));
#9018 = CARTESIAN_POINT('',(74.,-11.8,19.));
#9019 = CARTESIAN_POINT('',(75.,-12.3,20.));
#9020 = CARTESIAN_POINT('',(74.869100905342,-12.16910090534,20.));
#9021 = CARTESIAN_POINT('',(74.733775343485,-12.03377534348,
    19.983002003954));
#9022 = CARTESIAN_POINT('',(74.597549924278,-11.89754992427,
    19.948344926745));
#9023 = CARTESIAN_POINT('',(74.465288269232,-11.76528826923,
    19.889328482091));
#9024 = CARTESIAN_POINT('',(74.344127987983,-11.64412798797,
    19.828881949148));
#9025 = CARTESIAN_POINT('',(74.237443117112,-11.53744311712,
    19.716933952607));
#9026 = CARTESIAN_POINT('',(74.152793202717,-11.4527932027,
    19.658239850658));
#9027 = CARTESIAN_POINT('',(74.087312468215,-11.38731246822,
    19.522878150366));
#9028 = CARTESIAN_POINT('',(74.041951121815,-11.34195112181,
    19.394545633961));
#9029 = CARTESIAN_POINT('',(74.014035873617,-11.31403587361,
    19.261795233427));
#9030 = CARTESIAN_POINT('',(74.,-11.3,19.130899094658));
#9031 = CARTESIAN_POINT('',(74.,-11.3,19.));
#9032 = CARTESIAN_POINT('',(75.,-12.3,20.));
#9033 = CARTESIAN_POINT('',(74.912733936895,-12.12546787378,20.));
#9034 = CARTESIAN_POINT('',(74.82537878613,-11.95084570789,
    19.966817097084));
#9035 = CARTESIAN_POINT('',(74.743271714326,-11.78526632956,
    19.899904491117));
#9036 = CARTESIAN_POINT('',(74.666618781734,-11.63288318557,
    19.805201014878));
#9037 = CARTESIAN_POINT('',(74.612708323277,-11.51377441374,
    19.676830119789));
#9038 = CARTESIAN_POINT('',(74.556336367848,-11.40875170231,
    19.554870070977));
#9039 = CARTESIAN_POINT('',(74.54354031873,-11.35891946414,
    19.390034896776));
#9040 = CARTESIAN_POINT('',(74.52762497513,-11.33184448731,
    19.294841541061));
#9041 = CARTESIAN_POINT('',(74.51378234884,-11.31358892495,
    19.202819119925));
#9042 = CARTESIAN_POINT('',(74.504718813962,-11.30474410231,
    19.131006471288));
#9043 = CARTESIAN_POINT('',(74.5,-11.3,19.065449547329));
#9044 = CARTESIAN_POINT('',(74.5,-11.3,19.));
#9045 = ADVANCED_FACE('',(#9046),#9051,.F.);
#9046 = FACE_BOUND('',#9047,.F.);
#9047 = EDGE_LOOP('',(#9048,#9049,#9050));
#9048 = ORIENTED_EDGE('',*,*,#7097,.T.);
#9049 = ORIENTED_EDGE('',*,*,#7138,.T.);
#9050 = ORIENTED_EDGE('',*,*,#7180,.F.);
#9051 = ( BOUNDED_SURFACE() B_SPLINE_SURFACE(2,12,(
    (#9052,#9053,#9054,#9055,#9056,#9057,#9058,#9059,#9060,#9061,#9062
      ,#9063,#9064)
    ,(#9065,#9066,#9067,#9068,#9069,#9070,#9071,#9072,#9073,#9074,#9075
      ,#9076,#9077)
    ,(#9078,#9079,#9080,#9081,#9082,#9083,#9084,#9085,#9086,#9087,#9088
      ,#9089,#9090
)),.UNSPECIFIED.,.F.,.F.,.F.) B_SPLINE_SURFACE_WITH_KNOTS((3,3),(13,13),
  (0.,1.910098894519),(9.910098894519,11.820197789037),
.PIECEWISE_BEZIER_KNOTS.) GEOMETRIC_REPRESENTATION_ITEM() 
RATIONAL_B_SPLINE_SURFACE((
    (1.,1.,1.,1.,1.000000000001,0.999999999999,1.000000000001
      ,0.999999999999,1.000000000001,1.,1.,1.,1.)
    ,(0.707106781187,0.707106781187,0.707237853735,0.706089742295
      ,0.716055546993,0.721203778537,0.79377095061,0.842106618591
      ,0.903640285643,0.949966188743,0.983401145808,1.,1.)
    ,(1.,1.,1.,1.,1.000000000001,0.999999999999,1.000000000001
,0.999999999999,1.000000000001,1.,1.,1.,1.
))) REPRESENTATION_ITEM('') SURFACE() );
#9052 = CARTESIAN_POINT('',(74.5,-15.5,19.));
#9053 = CARTESIAN_POINT('',(74.5,-15.5,19.065449547329));
#9054 = CARTESIAN_POINT('',(74.504718813962,-15.49525589768,
    19.131006471288));
#9055 = CARTESIAN_POINT('',(74.51378234884,-15.48641107504,
    19.202819119925));
#9056 = CARTESIAN_POINT('',(74.527624975131,-15.46815551268,
    19.294841541063));
#9057 = CARTESIAN_POINT('',(74.543540318728,-15.44108053585,
    19.390034896772));
#9058 = CARTESIAN_POINT('',(74.55633636785,-15.39124829768,
    19.55487007098));
#9059 = CARTESIAN_POINT('',(74.612708323276,-15.28622558625,
    19.676830119787));
#9060 = CARTESIAN_POINT('',(74.666618781734,-15.16711681442,
    19.805201014878));
#9061 = CARTESIAN_POINT('',(74.743271714326,-15.01473367043,
    19.899904491116));
#9062 = CARTESIAN_POINT('',(74.82537878613,-14.8491542921,
    19.966817097084));
#9063 = CARTESIAN_POINT('',(74.912733936895,-14.67453212621,20.));
#9064 = CARTESIAN_POINT('',(75.,-14.5,20.));
#9065 = CARTESIAN_POINT('',(74.,-15.5,19.));
#9066 = CARTESIAN_POINT('',(74.,-15.5,19.130899094658));
#9067 = CARTESIAN_POINT('',(74.014035873617,-15.48596412638,
    19.261795233427));
#9068 = CARTESIAN_POINT('',(74.041951121815,-15.45804887818,
    19.394545633961));
#9069 = CARTESIAN_POINT('',(74.087312468215,-15.41268753178,
    19.522878150368));
#9070 = CARTESIAN_POINT('',(74.152793202718,-15.34720679729,
    19.658239850654));
#9071 = CARTESIAN_POINT('',(74.23744311711,-15.26255688287,
    19.71693395261));
#9072 = CARTESIAN_POINT('',(74.344127987984,-15.15587201202,
    19.828881949145));
#9073 = CARTESIAN_POINT('',(74.465288269231,-15.03471173076,
    19.889328482092));
#9074 = CARTESIAN_POINT('',(74.597549924279,-14.90245007572,
    19.948344926744));
#9075 = CARTESIAN_POINT('',(74.733775343485,-14.76622465651,
    19.983002003954));
#9076 = CARTESIAN_POINT('',(74.869100905342,-14.63089909465,20.));
#9077 = CARTESIAN_POINT('',(75.,-14.5,20.));
#9078 = CARTESIAN_POINT('',(74.,-15.,19.));
#9079 = CARTESIAN_POINT('',(74.,-15.,19.065449547329));
#9080 = CARTESIAN_POINT('',(74.004744102316,-14.99528118603,
    19.131006471288));
#9081 = CARTESIAN_POINT('',(74.013588924951,-14.98621765116,
    19.202819119924));
#9082 = CARTESIAN_POINT('',(74.031844487311,-14.97237502486,
    19.294841541064));
#9083 = CARTESIAN_POINT('',(74.058919464148,-14.95645968127,
    19.390034896771));
#9084 = CARTESIAN_POINT('',(74.108751702314,-14.94366363214,
    19.554870070982));
#9085 = CARTESIAN_POINT('',(74.213774413747,-14.88729167672,
    19.676830119786));
#9086 = CARTESIAN_POINT('',(74.332883185573,-14.83338121826,
    19.805201014879));
#9087 = CARTESIAN_POINT('',(74.485266329568,-14.75672828567,
    19.899904491116));
#9088 = CARTESIAN_POINT('',(74.650845707895,-14.67462121387,
    19.966817097084));
#9089 = CARTESIAN_POINT('',(74.825467873789,-14.5872660631,20.));
#9090 = CARTESIAN_POINT('',(75.,-14.5,20.));
#9091 = ADVANCED_FACE('',(#9092),#9097,.F.);
#9092 = FACE_BOUND('',#9093,.F.);
#9093 = EDGE_LOOP('',(#9094,#9095,#9096));
#9094 = ORIENTED_EDGE('',*,*,#7236,.T.);
#9095 = ORIENTED_EDGE('',*,*,#7162,.F.);
#9096 = ORIENTED_EDGE('',*,*,#7204,.F.);
#9097 = ( BOUNDED_SURFACE() B_SPLINE_SURFACE(2,12,(
    (#9098,#9099,#9100,#9101,#9102,#9103,#9104,#9105,#9106,#9107,#9108
      ,#9109,#9110)
    ,(#9111,#9112,#9113,#9114,#9115,#9116,#9117,#9118,#9119,#9120,#9121
      ,#9122,#9123)
    ,(#9124,#9125,#9126,#9127,#9128,#9129,#9130,#9131,#9132,#9133,#9134
      ,#9135,#9136
)),.UNSPECIFIED.,.F.,.F.,.F.) B_SPLINE_SURFACE_WITH_KNOTS((3,3),(13,13),
  (0.,1.910098286668),(0.,1.910098286668),.PIECEWISE_BEZIER_KNOTS.) 
GEOMETRIC_REPRESENTATION_ITEM() RATIONAL_B_SPLINE_SURFACE((
    (1.,1.,1.,1.,1.,1.000000000001,0.999999999999,1.000000000001
      ,0.999999999999,1.,1.,1.,1.)
    ,(1.,0.999999950016,0.983401054414,0.949966074438,0.903640151295
      ,0.842106525607,0.793770831809,0.721203771287,0.716055536173
      ,0.706089743214,0.707237853667,0.707106781187,0.707106781187)
    ,(1.,1.,1.,1.,1.,1.000000000001,0.999999999999,1.000000000001
,0.999999999999,1.,1.,1.,1.))) REPRESENTATION_ITEM('') SURFACE() );
#9098 = CARTESIAN_POINT('',(93.,-14.5,20.));
#9099 = CARTESIAN_POINT('',(93.087266325771,-14.67453265154,
    19.999999899978));
#9100 = CARTESIAN_POINT('',(93.174621440255,-14.84915474691,
    19.966816914842));
#9101 = CARTESIAN_POINT('',(93.256728468916,-15.01473404009,
    19.899904255284));
#9102 = CARTESIAN_POINT('',(93.333381347579,-15.16711708665,
    19.805200739055));
#9103 = CARTESIAN_POINT('',(93.387291768768,-15.28622577118,
    19.676829879019));
#9104 = CARTESIAN_POINT('',(93.443663669117,-15.39124839577,
    19.554869807434));
#9105 = CARTESIAN_POINT('',(93.456459691683,-15.44108056129,
    19.390034761551));
#9106 = CARTESIAN_POINT('',(93.472375045604,-15.46815553837,
    19.294841442771));
#9107 = CARTESIAN_POINT('',(93.486217656855,-15.48641108052,
    19.202819060221));
#9108 = CARTESIAN_POINT('',(93.495281188894,-15.49525590056,
    19.131006435529));
#9109 = CARTESIAN_POINT('',(93.5,-15.5,19.065449529421));
#9110 = CARTESIAN_POINT('',(93.5,-15.5,19.));
#9111 = CARTESIAN_POINT('',(93.000000429815,-14.50000042981,20.));
#9112 = CARTESIAN_POINT('',(93.1308994952,-14.63089949519,
    19.999999949962));
#9113 = CARTESIAN_POINT('',(93.266225016617,-14.76622501661,
    19.983001910599));
#9114 = CARTESIAN_POINT('',(93.402450385604,-14.9024503856,
    19.948344794216));
#9115 = CARTESIAN_POINT('',(93.534711977661,-15.03471197765,
    19.889328346627));
#9116 = CARTESIAN_POINT('',(93.655872205197,-15.1558722052,
    19.828881765275));
#9117 = CARTESIAN_POINT('',(93.762557008447,-15.26255700843,
    19.716933845793));
#9118 = CARTESIAN_POINT('',(93.847206886846,-15.34720688685,
    19.658239681822));
#9119 = CARTESIAN_POINT('',(93.912687580418,-15.41268758041,
    19.522878004448));
#9120 = CARTESIAN_POINT('',(93.958048901245,-15.45804890124,
    19.394545527154));
#9121 = CARTESIAN_POINT('',(93.985964134045,-15.48596413404,
    19.261795161441));
#9122 = CARTESIAN_POINT('',(94.,-15.5,19.130899058842));
#9123 = CARTESIAN_POINT('',(94.,-15.5,19.));
#9124 = CARTESIAN_POINT('',(93.,-14.5,20.));
#9125 = CARTESIAN_POINT('',(93.174532651542,-14.58726632577,
    19.999999899978));
#9126 = CARTESIAN_POINT('',(93.349154746912,-14.67462144025,
    19.966816914842));
#9127 = CARTESIAN_POINT('',(93.514734040092,-14.75672846891,
    19.899904255284));
#9128 = CARTESIAN_POINT('',(93.667117086654,-14.83338134757,
    19.805200739055));
#9129 = CARTESIAN_POINT('',(93.786225771184,-14.88729176877,
    19.67682987902));
#9130 = CARTESIAN_POINT('',(93.891248395775,-14.9436636691,
    19.554869807433));
#9131 = CARTESIAN_POINT('',(93.941080561295,-14.95645969169,
    19.390034761552));
#9132 = CARTESIAN_POINT('',(93.968155538374,-14.9723750456,
    19.29484144277));
#9133 = CARTESIAN_POINT('',(93.986411080524,-14.98621765685,
    19.202819060221));
#9134 = CARTESIAN_POINT('',(93.99525590056,-14.99528118889,
    19.131006435529));
#9135 = CARTESIAN_POINT('',(94.,-15.,19.065449529421));
#9136 = CARTESIAN_POINT('',(94.,-15.,19.));
#9137 = ADVANCED_FACE('',(#9138,#9141),#9152,.T.);
#9138 = FACE_BOUND('',#9139,.T.);
#9139 = EDGE_LOOP('',(#9140));
#9140 = ORIENTED_EDGE('',*,*,#7331,.T.);
#9141 = FACE_BOUND('',#9142,.T.);
#9142 = EDGE_LOOP('',(#9143));
#9143 = ORIENTED_EDGE('',*,*,#9144,.F.);
#9144 = EDGE_CURVE('',#9145,#9145,#9147,.T.);
#9145 = VERTEX_POINT('',#9146);
#9146 = CARTESIAN_POINT('',(50.45,-76.,12.));
#9147 = CIRCLE('',#9148,1.45);
#9148 = AXIS2_PLACEMENT_3D('',#9149,#9150,#9151);
#9149 = CARTESIAN_POINT('',(49.,-76.,12.));
#9150 = DIRECTION('',(0.,0.,1.));
#9151 = DIRECTION('',(1.,0.,0.));
#9152 = PLANE('',#9153);
#9153 = AXIS2_PLACEMENT_3D('',#9154,#9155,#9156);
#9154 = CARTESIAN_POINT('',(42.4,-92.1,12.));
#9155 = DIRECTION('',(0.,0.,1.));
#9156 = DIRECTION('',(1.,0.,0.));
#9157 = ADVANCED_FACE('',(#9158,#9169),#9172,.T.);
#9158 = FACE_BOUND('',#9159,.T.);
#9159 = EDGE_LOOP('',(#9160));
#9160 = ORIENTED_EDGE('',*,*,#9161,.F.);
#9161 = EDGE_CURVE('',#9162,#9162,#9164,.T.);
#9162 = VERTEX_POINT('',#9163);
#9163 = CARTESIAN_POINT('',(12.82,-104.,12.));
#9164 = CIRCLE('',#9165,1.82);
#9165 = AXIS2_PLACEMENT_3D('',#9166,#9167,#9168);
#9166 = CARTESIAN_POINT('',(11.,-104.,12.));
#9167 = DIRECTION('',(0.,0.,1.));
#9168 = DIRECTION('',(1.,0.,0.));
#9169 = FACE_BOUND('',#9170,.T.);
#9170 = EDGE_LOOP('',(#9171));
#9171 = ORIENTED_EDGE('',*,*,#7357,.T.);
#9172 = PLANE('',#9173);
#9173 = AXIS2_PLACEMENT_3D('',#9174,#9175,#9176);
#9174 = CARTESIAN_POINT('',(42.4,-92.1,12.));
#9175 = DIRECTION('',(0.,0.,1.));
#9176 = DIRECTION('',(1.,0.,0.));
#9177 = ADVANCED_FACE('',(#9178,#9189),#9192,.T.);
#9178 = FACE_BOUND('',#9179,.T.);
#9179 = EDGE_LOOP('',(#9180));
#9180 = ORIENTED_EDGE('',*,*,#9181,.F.);
#9181 = EDGE_CURVE('',#9182,#9182,#9184,.T.);
#9182 = VERTEX_POINT('',#9183);
#9183 = CARTESIAN_POINT('',(12.82,-76.,12.));
#9184 = CIRCLE('',#9185,1.82);
#9185 = AXIS2_PLACEMENT_3D('',#9186,#9187,#9188);
#9186 = CARTESIAN_POINT('',(11.,-76.,12.));
#9187 = DIRECTION('',(0.,0.,1.));
#9188 = DIRECTION('',(1.,0.,0.));
#9189 = FACE_BOUND('',#9190,.T.);
#9190 = EDGE_LOOP('',(#9191));
#9191 = ORIENTED_EDGE('',*,*,#7383,.T.);
#9192 = PLANE('',#9193);
#9193 = AXIS2_PLACEMENT_3D('',#9194,#9195,#9196);
#9194 = CARTESIAN_POINT('',(42.4,-92.1,12.));
#9195 = DIRECTION('',(0.,0.,1.));
#9196 = DIRECTION('',(1.,0.,0.));
#9197 = ADVANCED_FACE('',(#9198),#9225,.T.);
#9198 = FACE_BOUND('',#9199,.T.);
#9199 = EDGE_LOOP('',(#9200,#9208,#9209,#9210,#9218));
#9200 = ORIENTED_EDGE('',*,*,#9201,.F.);
#9201 = EDGE_CURVE('',#7567,#9202,#9204,.T.);
#9202 = VERTEX_POINT('',#9203);
#9203 = CARTESIAN_POINT('',(41.,-51.,32.5));
#9204 = LINE('',#9205,#9206);
#9205 = CARTESIAN_POINT('',(43.,-51.,32.5));
#9206 = VECTOR('',#9207,1.);
#9207 = DIRECTION('',(-1.,-0.,-0.));
#9208 = ORIENTED_EDGE('',*,*,#7575,.T.);
#9209 = ORIENTED_EDGE('',*,*,#7408,.T.);
#9210 = ORIENTED_EDGE('',*,*,#9211,.T.);
#9211 = EDGE_CURVE('',#7409,#9212,#9214,.T.);
#9212 = VERTEX_POINT('',#9213);
#9213 = CARTESIAN_POINT('',(40.,-50.,32.5));
#9214 = LINE('',#9215,#9216);
#9215 = CARTESIAN_POINT('',(40.,-41.,32.5));
#9216 = VECTOR('',#9217,1.);
#9217 = DIRECTION('',(0.,-1.,2.2E-16));
#9218 = ORIENTED_EDGE('',*,*,#9219,.T.);
#9219 = EDGE_CURVE('',#9212,#9202,#9220,.T.);
#9220 = CIRCLE('',#9221,1.);
#9221 = AXIS2_PLACEMENT_3D('',#9222,#9223,#9224);
#9222 = CARTESIAN_POINT('',(41.,-50.,32.5));
#9223 = DIRECTION('',(-0.,0.,1.));
#9224 = DIRECTION('',(0.,-1.,0.));
#9225 = PLANE('',#9226);
#9226 = AXIS2_PLACEMENT_3D('',#9227,#9228,#9229);
#9227 = CARTESIAN_POINT('',(26.5,-54.5,32.5));
#9228 = DIRECTION('',(0.,0.,1.));
#9229 = DIRECTION('',(1.,0.,0.));
#9230 = ADVANCED_FACE('',(#9231,#9258),#9269,.T.);
#9231 = FACE_BOUND('',#9232,.T.);
#9232 = EDGE_LOOP('',(#9233,#9241,#9242,#9243,#9251));
#9233 = ORIENTED_EDGE('',*,*,#9234,.F.);
#9234 = EDGE_CURVE('',#7432,#9235,#9237,.T.);
#9235 = VERTEX_POINT('',#9236);
#9236 = CARTESIAN_POINT('',(33.5,-46.75,32.5));
#9237 = LINE('',#9238,#9239);
#9238 = CARTESIAN_POINT('',(33.5,-41.,32.5));
#9239 = VECTOR('',#9240,1.);
#9240 = DIRECTION('',(0.,-1.,2.2E-16));
#9241 = ORIENTED_EDGE('',*,*,#7450,.T.);
#9242 = ORIENTED_EDGE('',*,*,#7685,.T.);
#9243 = ORIENTED_EDGE('',*,*,#9244,.T.);
#9244 = EDGE_CURVE('',#7686,#9245,#9247,.T.);
#9245 = VERTEX_POINT('',#9246);
#9246 = CARTESIAN_POINT('',(32.5,-47.75,32.5));
#9247 = LINE('',#9248,#9249);
#9248 = CARTESIAN_POINT('',(10.,-47.75,32.5));
#9249 = VECTOR('',#9250,1.);
#9250 = DIRECTION('',(1.,0.,0.));
#9251 = ORIENTED_EDGE('',*,*,#9252,.T.);
#9252 = EDGE_CURVE('',#9245,#9235,#9253,.T.);
#9253 = CIRCLE('',#9254,1.);
#9254 = AXIS2_PLACEMENT_3D('',#9255,#9256,#9257);
#9255 = CARTESIAN_POINT('',(32.5,-46.75,32.5));
#9256 = DIRECTION('',(-0.,0.,1.));
#9257 = DIRECTION('',(0.,-1.,0.));
#9258 = FACE_BOUND('',#9259,.T.);
#9259 = EDGE_LOOP('',(#9260));
#9260 = ORIENTED_EDGE('',*,*,#9261,.F.);
#9261 = EDGE_CURVE('',#9262,#9262,#9264,.T.);
#9262 = VERTEX_POINT('',#9263);
#9263 = CARTESIAN_POINT('',(28.32,-44.375,32.5));
#9264 = CIRCLE('',#9265,1.82);
#9265 = AXIS2_PLACEMENT_3D('',#9266,#9267,#9268);
#9266 = CARTESIAN_POINT('',(26.5,-44.375,32.5));
#9267 = DIRECTION('',(0.,0.,1.));
#9268 = DIRECTION('',(1.,0.,0.));
#9269 = PLANE('',#9270);
#9270 = AXIS2_PLACEMENT_3D('',#9271,#9272,#9273);
#9271 = CARTESIAN_POINT('',(26.5,-54.5,32.5));
#9272 = DIRECTION('',(0.,0.,1.));
#9273 = DIRECTION('',(1.,0.,0.));
#9274 = ADVANCED_FACE('',(#9275),#9360,.T.);
#9275 = FACE_BOUND('',#9276,.T.);
#9276 = EDGE_LOOP('',(#9277,#9278,#9279,#9287,#9314,#9322,#9330,#9336,
    #9337,#9345,#9354));
#9277 = ORIENTED_EDGE('',*,*,#9211,.F.);
#9278 = ORIENTED_EDGE('',*,*,#7473,.F.);
#9279 = ORIENTED_EDGE('',*,*,#9280,.T.);
#9280 = EDGE_CURVE('',#7465,#9281,#9283,.T.);
#9281 = VERTEX_POINT('',#9282);
#9282 = CARTESIAN_POINT('',(40.,-46.75,25.25));
#9283 = LINE('',#9284,#9285);
#9284 = CARTESIAN_POINT('',(40.,-41.,25.25));
#9285 = VECTOR('',#9286,1.);
#9286 = DIRECTION('',(0.,-1.,2.2E-16));
#9287 = ORIENTED_EDGE('',*,*,#9288,.F.);
#9288 = EDGE_CURVE('',#9289,#9281,#9291,.T.);
#9289 = VERTEX_POINT('',#9290);
#9290 = CARTESIAN_POINT('',(40.,-47.75,22.511387212474));
#9291 = B_SPLINE_CURVE_WITH_KNOTS('',6,(#9292,#9293,#9294,#9295,#9296,
    #9297,#9298,#9299,#9300,#9301,#9302,#9303,#9304,#9305,#9306,#9307,
    #9308,#9309,#9310,#9311,#9312,#9313),.UNSPECIFIED.,.F.,.F.,(7,5,5,5,
    7),(0.,0.242508247813,0.517605175958,0.818110090733,1.),
  .UNSPECIFIED.);
#9292 = CARTESIAN_POINT('',(40.,-47.75,22.511387212474));
#9293 = CARTESIAN_POINT('',(40.,-47.75,22.625204849413));
#9294 = CARTESIAN_POINT('',(40.,-47.74354532262,22.74166802076));
#9295 = CARTESIAN_POINT('',(40.,-47.73077821263,22.859621099513));
#9296 = CARTESIAN_POINT('',(40.,-47.71217529014,22.978095827951));
#9297 = CARTESIAN_POINT('',(40.,-47.68832724028,23.096415414235));
#9298 = CARTESIAN_POINT('',(40.,-47.62748634577,23.347675086001));
#9299 = CARTESIAN_POINT('',(40.,-47.58916163206,23.480427558875));
#9300 = CARTESIAN_POINT('',(40.,-47.54570372107,23.611775439013));
#9301 = CARTESIAN_POINT('',(40.,-47.49797825114,23.741402270137));
#9302 = CARTESIAN_POINT('',(40.,-47.44673658094,23.869204531109));
#9303 = CARTESIAN_POINT('',(40.,-47.33350067681,24.132894492584));
#9304 = CARTESIAN_POINT('',(40.,-47.27096151202,24.268412646089));
#9305 = CARTESIAN_POINT('',(40.,-47.20583935582,24.401838272223));
#9306 = CARTESIAN_POINT('',(40.,-47.13885246989,24.533338109526));
#9307 = CARTESIAN_POINT('',(40.,-47.07061844625,24.66312491347));
#9308 = CARTESIAN_POINT('',(40.,-46.9599675599,24.869085507373));
#9309 = CARTESIAN_POINT('',(40.,-46.91799386025,24.946195315305));
#9310 = CARTESIAN_POINT('',(40.,-46.8758922137,25.022803415831));
#9311 = CARTESIAN_POINT('',(40.,-46.83378189746,25.098952014746));
#9312 = CARTESIAN_POINT('',(40.,-46.7917793139,25.174675899956));
#9313 = CARTESIAN_POINT('',(40.,-46.75,25.25));
#9314 = ORIENTED_EDGE('',*,*,#9315,.T.);
#9315 = EDGE_CURVE('',#9289,#9316,#9318,.T.);
#9316 = VERTEX_POINT('',#9317);
#9317 = CARTESIAN_POINT('',(40.,-47.75,18.));
#9318 = LINE('',#9319,#9320);
#9319 = CARTESIAN_POINT('',(40.,-47.75,32.5));
#9320 = VECTOR('',#9321,1.);
#9321 = DIRECTION('',(-0.,-0.,-1.));
#9322 = ORIENTED_EDGE('',*,*,#9323,.F.);
#9323 = EDGE_CURVE('',#9324,#9316,#9326,.T.);
#9324 = VERTEX_POINT('',#9325);
#9325 = CARTESIAN_POINT('',(40.,-61.25,18.));
#9326 = LINE('',#9327,#9328);
#9327 = CARTESIAN_POINT('',(40.,-61.25,18.));
#9328 = VECTOR('',#9329,1.);
#9329 = DIRECTION('',(0.,1.,0.));
#9330 = ORIENTED_EDGE('',*,*,#9331,.F.);
#9331 = EDGE_CURVE('',#7871,#9324,#9332,.T.);
#9332 = LINE('',#9333,#9334);
#9333 = CARTESIAN_POINT('',(40.,-61.25,32.5));
#9334 = VECTOR('',#9335,1.);
#9335 = DIRECTION('',(-0.,-0.,-1.));
#9336 = ORIENTED_EDGE('',*,*,#7870,.T.);
#9337 = ORIENTED_EDGE('',*,*,#9338,.T.);
#9338 = EDGE_CURVE('',#7862,#9339,#9341,.T.);
#9339 = VERTEX_POINT('',#9340);
#9340 = CARTESIAN_POINT('',(40.,-59.,25.25));
#9341 = LINE('',#9342,#9343);
#9342 = CARTESIAN_POINT('',(40.,-59.,32.5));
#9343 = VECTOR('',#9344,1.);
#9344 = DIRECTION('',(0.,0.,-1.));
#9345 = ORIENTED_EDGE('',*,*,#9346,.T.);
#9346 = EDGE_CURVE('',#9339,#9347,#9349,.T.);
#9347 = VERTEX_POINT('',#9348);
#9348 = CARTESIAN_POINT('',(40.,-50.,25.25));
#9349 = CIRCLE('',#9350,4.5);
#9350 = AXIS2_PLACEMENT_3D('',#9351,#9352,#9353);
#9351 = CARTESIAN_POINT('',(40.,-54.5,25.25));
#9352 = DIRECTION('',(1.,-5.7E-16,0.));
#9353 = DIRECTION('',(-5.7E-16,-1.,-6.192E-14));
#9354 = ORIENTED_EDGE('',*,*,#9355,.T.);
#9355 = EDGE_CURVE('',#9347,#9212,#9356,.T.);
#9356 = LINE('',#9357,#9358);
#9357 = CARTESIAN_POINT('',(40.,-50.,25.25));
#9358 = VECTOR('',#9359,1.);
#9359 = DIRECTION('',(0.,0.,1.));
#9360 = PLANE('',#9361);
#9361 = AXIS2_PLACEMENT_3D('',#9362,#9363,#9364);
#9362 = CARTESIAN_POINT('',(40.,-52.37857142857,25.58751288694));
#9363 = DIRECTION('',(-1.,5.7E-16,0.));
#9364 = DIRECTION('',(-5.7E-16,-1.,0.));
#9365 = ADVANCED_FACE('',(#9366),#9384,.T.);
#9366 = FACE_BOUND('',#9367,.T.);
#9367 = EDGE_LOOP('',(#9368,#9376,#9377,#9378));
#9368 = ORIENTED_EDGE('',*,*,#9369,.F.);
#9369 = EDGE_CURVE('',#7491,#9370,#9372,.T.);
#9370 = VERTEX_POINT('',#9371);
#9371 = CARTESIAN_POINT('',(33.5,-46.75,25.25));
#9372 = LINE('',#9373,#9374);
#9373 = CARTESIAN_POINT('',(33.5,-41.,25.25));
#9374 = VECTOR('',#9375,1.);
#9375 = DIRECTION('',(0.,-1.,2.2E-16));
#9376 = ORIENTED_EDGE('',*,*,#7490,.F.);
#9377 = ORIENTED_EDGE('',*,*,#9234,.T.);
#9378 = ORIENTED_EDGE('',*,*,#9379,.F.);
#9379 = EDGE_CURVE('',#9370,#9235,#9380,.T.);
#9380 = LINE('',#9381,#9382);
#9381 = CARTESIAN_POINT('',(33.5,-46.75,25.25));
#9382 = VECTOR('',#9383,1.);
#9383 = DIRECTION('',(0.,0.,1.));
#9384 = PLANE('',#9385);
#9385 = AXIS2_PLACEMENT_3D('',#9386,#9387,#9388);
#9386 = CARTESIAN_POINT('',(33.5,-41.,32.5));
#9387 = DIRECTION('',(1.,0.,0.));
#9388 = DIRECTION('',(0.,-2.2E-16,-1.));
#9389 = ADVANCED_FACE('',(#9390),#9413,.F.);
#9390 = FACE_BOUND('',#9391,.F.);
#9391 = EDGE_LOOP('',(#9392,#9393,#9394,#9395,#9406));
#9392 = ORIENTED_EDGE('',*,*,#9369,.F.);
#9393 = ORIENTED_EDGE('',*,*,#7517,.T.);
#9394 = ORIENTED_EDGE('',*,*,#9280,.T.);
#9395 = ORIENTED_EDGE('',*,*,#9396,.T.);
#9396 = EDGE_CURVE('',#9281,#9397,#9399,.T.);
#9397 = VERTEX_POINT('',#9398);
#9398 = CARTESIAN_POINT('',(39.235294117647,-46.75,23.155766691892));
#9399 = ( BOUNDED_CURVE() B_SPLINE_CURVE(5,(#9400,#9401,#9402,#9403,
#9404,#9405),.UNSPECIFIED.,.F.,.F.) B_SPLINE_CURVE_WITH_KNOTS((6,6),(
-8.38E-13,2.275687555486),.PIECEWISE_BEZIER_KNOTS.) CURVE() 
GEOMETRIC_REPRESENTATION_ITEM() RATIONAL_B_SPLINE_CURVE((1.,1.,1.,1.,1.,
1.)) REPRESENTATION_ITEM('') );
#9400 = CARTESIAN_POINT('',(40.,-46.75,25.25));
#9401 = CARTESIAN_POINT('',(40.,-46.75,24.794862505475));
#9402 = CARTESIAN_POINT('',(39.920338180292,-46.75,24.339720577673));
#9403 = CARTESIAN_POINT('',(39.760941338708,-46.75,23.903194967317));
#9404 = CARTESIAN_POINT('',(39.528575379414,-46.75,23.503813011213));
#9405 = CARTESIAN_POINT('',(39.235294117647,-46.75,23.155766691892));
#9406 = ORIENTED_EDGE('',*,*,#9407,.T.);
#9407 = EDGE_CURVE('',#9397,#9370,#9408,.T.);
#9408 = CIRCLE('',#9409,3.25);
#9409 = AXIS2_PLACEMENT_3D('',#9410,#9411,#9412);
#9410 = CARTESIAN_POINT('',(36.75,-46.75,25.25));
#9411 = DIRECTION('',(-0.,1.,0.));
#9412 = DIRECTION('',(1.,0.,0.));
#9413 = CYLINDRICAL_SURFACE('',#9414,3.25);
#9414 = AXIS2_PLACEMENT_3D('',#9415,#9416,#9417);
#9415 = CARTESIAN_POINT('',(36.75,-41.,25.25));
#9416 = DIRECTION('',(0.,1.,-2.2E-16));
#9417 = DIRECTION('',(-1.,0.,0.));
#9418 = ADVANCED_FACE('',(#9419),#9437,.T.);
#9419 = FACE_BOUND('',#9420,.T.);
#9420 = EDGE_LOOP('',(#9421,#9429,#9430,#9431));
#9421 = ORIENTED_EDGE('',*,*,#9422,.F.);
#9422 = EDGE_CURVE('',#7593,#9423,#9425,.T.);
#9423 = VERTEX_POINT('',#9424);
#9424 = CARTESIAN_POINT('',(41.,-51.,25.25));
#9425 = LINE('',#9426,#9427);
#9426 = CARTESIAN_POINT('',(43.,-51.,25.25));
#9427 = VECTOR('',#9428,1.);
#9428 = DIRECTION('',(-1.,-0.,-0.));
#9429 = ORIENTED_EDGE('',*,*,#7592,.F.);
#9430 = ORIENTED_EDGE('',*,*,#9201,.T.);
#9431 = ORIENTED_EDGE('',*,*,#9432,.F.);
#9432 = EDGE_CURVE('',#9423,#9202,#9433,.T.);
#9433 = LINE('',#9434,#9435);
#9434 = CARTESIAN_POINT('',(41.,-51.,25.25));
#9435 = VECTOR('',#9436,1.);
#9436 = DIRECTION('',(0.,0.,1.));
#9437 = PLANE('',#9438);
#9438 = AXIS2_PLACEMENT_3D('',#9439,#9440,#9441);
#9439 = CARTESIAN_POINT('',(43.,-51.,32.5));
#9440 = DIRECTION('',(0.,-1.,0.));
#9441 = DIRECTION('',(0.,0.,-1.));
#9442 = ADVANCED_FACE('',(#9443),#9462,.F.);
#9443 = FACE_BOUND('',#9444,.F.);
#9444 = EDGE_LOOP('',(#9445,#9446,#9447,#9455));
#9445 = ORIENTED_EDGE('',*,*,#9422,.F.);
#9446 = ORIENTED_EDGE('',*,*,#7652,.T.);
#9447 = ORIENTED_EDGE('',*,*,#9448,.T.);
#9448 = EDGE_CURVE('',#7644,#9449,#9451,.T.);
#9449 = VERTEX_POINT('',#9450);
#9450 = CARTESIAN_POINT('',(41.,-58.,25.25));
#9451 = LINE('',#9452,#9453);
#9452 = CARTESIAN_POINT('',(43.,-58.,25.25));
#9453 = VECTOR('',#9454,1.);
#9454 = DIRECTION('',(-1.,-0.,-0.));
#9455 = ORIENTED_EDGE('',*,*,#9456,.T.);
#9456 = EDGE_CURVE('',#9449,#9423,#9457,.T.);
#9457 = CIRCLE('',#9458,3.5);
#9458 = AXIS2_PLACEMENT_3D('',#9459,#9460,#9461);
#9459 = CARTESIAN_POINT('',(41.,-54.5,25.25));
#9460 = DIRECTION('',(1.,-5.7E-16,0.));
#9461 = DIRECTION('',(-5.7E-16,-1.,-6.192E-14));
#9462 = CYLINDRICAL_SURFACE('',#9463,3.5);
#9463 = AXIS2_PLACEMENT_3D('',#9464,#9465,#9466);
#9464 = CARTESIAN_POINT('',(43.,-54.5,25.25));
#9465 = DIRECTION('',(1.,0.,0.));
#9466 = DIRECTION('',(0.,1.,0.));
#9467 = ADVANCED_FACE('',(#9468),#9479,.T.);
#9468 = FACE_BOUND('',#9469,.T.);
#9469 = EDGE_LOOP('',(#9470,#9471,#9472,#9473));
#9470 = ORIENTED_EDGE('',*,*,#7853,.F.);
#9471 = ORIENTED_EDGE('',*,*,#7668,.F.);
#9472 = ORIENTED_EDGE('',*,*,#9448,.T.);
#9473 = ORIENTED_EDGE('',*,*,#9474,.F.);
#9474 = EDGE_CURVE('',#7854,#9449,#9475,.T.);
#9475 = LINE('',#9476,#9477);
#9476 = CARTESIAN_POINT('',(41.,-58.,32.5));
#9477 = VECTOR('',#9478,1.);
#9478 = DIRECTION('',(0.,0.,-1.));
#9479 = PLANE('',#9480);
#9480 = AXIS2_PLACEMENT_3D('',#9481,#9482,#9483);
#9481 = CARTESIAN_POINT('',(43.,-58.,25.25));
#9482 = DIRECTION('',(0.,1.,0.));
#9483 = DIRECTION('',(0.,0.,1.));
#9484 = ADVANCED_FACE('',(#9485),#9527,.T.);
#9485 = FACE_BOUND('',#9486,.T.);
#9486 = EDGE_LOOP('',(#9487,#9488,#9489,#9497,#9505,#9511,#9512,#9521));
#9487 = ORIENTED_EDGE('',*,*,#9244,.F.);
#9488 = ORIENTED_EDGE('',*,*,#7718,.F.);
#9489 = ORIENTED_EDGE('',*,*,#9490,.T.);
#9490 = EDGE_CURVE('',#7710,#9491,#9493,.T.);
#9491 = VERTEX_POINT('',#9492);
#9492 = CARTESIAN_POINT('',(14.,-47.75,25.25));
#9493 = LINE('',#9494,#9495);
#9494 = CARTESIAN_POINT('',(10.,-47.75,25.25));
#9495 = VECTOR('',#9496,1.);
#9496 = DIRECTION('',(1.,0.,0.));
#9497 = ORIENTED_EDGE('',*,*,#9498,.T.);
#9498 = EDGE_CURVE('',#9491,#9499,#9501,.T.);
#9499 = VERTEX_POINT('',#9500);
#9500 = CARTESIAN_POINT('',(14.,-47.75,18.));
#9501 = LINE('',#9502,#9503);
#9502 = CARTESIAN_POINT('',(14.,-47.75,32.5));
#9503 = VECTOR('',#9504,1.);
#9504 = DIRECTION('',(-0.,-0.,-1.));
#9505 = ORIENTED_EDGE('',*,*,#9506,.F.);
#9506 = EDGE_CURVE('',#9316,#9499,#9507,.T.);
#9507 = LINE('',#9508,#9509);
#9508 = CARTESIAN_POINT('',(40.,-47.75,18.));
#9509 = VECTOR('',#9510,1.);
#9510 = DIRECTION('',(-1.,0.,0.));
#9511 = ORIENTED_EDGE('',*,*,#9315,.F.);
#9512 = ORIENTED_EDGE('',*,*,#9513,.T.);
#9513 = EDGE_CURVE('',#9289,#9514,#9516,.T.);
#9514 = VERTEX_POINT('',#9515);
#9515 = CARTESIAN_POINT('',(32.5,-47.75,25.25));
#9516 = CIRCLE('',#9517,4.25);
#9517 = AXIS2_PLACEMENT_3D('',#9518,#9519,#9520);
#9518 = CARTESIAN_POINT('',(36.75,-47.75,25.25));
#9519 = DIRECTION('',(-0.,1.,0.));
#9520 = DIRECTION('',(1.,0.,0.));
#9521 = ORIENTED_EDGE('',*,*,#9522,.T.);
#9522 = EDGE_CURVE('',#9514,#9245,#9523,.T.);
#9523 = LINE('',#9524,#9525);
#9524 = CARTESIAN_POINT('',(32.5,-47.75,25.25));
#9525 = VECTOR('',#9526,1.);
#9526 = DIRECTION('',(0.,0.,1.));
#9527 = PLANE('',#9528);
#9528 = AXIS2_PLACEMENT_3D('',#9529,#9530,#9531);
#9529 = CARTESIAN_POINT('',(25.217479674797,-47.75,24.855205564716));
#9530 = DIRECTION('',(-0.,-1.,-0.));
#9531 = DIRECTION('',(0.,0.,-1.));
#9532 = ADVANCED_FACE('',(#9533),#9552,.F.);
#9533 = FACE_BOUND('',#9534,.F.);
#9534 = EDGE_LOOP('',(#9535,#9543,#9544,#9545));
#9535 = ORIENTED_EDGE('',*,*,#9536,.F.);
#9536 = EDGE_CURVE('',#7760,#9537,#9539,.T.);
#9537 = VERTEX_POINT('',#9538);
#9538 = CARTESIAN_POINT('',(14.,-50.25,22.75));
#9539 = LINE('',#9540,#9541);
#9540 = CARTESIAN_POINT('',(10.,-50.25,22.75));
#9541 = VECTOR('',#9542,1.);
#9542 = DIRECTION('',(1.,0.,0.));
#9543 = ORIENTED_EDGE('',*,*,#7770,.T.);
#9544 = ORIENTED_EDGE('',*,*,#9490,.T.);
#9545 = ORIENTED_EDGE('',*,*,#9546,.T.);
#9546 = EDGE_CURVE('',#9491,#9537,#9547,.T.);
#9547 = CIRCLE('',#9548,2.5);
#9548 = AXIS2_PLACEMENT_3D('',#9549,#9550,#9551);
#9549 = CARTESIAN_POINT('',(14.,-50.25,25.25));
#9550 = DIRECTION('',(-1.,0.,0.));
#9551 = DIRECTION('',(0.,-1.,0.));
#9552 = CYLINDRICAL_SURFACE('',#9553,2.5);
#9553 = AXIS2_PLACEMENT_3D('',#9554,#9555,#9556);
#9554 = CARTESIAN_POINT('',(10.,-50.25,25.25));
#9555 = DIRECTION('',(-1.,0.,0.));
#9556 = DIRECTION('',(0.,-1.,0.));
#9557 = ADVANCED_FACE('',(#9558),#9576,.T.);
#9558 = FACE_BOUND('',#9559,.T.);
#9559 = EDGE_LOOP('',(#9560,#9568,#9569,#9570));
#9560 = ORIENTED_EDGE('',*,*,#9561,.F.);
#9561 = EDGE_CURVE('',#7787,#9562,#9564,.T.);
#9562 = VERTEX_POINT('',#9563);
#9563 = CARTESIAN_POINT('',(14.,-57.,25.25));
#9564 = LINE('',#9565,#9566);
#9565 = CARTESIAN_POINT('',(10.,-57.,25.25));
#9566 = VECTOR('',#9567,1.);
#9567 = DIRECTION('',(1.,0.,0.));
#9568 = ORIENTED_EDGE('',*,*,#7786,.F.);
#9569 = ORIENTED_EDGE('',*,*,#8037,.T.);
#9570 = ORIENTED_EDGE('',*,*,#9571,.F.);
#9571 = EDGE_CURVE('',#9562,#8030,#9572,.T.);
#9572 = LINE('',#9573,#9574);
#9573 = CARTESIAN_POINT('',(14.,-57.,32.5));
#9574 = VECTOR('',#9575,1.);
#9575 = DIRECTION('',(0.,0.,1.));
#9576 = PLANE('',#9577);
#9577 = AXIS2_PLACEMENT_3D('',#9578,#9579,#9580);
#9578 = CARTESIAN_POINT('',(10.,-57.,32.5));
#9579 = DIRECTION('',(0.,1.,0.));
#9580 = DIRECTION('',(0.,0.,-1.));
#9581 = ADVANCED_FACE('',(#9582),#9600,.F.);
#9582 = FACE_BOUND('',#9583,.F.);
#9583 = EDGE_LOOP('',(#9584,#9592,#9593,#9594));
#9584 = ORIENTED_EDGE('',*,*,#9585,.F.);
#9585 = EDGE_CURVE('',#7811,#9586,#9588,.T.);
#9586 = VERTEX_POINT('',#9587);
#9587 = CARTESIAN_POINT('',(14.,-54.5,22.75));
#9588 = LINE('',#9589,#9590);
#9589 = CARTESIAN_POINT('',(10.,-54.5,22.75));
#9590 = VECTOR('',#9591,1.);
#9591 = DIRECTION('',(1.,0.,0.));
#9592 = ORIENTED_EDGE('',*,*,#7819,.T.);
#9593 = ORIENTED_EDGE('',*,*,#9536,.T.);
#9594 = ORIENTED_EDGE('',*,*,#9595,.F.);
#9595 = EDGE_CURVE('',#9586,#9537,#9596,.T.);
#9596 = LINE('',#9597,#9598);
#9597 = CARTESIAN_POINT('',(14.,-49.,22.75));
#9598 = VECTOR('',#9599,1.);
#9599 = DIRECTION('',(0.,1.,0.));
#9600 = PLANE('',#9601);
#9601 = AXIS2_PLACEMENT_3D('',#9602,#9603,#9604);
#9602 = CARTESIAN_POINT('',(10.,-50.25,22.75));
#9603 = DIRECTION('',(0.,0.,-1.));
#9604 = DIRECTION('',(0.,-1.,0.));
#9605 = ADVANCED_FACE('',(#9606),#9618,.F.);
#9606 = FACE_BOUND('',#9607,.F.);
#9607 = EDGE_LOOP('',(#9608,#9609,#9610,#9611));
#9608 = ORIENTED_EDGE('',*,*,#9561,.F.);
#9609 = ORIENTED_EDGE('',*,*,#7838,.T.);
#9610 = ORIENTED_EDGE('',*,*,#9585,.T.);
#9611 = ORIENTED_EDGE('',*,*,#9612,.T.);
#9612 = EDGE_CURVE('',#9586,#9562,#9613,.T.);
#9613 = CIRCLE('',#9614,2.5);
#9614 = AXIS2_PLACEMENT_3D('',#9615,#9616,#9617);
#9615 = CARTESIAN_POINT('',(14.,-54.5,25.25));
#9616 = DIRECTION('',(-1.,0.,0.));
#9617 = DIRECTION('',(0.,-1.,0.));
#9618 = CYLINDRICAL_SURFACE('',#9619,2.5);
#9619 = AXIS2_PLACEMENT_3D('',#9620,#9621,#9622);
#9620 = CARTESIAN_POINT('',(10.,-54.5,25.25));
#9621 = DIRECTION('',(-1.,0.,0.));
#9622 = DIRECTION('',(0.,-1.,0.));
#9623 = ADVANCED_FACE('',(#9624),#9636,.T.);
#9624 = FACE_BOUND('',#9625,.T.);
#9625 = EDGE_LOOP('',(#9626,#9627,#9628,#9635));
#9626 = ORIENTED_EDGE('',*,*,#7861,.T.);
#9627 = ORIENTED_EDGE('',*,*,#9474,.T.);
#9628 = ORIENTED_EDGE('',*,*,#9629,.F.);
#9629 = EDGE_CURVE('',#9339,#9449,#9630,.T.);
#9630 = CIRCLE('',#9631,1.);
#9631 = AXIS2_PLACEMENT_3D('',#9632,#9633,#9634);
#9632 = CARTESIAN_POINT('',(41.,-59.,25.25));
#9633 = DIRECTION('',(0.,0.,-1.));
#9634 = DIRECTION('',(-1.,5.7E-16,0.));
#9635 = ORIENTED_EDGE('',*,*,#9338,.F.);
#9636 = CYLINDRICAL_SURFACE('',#9637,1.);
#9637 = AXIS2_PLACEMENT_3D('',#9638,#9639,#9640);
#9638 = CARTESIAN_POINT('',(41.,-59.,32.5));
#9639 = DIRECTION('',(0.,0.,-1.));
#9640 = DIRECTION('',(-1.,5.7E-16,0.));
#9641 = ADVANCED_FACE('',(#9642),#9683,.T.);
#9642 = FACE_BOUND('',#9643,.T.);
#9643 = EDGE_LOOP('',(#9644,#9645,#9653,#9661,#9667,#9668,#9669,#9677));
#9644 = ORIENTED_EDGE('',*,*,#8021,.T.);
#9645 = ORIENTED_EDGE('',*,*,#9646,.T.);
#9646 = EDGE_CURVE('',#8013,#9647,#9649,.T.);
#9647 = VERTEX_POINT('',#9648);
#9648 = CARTESIAN_POINT('',(24.125,-61.24999999999,35.5));
#9649 = LINE('',#9650,#9651);
#9650 = CARTESIAN_POINT('',(24.125,-61.24999999999,32.5));
#9651 = VECTOR('',#9652,1.);
#9652 = DIRECTION('',(0.,0.,1.));
#9653 = ORIENTED_EDGE('',*,*,#9654,.F.);
#9654 = EDGE_CURVE('',#9655,#9647,#9657,.T.);
#9655 = VERTEX_POINT('',#9656);
#9656 = CARTESIAN_POINT('',(28.875,-61.24999999999,35.5));
#9657 = LINE('',#9658,#9659);
#9658 = CARTESIAN_POINT('',(29.875,-61.24999999999,35.5));
#9659 = VECTOR('',#9660,1.);
#9660 = DIRECTION('',(-1.,0.,0.));
#9661 = ORIENTED_EDGE('',*,*,#9662,.F.);
#9662 = EDGE_CURVE('',#7879,#9655,#9663,.T.);
#9663 = LINE('',#9664,#9665);
#9664 = CARTESIAN_POINT('',(28.875,-61.24999999999,32.5));
#9665 = VECTOR('',#9666,1.);
#9666 = DIRECTION('',(0.,0.,1.));
#9667 = ORIENTED_EDGE('',*,*,#7878,.T.);
#9668 = ORIENTED_EDGE('',*,*,#9331,.T.);
#9669 = ORIENTED_EDGE('',*,*,#9670,.F.);
#9670 = EDGE_CURVE('',#9671,#9324,#9673,.T.);
#9671 = VERTEX_POINT('',#9672);
#9672 = CARTESIAN_POINT('',(14.,-61.25,18.));
#9673 = LINE('',#9674,#9675);
#9674 = CARTESIAN_POINT('',(14.,-61.25,18.));
#9675 = VECTOR('',#9676,1.);
#9676 = DIRECTION('',(1.,0.,0.));
#9677 = ORIENTED_EDGE('',*,*,#9678,.F.);
#9678 = EDGE_CURVE('',#8022,#9671,#9679,.T.);
#9679 = LINE('',#9680,#9681);
#9680 = CARTESIAN_POINT('',(14.,-61.25,32.5));
#9681 = VECTOR('',#9682,1.);
#9682 = DIRECTION('',(-0.,-0.,-1.));
#9683 = PLANE('',#9684);
#9684 = AXIS2_PLACEMENT_3D('',#9685,#9686,#9687);
#9685 = CARTESIAN_POINT('',(26.955056179775,-61.25,26.384831460674));
#9686 = DIRECTION('',(1.25E-15,1.,-6.269E-14));
#9687 = DIRECTION('',(0.,6.269E-14,1.));
#9688 = ADVANCED_FACE('',(#9689),#9701,.T.);
#9689 = FACE_BOUND('',#9690,.T.);
#9690 = EDGE_LOOP('',(#9691,#9692,#9693,#9700));
#9691 = ORIENTED_EDGE('',*,*,#7886,.T.);
#9692 = ORIENTED_EDGE('',*,*,#9662,.T.);
#9693 = ORIENTED_EDGE('',*,*,#9694,.F.);
#9694 = EDGE_CURVE('',#7924,#9655,#9695,.T.);
#9695 = CIRCLE('',#9696,1.);
#9696 = AXIS2_PLACEMENT_3D('',#9697,#9698,#9699);
#9697 = CARTESIAN_POINT('',(28.875,-62.24999999999,35.5));
#9698 = DIRECTION('',(0.,0.,1.));
#9699 = DIRECTION('',(1.,0.,0.));
#9700 = ORIENTED_EDGE('',*,*,#7931,.F.);
#9701 = CYLINDRICAL_SURFACE('',#9702,1.);
#9702 = AXIS2_PLACEMENT_3D('',#9703,#9704,#9705);
#9703 = CARTESIAN_POINT('',(28.875,-62.24999999999,32.5));
#9704 = DIRECTION('',(0.,0.,1.));
#9705 = DIRECTION('',(1.,0.,0.));
#9706 = ADVANCED_FACE('',(#9707),#9726,.F.);
#9707 = FACE_BOUND('',#9708,.T.);
#9708 = EDGE_LOOP('',(#9709,#9717,#9718,#9719));
#9709 = ORIENTED_EDGE('',*,*,#9710,.F.);
#9710 = EDGE_CURVE('',#7906,#9711,#9713,.T.);
#9711 = VERTEX_POINT('',#9712);
#9712 = CARTESIAN_POINT('',(38.82,-64.625,32.));
#9713 = LINE('',#9714,#9715);
#9714 = CARTESIAN_POINT('',(38.82,-64.625,32.));
#9715 = VECTOR('',#9716,1.);
#9716 = DIRECTION('',(-0.707106781187,-0.,-0.707106781187));
#9717 = ORIENTED_EDGE('',*,*,#7905,.T.);
#9718 = ORIENTED_EDGE('',*,*,#9710,.T.);
#9719 = ORIENTED_EDGE('',*,*,#9720,.F.);
#9720 = EDGE_CURVE('',#9711,#9711,#9721,.T.);
#9721 = CIRCLE('',#9722,1.32);
#9722 = AXIS2_PLACEMENT_3D('',#9723,#9724,#9725);
#9723 = CARTESIAN_POINT('',(37.5,-64.625,32.));
#9724 = DIRECTION('',(0.,0.,1.));
#9725 = DIRECTION('',(1.,0.,0.));
#9726 = CONICAL_SURFACE('',#9727,1.32,0.785398163397);
#9727 = AXIS2_PLACEMENT_3D('',#9728,#9729,#9730);
#9728 = CARTESIAN_POINT('',(37.5,-64.625,32.));
#9729 = DIRECTION('',(0.,0.,1.));
#9730 = DIRECTION('',(1.,0.,0.));
#9731 = ADVANCED_FACE('',(#9732),#9751,.T.);
#9732 = FACE_BOUND('',#9733,.F.);
#9733 = EDGE_LOOP('',(#9734,#9735,#9743,#9750));
#9734 = ORIENTED_EDGE('',*,*,#7956,.F.);
#9735 = ORIENTED_EDGE('',*,*,#9736,.T.);
#9736 = EDGE_CURVE('',#7957,#9737,#9739,.T.);
#9737 = VERTEX_POINT('',#9738);
#9738 = CARTESIAN_POINT('',(28.875,-62.24999999999,36.5));
#9739 = LINE('',#9740,#9741);
#9740 = CARTESIAN_POINT('',(28.875,-68.,36.5));
#9741 = VECTOR('',#9742,1.);
#9742 = DIRECTION('',(0.,1.,0.));
#9743 = ORIENTED_EDGE('',*,*,#9744,.T.);
#9744 = EDGE_CURVE('',#9737,#7924,#9745,.T.);
#9745 = CIRCLE('',#9746,1.);
#9746 = AXIS2_PLACEMENT_3D('',#9747,#9748,#9749);
#9747 = CARTESIAN_POINT('',(28.875,-62.24999999999,35.5));
#9748 = DIRECTION('',(-0.,1.,0.));
#9749 = DIRECTION('',(1.,0.,0.));
#9750 = ORIENTED_EDGE('',*,*,#7923,.F.);
#9751 = CYLINDRICAL_SURFACE('',#9752,1.);
#9752 = AXIS2_PLACEMENT_3D('',#9753,#9754,#9755);
#9753 = CARTESIAN_POINT('',(28.875,-68.,35.5));
#9754 = DIRECTION('',(0.,1.,0.));
#9755 = DIRECTION('',(1.,0.,0.));
#9756 = ADVANCED_FACE('',(#9757),#9776,.T.);
#9757 = FACE_BOUND('',#9758,.F.);
#9758 = EDGE_LOOP('',(#9759,#9768,#9774,#9775));
#9759 = ORIENTED_EDGE('',*,*,#9760,.F.);
#9760 = EDGE_CURVE('',#9761,#7989,#9763,.T.);
#9761 = VERTEX_POINT('',#9762);
#9762 = CARTESIAN_POINT('',(24.125,-62.24999999999,36.5));
#9763 = CIRCLE('',#9764,1.);
#9764 = AXIS2_PLACEMENT_3D('',#9765,#9766,#9767);
#9765 = CARTESIAN_POINT('',(24.125,-62.24999999999,35.5));
#9766 = DIRECTION('',(0.,-1.,0.));
#9767 = DIRECTION('',(-1.,0.,0.));
#9768 = ORIENTED_EDGE('',*,*,#9769,.T.);
#9769 = EDGE_CURVE('',#9761,#7947,#9770,.T.);
#9770 = LINE('',#9771,#9772);
#9771 = CARTESIAN_POINT('',(24.125,-61.24999999999,36.5));
#9772 = VECTOR('',#9773,1.);
#9773 = DIRECTION('',(0.,-1.,0.));
#9774 = ORIENTED_EDGE('',*,*,#7946,.F.);
#9775 = ORIENTED_EDGE('',*,*,#7996,.F.);
#9776 = CYLINDRICAL_SURFACE('',#9777,1.);
#9777 = AXIS2_PLACEMENT_3D('',#9778,#9779,#9780);
#9778 = CARTESIAN_POINT('',(24.125,-61.24999999999,35.5));
#9779 = DIRECTION('',(0.,-1.,0.));
#9780 = DIRECTION('',(-1.,0.,0.));
#9781 = ADVANCED_FACE('',(#9782),#9793,.T.);
#9782 = FACE_BOUND('',#9783,.T.);
#9783 = EDGE_LOOP('',(#9784,#9785,#9786,#9787));
#9784 = ORIENTED_EDGE('',*,*,#9769,.T.);
#9785 = ORIENTED_EDGE('',*,*,#7965,.T.);
#9786 = ORIENTED_EDGE('',*,*,#9736,.T.);
#9787 = ORIENTED_EDGE('',*,*,#9788,.T.);
#9788 = EDGE_CURVE('',#9737,#9761,#9789,.T.);
#9789 = LINE('',#9790,#9791);
#9790 = CARTESIAN_POINT('',(29.875,-62.24999999999,36.5));
#9791 = VECTOR('',#9792,1.);
#9792 = DIRECTION('',(-1.,0.,0.));
#9793 = PLANE('',#9794);
#9794 = AXIS2_PLACEMENT_3D('',#9795,#9796,#9797);
#9795 = CARTESIAN_POINT('',(26.5,-64.62499999999,36.5));
#9796 = DIRECTION('',(0.,0.,1.));
#9797 = DIRECTION('',(1.,0.,0.));
#9798 = ADVANCED_FACE('',(#9799),#9811,.T.);
#9799 = FACE_BOUND('',#9800,.F.);
#9800 = EDGE_LOOP('',(#9801,#9802,#9803,#9810));
#9801 = ORIENTED_EDGE('',*,*,#8012,.T.);
#9802 = ORIENTED_EDGE('',*,*,#9646,.T.);
#9803 = ORIENTED_EDGE('',*,*,#9804,.F.);
#9804 = EDGE_CURVE('',#7989,#9647,#9805,.T.);
#9805 = CIRCLE('',#9806,1.);
#9806 = AXIS2_PLACEMENT_3D('',#9807,#9808,#9809);
#9807 = CARTESIAN_POINT('',(24.125,-62.24999999999,35.5));
#9808 = DIRECTION('',(0.,0.,-1.));
#9809 = DIRECTION('',(-1.,0.,0.));
#9810 = ORIENTED_EDGE('',*,*,#7988,.F.);
#9811 = CYLINDRICAL_SURFACE('',#9812,1.);
#9812 = AXIS2_PLACEMENT_3D('',#9813,#9814,#9815);
#9813 = CARTESIAN_POINT('',(24.125,-62.24999999999,32.5));
#9814 = DIRECTION('',(0.,0.,1.));
#9815 = DIRECTION('',(-1.,0.,0.));
#9816 = ADVANCED_FACE('',(#9817),#9832,.F.);
#9817 = FACE_BOUND('',#9818,.F.);
#9818 = EDGE_LOOP('',(#9819,#9820,#9821,#9827,#9828,#9829,#9830,#9831));
#9819 = ORIENTED_EDGE('',*,*,#9546,.F.);
#9820 = ORIENTED_EDGE('',*,*,#9498,.T.);
#9821 = ORIENTED_EDGE('',*,*,#9822,.T.);
#9822 = EDGE_CURVE('',#9499,#9671,#9823,.T.);
#9823 = LINE('',#9824,#9825);
#9824 = CARTESIAN_POINT('',(14.,-47.75,18.));
#9825 = VECTOR('',#9826,1.);
#9826 = DIRECTION('',(0.,-1.,0.));
#9827 = ORIENTED_EDGE('',*,*,#9678,.F.);
#9828 = ORIENTED_EDGE('',*,*,#8029,.F.);
#9829 = ORIENTED_EDGE('',*,*,#9571,.F.);
#9830 = ORIENTED_EDGE('',*,*,#9612,.F.);
#9831 = ORIENTED_EDGE('',*,*,#9595,.T.);
#9832 = PLANE('',#9833);
#9833 = AXIS2_PLACEMENT_3D('',#9834,#9835,#9836);
#9834 = CARTESIAN_POINT('',(14.,-47.75,32.5));
#9835 = DIRECTION('',(-1.,0.,0.));
#9836 = DIRECTION('',(0.,-1.,0.));
#9837 = ADVANCED_FACE('',(#9838),#9857,.F.);
#9838 = FACE_BOUND('',#9839,.T.);
#9839 = EDGE_LOOP('',(#9840,#9848,#9849,#9850));
#9840 = ORIENTED_EDGE('',*,*,#9841,.F.);
#9841 = EDGE_CURVE('',#8047,#9842,#9844,.T.);
#9842 = VERTEX_POINT('',#9843);
#9843 = CARTESIAN_POINT('',(16.82,-64.625,32.));
#9844 = LINE('',#9845,#9846);
#9845 = CARTESIAN_POINT('',(16.82,-64.625,32.));
#9846 = VECTOR('',#9847,1.);
#9847 = DIRECTION('',(-0.707106781187,-0.,-0.707106781187));
#9848 = ORIENTED_EDGE('',*,*,#8046,.T.);
#9849 = ORIENTED_EDGE('',*,*,#9841,.T.);
#9850 = ORIENTED_EDGE('',*,*,#9851,.F.);
#9851 = EDGE_CURVE('',#9842,#9842,#9852,.T.);
#9852 = CIRCLE('',#9853,1.32);
#9853 = AXIS2_PLACEMENT_3D('',#9854,#9855,#9856);
#9854 = CARTESIAN_POINT('',(15.5,-64.625,32.));
#9855 = DIRECTION('',(0.,0.,1.));
#9856 = DIRECTION('',(1.,0.,0.));
#9857 = CONICAL_SURFACE('',#9858,1.32,0.785398163397);
#9858 = AXIS2_PLACEMENT_3D('',#9859,#9860,#9861);
#9859 = CARTESIAN_POINT('',(15.5,-64.625,32.));
#9860 = DIRECTION('',(0.,0.,1.));
#9861 = DIRECTION('',(1.,0.,0.));
#9862 = ADVANCED_FACE('',(#9863,#9866),#9877,.F.);
#9863 = FACE_BOUND('',#9864,.F.);
#9864 = EDGE_LOOP('',(#9865));
#9865 = ORIENTED_EDGE('',*,*,#8071,.F.);
#9866 = FACE_BOUND('',#9867,.F.);
#9867 = EDGE_LOOP('',(#9868));
#9868 = ORIENTED_EDGE('',*,*,#9869,.T.);
#9869 = EDGE_CURVE('',#9870,#9870,#9872,.T.);
#9870 = VERTEX_POINT('',#9871);
#9871 = CARTESIAN_POINT('',(17.32,-10.,2.));
#9872 = CIRCLE('',#9873,1.32);
#9873 = AXIS2_PLACEMENT_3D('',#9874,#9875,#9876);
#9874 = CARTESIAN_POINT('',(16.,-10.,2.));
#9875 = DIRECTION('',(0.,0.,-1.));
#9876 = DIRECTION('',(1.,0.,0.));
#9877 = PLANE('',#9878);
#9878 = AXIS2_PLACEMENT_3D('',#9879,#9880,#9881);
#9879 = CARTESIAN_POINT('',(50.,-55.,2.));
#9880 = DIRECTION('',(0.,0.,1.));
#9881 = DIRECTION('',(1.,0.,0.));
#9882 = ADVANCED_FACE('',(#9883,#9886),#9897,.F.);
#9883 = FACE_BOUND('',#9884,.F.);
#9884 = EDGE_LOOP('',(#9885));
#9885 = ORIENTED_EDGE('',*,*,#8096,.F.);
#9886 = FACE_BOUND('',#9887,.F.);
#9887 = EDGE_LOOP('',(#9888));
#9888 = ORIENTED_EDGE('',*,*,#9889,.T.);
#9889 = EDGE_CURVE('',#9890,#9890,#9892,.T.);
#9890 = VERTEX_POINT('',#9891);
#9891 = CARTESIAN_POINT('',(85.320000000001,-10.,2.));
#9892 = CIRCLE('',#9893,1.32);
#9893 = AXIS2_PLACEMENT_3D('',#9894,#9895,#9896);
#9894 = CARTESIAN_POINT('',(84.000000000001,-10.,2.));
#9895 = DIRECTION('',(0.,0.,-1.));
#9896 = DIRECTION('',(1.,0.,0.));
#9897 = PLANE('',#9898);
#9898 = AXIS2_PLACEMENT_3D('',#9899,#9900,#9901);
#9899 = CARTESIAN_POINT('',(50.,-55.,2.));
#9900 = DIRECTION('',(0.,0.,1.));
#9901 = DIRECTION('',(1.,0.,0.));
#9902 = ADVANCED_FACE('',(#9903,#9906),#9917,.F.);
#9903 = FACE_BOUND('',#9904,.F.);
#9904 = EDGE_LOOP('',(#9905));
#9905 = ORIENTED_EDGE('',*,*,#8121,.F.);
#9906 = FACE_BOUND('',#9907,.F.);
#9907 = EDGE_LOOP('',(#9908));
#9908 = ORIENTED_EDGE('',*,*,#9909,.T.);
#9909 = EDGE_CURVE('',#9910,#9910,#9912,.T.);
#9910 = VERTEX_POINT('',#9911);
#9911 = CARTESIAN_POINT('',(17.32,-100.,2.));
#9912 = CIRCLE('',#9913,1.32);
#9913 = AXIS2_PLACEMENT_3D('',#9914,#9915,#9916);
#9914 = CARTESIAN_POINT('',(16.,-100.,2.));
#9915 = DIRECTION('',(0.,0.,-1.));
#9916 = DIRECTION('',(1.,0.,0.));
#9917 = PLANE('',#9918);
#9918 = AXIS2_PLACEMENT_3D('',#9919,#9920,#9921);
#9919 = CARTESIAN_POINT('',(50.,-55.,2.));
#9920 = DIRECTION('',(0.,0.,1.));
#9921 = DIRECTION('',(1.,0.,0.));
#9922 = ADVANCED_FACE('',(#9923,#9926),#9937,.F.);
#9923 = FACE_BOUND('',#9924,.F.);
#9924 = EDGE_LOOP('',(#9925));
#9925 = ORIENTED_EDGE('',*,*,#8146,.F.);
#9926 = FACE_BOUND('',#9927,.F.);
#9927 = EDGE_LOOP('',(#9928));
#9928 = ORIENTED_EDGE('',*,*,#9929,.T.);
#9929 = EDGE_CURVE('',#9930,#9930,#9932,.T.);
#9930 = VERTEX_POINT('',#9931);
#9931 = CARTESIAN_POINT('',(85.320000000001,-100.,2.));
#9932 = CIRCLE('',#9933,1.32);
#9933 = AXIS2_PLACEMENT_3D('',#9934,#9935,#9936);
#9934 = CARTESIAN_POINT('',(84.000000000001,-100.,2.));
#9935 = DIRECTION('',(0.,0.,-1.));
#9936 = DIRECTION('',(1.,0.,0.));
#9937 = PLANE('',#9938);
#9938 = AXIS2_PLACEMENT_3D('',#9939,#9940,#9941);
#9939 = CARTESIAN_POINT('',(50.,-55.,2.));
#9940 = DIRECTION('',(0.,0.,1.));
#9941 = DIRECTION('',(1.,0.,0.));
#9942 = ADVANCED_FACE('',(#9943),#9962,.F.);
#9943 = FACE_BOUND('',#9944,.T.);
#9944 = EDGE_LOOP('',(#9945,#9953,#9954,#9955));
#9945 = ORIENTED_EDGE('',*,*,#9946,.F.);
#9946 = EDGE_CURVE('',#8164,#9947,#9949,.T.);
#9947 = VERTEX_POINT('',#9948);
#9948 = CARTESIAN_POINT('',(89.32,-100.5,11.5));
#9949 = LINE('',#9950,#9951);
#9950 = CARTESIAN_POINT('',(89.32,-100.5,11.5));
#9951 = VECTOR('',#9952,1.);
#9952 = DIRECTION('',(-0.707106781187,-0.,-0.707106781187));
#9953 = ORIENTED_EDGE('',*,*,#8163,.T.);
#9954 = ORIENTED_EDGE('',*,*,#9946,.T.);
#9955 = ORIENTED_EDGE('',*,*,#9956,.F.);
#9956 = EDGE_CURVE('',#9947,#9947,#9957,.T.);
#9957 = CIRCLE('',#9958,1.32);
#9958 = AXIS2_PLACEMENT_3D('',#9959,#9960,#9961);
#9959 = CARTESIAN_POINT('',(88.,-100.5,11.5));
#9960 = DIRECTION('',(0.,0.,1.));
#9961 = DIRECTION('',(1.,0.,0.));
#9962 = CONICAL_SURFACE('',#9963,1.32,0.785398163397);
#9963 = AXIS2_PLACEMENT_3D('',#9964,#9965,#9966);
#9964 = CARTESIAN_POINT('',(88.,-100.5,11.5));
#9965 = DIRECTION('',(0.,0.,1.));
#9966 = DIRECTION('',(1.,0.,0.));
#9967 = ADVANCED_FACE('',(#9968),#9979,.F.);
#9968 = FACE_BOUND('',#9969,.F.);
#9969 = EDGE_LOOP('',(#9970,#9971,#9977,#9978));
#9970 = ORIENTED_EDGE('',*,*,#8750,.T.);
#9971 = ORIENTED_EDGE('',*,*,#9972,.T.);
#9972 = EDGE_CURVE('',#8742,#8391,#9973,.T.);
#9973 = LINE('',#9974,#9975);
#9974 = CARTESIAN_POINT('',(59.52,-77.6,34.));
#9975 = VECTOR('',#9976,1.);
#9976 = DIRECTION('',(0.,1.,0.));
#9977 = ORIENTED_EDGE('',*,*,#8390,.F.);
#9978 = ORIENTED_EDGE('',*,*,#8192,.F.);
#9979 = PLANE('',#9980);
#9980 = AXIS2_PLACEMENT_3D('',#9981,#9982,#9983);
#9981 = CARTESIAN_POINT('',(59.52,-77.6,25.));
#9982 = DIRECTION('',(-1.,0.,0.));
#9983 = DIRECTION('',(0.,1.,0.));
#9984 = ADVANCED_FACE('',(#9985),#9996,.F.);
#9985 = FACE_BOUND('',#9986,.F.);
#9986 = EDGE_LOOP('',(#9987,#9988,#9994,#9995));
#9987 = ORIENTED_EDGE('',*,*,#8308,.T.);
#9988 = ORIENTED_EDGE('',*,*,#9989,.T.);
#9989 = EDGE_CURVE('',#8300,#8666,#9990,.T.);
#9990 = LINE('',#9991,#9992);
#9991 = CARTESIAN_POINT('',(88.5,-72.4,34.));
#9992 = VECTOR('',#9993,1.);
#9993 = DIRECTION('',(0.,-1.,0.));
#9994 = ORIENTED_EDGE('',*,*,#8665,.F.);
#9995 = ORIENTED_EDGE('',*,*,#8235,.F.);
#9996 = PLANE('',#9997);
#9997 = AXIS2_PLACEMENT_3D('',#9998,#9999,#10000);
#9998 = CARTESIAN_POINT('',(88.5,-72.4,25.));
#9999 = DIRECTION('',(1.,0.,0.));
#10000 = DIRECTION('',(0.,-1.,0.));
#10001 = ADVANCED_FACE('',(#10002),#10021,.F.);
#10002 = FACE_BOUND('',#10003,.F.);
#10003 = EDGE_LOOP('',(#10004,#10012,#10019,#10020));
#10004 = ORIENTED_EDGE('',*,*,#10005,.T.);
#10005 = EDGE_CURVE('',#8250,#10006,#10008,.T.);
#10006 = VERTEX_POINT('',#10007);
#10007 = CARTESIAN_POINT('',(92.570688373095,-65.,17.));
#10008 = LINE('',#10009,#10010);
#10009 = CARTESIAN_POINT('',(92.570688373095,-65.,25.));
#10010 = VECTOR('',#10011,1.);
#10011 = DIRECTION('',(-0.,-0.,-1.));
#10012 = ORIENTED_EDGE('',*,*,#10013,.T.);
#10013 = EDGE_CURVE('',#10006,#10006,#10014,.T.);
#10014 = CIRCLE('',#10015,1.32);
#10015 = AXIS2_PLACEMENT_3D('',#10016,#10017,#10018);
#10016 = CARTESIAN_POINT('',(91.250688373095,-65.,17.));
#10017 = DIRECTION('',(0.,0.,1.));
#10018 = DIRECTION('',(1.,0.,0.));
#10019 = ORIENTED_EDGE('',*,*,#10005,.F.);
#10020 = ORIENTED_EDGE('',*,*,#8259,.F.);
#10021 = CYLINDRICAL_SURFACE('',#10022,1.32);
#10022 = AXIS2_PLACEMENT_3D('',#10023,#10024,#10025);
#10023 = CARTESIAN_POINT('',(91.250688373095,-65.,25.));
#10024 = DIRECTION('',(0.,0.,1.));
#10025 = DIRECTION('',(1.,0.,0.));
#10026 = ADVANCED_FACE('',(#10027),#10039,.T.);
#10027 = FACE_BOUND('',#10028,.F.);
#10028 = EDGE_LOOP('',(#10029,#10030,#10031,#10032));
#10029 = ORIENTED_EDGE('',*,*,#8274,.F.);
#10030 = ORIENTED_EDGE('',*,*,#8507,.T.);
#10031 = ORIENTED_EDGE('',*,*,#8567,.T.);
#10032 = ORIENTED_EDGE('',*,*,#10033,.F.);
#10033 = EDGE_CURVE('',#8275,#8568,#10034,.T.);
#10034 = CIRCLE('',#10035,1.);
#10035 = AXIS2_PLACEMENT_3D('',#10036,#10037,#10038);
#10036 = CARTESIAN_POINT('',(90.4,-71.5,34.));
#10037 = DIRECTION('',(1.,0.,0.));
#10038 = DIRECTION('',(0.,1.,0.));
#10039 = CYLINDRICAL_SURFACE('',#10040,1.);
#10040 = AXIS2_PLACEMENT_3D('',#10041,#10042,#10043);
#10041 = CARTESIAN_POINT('',(94.,-71.5,34.));
#10042 = DIRECTION('',(-1.,0.,0.));
#10043 = DIRECTION('',(0.,1.,0.));
#10044 = ADVANCED_FACE('',(#10045),#10057,.T.);
#10045 = FACE_BOUND('',#10046,.T.);
#10046 = EDGE_LOOP('',(#10047,#10048,#10049,#10056));
#10047 = ORIENTED_EDGE('',*,*,#10033,.F.);
#10048 = ORIENTED_EDGE('',*,*,#8299,.T.);
#10049 = ORIENTED_EDGE('',*,*,#10050,.T.);
#10050 = EDGE_CURVE('',#8300,#8576,#10051,.T.);
#10051 = CIRCLE('',#10052,1.);
#10052 = AXIS2_PLACEMENT_3D('',#10053,#10054,#10055);
#10053 = CARTESIAN_POINT('',(89.5,-72.4,34.));
#10054 = DIRECTION('',(5.61E-15,1.,-0.));
#10055 = DIRECTION('',(-1.,5.61E-15,0.));
#10056 = ORIENTED_EDGE('',*,*,#8575,.F.);
#10057 = SURFACE_OF_REVOLUTION('',#10058,#10069);
#10058 = B_SPLINE_CURVE_WITH_KNOTS('',5,(#10059,#10060,#10061,#10062,
    #10063,#10064,#10065,#10066,#10067,#10068),.UNSPECIFIED.,.F.,.F.,(6,
    4,6),(0.,0.785398163397,1.570796326795),.UNSPECIFIED.);
#10059 = CARTESIAN_POINT('',(90.4,-70.5,34.));
#10060 = CARTESIAN_POINT('',(90.4,-70.5,34.157079632679));
#10061 = CARTESIAN_POINT('',(90.4,-70.53083559294,34.314161753982));
#10062 = CARTESIAN_POINT('',(90.4,-70.59255136905,34.463156817683));
#10063 = CARTESIAN_POINT('',(90.4,-70.68182114536,34.596034707733));
#10064 = CARTESIAN_POINT('',(90.4,-70.90396529226,34.81817885464));
#10065 = CARTESIAN_POINT('',(90.4,-71.03684318231,34.907448630943));
#10066 = CARTESIAN_POINT('',(90.4,-71.18583824601,34.969164407054));
#10067 = CARTESIAN_POINT('',(90.4,-71.34292036732,35.));
#10068 = CARTESIAN_POINT('',(90.4,-71.5,35.));
#10069 = AXIS1_PLACEMENT('',#10070,#10071);
#10070 = CARTESIAN_POINT('',(90.4,-72.4,34.));
#10071 = DIRECTION('',(0.,0.,1.));
#10072 = ADVANCED_FACE('',(#10073),#10092,.F.);
#10073 = FACE_BOUND('',#10074,.F.);
#10074 = EDGE_LOOP('',(#10075,#10083,#10090,#10091));
#10075 = ORIENTED_EDGE('',*,*,#10076,.T.);
#10076 = EDGE_CURVE('',#8342,#10077,#10079,.T.);
#10077 = VERTEX_POINT('',#10078);
#10078 = CARTESIAN_POINT('',(58.089311626897,-65.,17.));
#10079 = LINE('',#10080,#10081);
#10080 = CARTESIAN_POINT('',(58.089311626897,-65.,25.));
#10081 = VECTOR('',#10082,1.);
#10082 = DIRECTION('',(-0.,-0.,-1.));
#10083 = ORIENTED_EDGE('',*,*,#10084,.T.);
#10084 = EDGE_CURVE('',#10077,#10077,#10085,.T.);
#10085 = CIRCLE('',#10086,1.32);
#10086 = AXIS2_PLACEMENT_3D('',#10087,#10088,#10089);
#10087 = CARTESIAN_POINT('',(56.769311626897,-65.,17.));
#10088 = DIRECTION('',(0.,0.,1.));
#10089 = DIRECTION('',(1.,0.,0.));
#10090 = ORIENTED_EDGE('',*,*,#10076,.F.);
#10091 = ORIENTED_EDGE('',*,*,#8351,.F.);
#10092 = CYLINDRICAL_SURFACE('',#10093,1.32);
#10093 = AXIS2_PLACEMENT_3D('',#10094,#10095,#10096);
#10094 = CARTESIAN_POINT('',(56.769311626897,-65.,25.));
#10095 = DIRECTION('',(0.,0.,1.));
#10096 = DIRECTION('',(1.,0.,0.));
#10097 = ADVANCED_FACE('',(#10098),#10110,.T.);
#10098 = FACE_BOUND('',#10099,.T.);
#10099 = EDGE_LOOP('',(#10100,#10101,#10102,#10103));
#10100 = ORIENTED_EDGE('',*,*,#8366,.T.);
#10101 = ORIENTED_EDGE('',*,*,#8768,.T.);
#10102 = ORIENTED_EDGE('',*,*,#8922,.F.);
#10103 = ORIENTED_EDGE('',*,*,#10104,.T.);
#10104 = EDGE_CURVE('',#8914,#8367,#10105,.T.);
#10105 = CIRCLE('',#10106,1.);
#10106 = AXIS2_PLACEMENT_3D('',#10107,#10108,#10109);
#10107 = CARTESIAN_POINT('',(57.62,-71.5,34.));
#10108 = DIRECTION('',(-1.,2.73E-15,0.));
#10109 = DIRECTION('',(2.73E-15,1.,0.));
#10110 = CYLINDRICAL_SURFACE('',#10111,1.);
#10111 = AXIS2_PLACEMENT_3D('',#10112,#10113,#10114);
#10112 = CARTESIAN_POINT('',(57.62,-71.5,34.));
#10113 = DIRECTION('',(-1.,0.,0.));
#10114 = DIRECTION('',(0.,0.,1.));
#10115 = ADVANCED_FACE('',(#10116),#10128,.T.);
#10116 = FACE_BOUND('',#10117,.F.);
#10117 = EDGE_LOOP('',(#10118,#10125,#10126,#10127));
#10118 = ORIENTED_EDGE('',*,*,#10119,.F.);
#10119 = EDGE_CURVE('',#8906,#8391,#10120,.T.);
#10120 = CIRCLE('',#10121,1.);
#10121 = AXIS2_PLACEMENT_3D('',#10122,#10123,#10124);
#10122 = CARTESIAN_POINT('',(58.52,-72.4,34.));
#10123 = DIRECTION('',(0.,1.,0.));
#10124 = DIRECTION('',(0.,0.,1.));
#10125 = ORIENTED_EDGE('',*,*,#8913,.T.);
#10126 = ORIENTED_EDGE('',*,*,#10104,.T.);
#10127 = ORIENTED_EDGE('',*,*,#8398,.F.);
#10128 = SURFACE_OF_REVOLUTION('',#10129,#10140);
#10129 = B_SPLINE_CURVE_WITH_KNOTS('',5,(#10130,#10131,#10132,#10133,
    #10134,#10135,#10136,#10137,#10138,#10139),.UNSPECIFIED.,.F.,.F.,(6,
    4,6),(4.712388980385,5.497787143782,6.28318530718),.UNSPECIFIED.);
#10130 = CARTESIAN_POINT('',(58.52,-72.4,35.));
#10131 = CARTESIAN_POINT('',(58.677079632679,-72.4,35.));
#10132 = CARTESIAN_POINT('',(58.834161753982,-72.4,34.969164407054));
#10133 = CARTESIAN_POINT('',(58.983156817683,-72.4,34.907448630943));
#10134 = CARTESIAN_POINT('',(59.116034707733,-72.4,34.81817885464));
#10135 = CARTESIAN_POINT('',(59.338178854641,-72.4,34.596034707732));
#10136 = CARTESIAN_POINT('',(59.427448630943,-72.4,34.463156817683));
#10137 = CARTESIAN_POINT('',(59.489164407054,-72.4,34.314161753982));
#10138 = CARTESIAN_POINT('',(59.52,-72.4,34.157079632679));
#10139 = CARTESIAN_POINT('',(59.52,-72.4,34.));
#10140 = AXIS1_PLACEMENT('',#10141,#10142);
#10141 = CARTESIAN_POINT('',(57.62,-72.4,34.));
#10142 = DIRECTION('',(-0.,-0.,-1.));
#10143 = ADVANCED_FACE('',(#10144),#10156,.T.);
#10144 = FACE_BOUND('',#10145,.F.);
#10145 = EDGE_LOOP('',(#10146,#10147,#10154,#10155));
#10146 = ORIENTED_EDGE('',*,*,#8616,.F.);
#10147 = ORIENTED_EDGE('',*,*,#10148,.T.);
#10148 = EDGE_CURVE('',#8617,#8593,#10149,.T.);
#10149 = CIRCLE('',#10150,1.);
#10150 = AXIS2_PLACEMENT_3D('',#10151,#10152,#10153);
#10151 = CARTESIAN_POINT('',(90.4,-78.5,34.));
#10152 = DIRECTION('',(-1.,3.61E-15,0.));
#10153 = DIRECTION('',(-3.61E-15,-1.,0.));
#10154 = ORIENTED_EDGE('',*,*,#8601,.T.);
#10155 = ORIENTED_EDGE('',*,*,#8446,.F.);
#10156 = CYLINDRICAL_SURFACE('',#10157,1.);
#10157 = AXIS2_PLACEMENT_3D('',#10158,#10159,#10160);
#10158 = CARTESIAN_POINT('',(90.4,-78.5,34.));
#10159 = DIRECTION('',(1.,0.,0.));
#10160 = DIRECTION('',(0.,-1.,0.));
#10161 = ADVANCED_FACE('',(#10162),#10174,.T.);
#10162 = FACE_BOUND('',#10163,.F.);
#10163 = EDGE_LOOP('',(#10164,#10165,#10166,#10173));
#10164 = ORIENTED_EDGE('',*,*,#10050,.T.);
#10165 = ORIENTED_EDGE('',*,*,#8584,.T.);
#10166 = ORIENTED_EDGE('',*,*,#10167,.F.);
#10167 = EDGE_CURVE('',#8666,#8585,#10168,.T.);
#10168 = CIRCLE('',#10169,1.);
#10169 = AXIS2_PLACEMENT_3D('',#10170,#10171,#10172);
#10170 = CARTESIAN_POINT('',(89.5,-77.6,34.));
#10171 = DIRECTION('',(0.,1.,-0.));
#10172 = DIRECTION('',(-1.,0.,0.));
#10173 = ORIENTED_EDGE('',*,*,#9989,.F.);
#10174 = CYLINDRICAL_SURFACE('',#10175,1.);
#10175 = AXIS2_PLACEMENT_3D('',#10176,#10177,#10178);
#10176 = CARTESIAN_POINT('',(89.5,-72.4,34.));
#10177 = DIRECTION('',(0.,-1.,0.));
#10178 = DIRECTION('',(-1.,0.,0.));
#10179 = ADVANCED_FACE('',(#10180),#10186,.T.);
#10180 = FACE_BOUND('',#10181,.T.);
#10181 = EDGE_LOOP('',(#10182,#10183,#10184,#10185));
#10182 = ORIENTED_EDGE('',*,*,#10167,.F.);
#10183 = ORIENTED_EDGE('',*,*,#8673,.T.);
#10184 = ORIENTED_EDGE('',*,*,#10148,.T.);
#10185 = ORIENTED_EDGE('',*,*,#8592,.F.);
#10186 = SURFACE_OF_REVOLUTION('',#10187,#10198);
#10187 = B_SPLINE_CURVE_WITH_KNOTS('',5,(#10188,#10189,#10190,#10191,
    #10192,#10193,#10194,#10195,#10196,#10197),.UNSPECIFIED.,.F.,.F.,(6,
    4,6),(0.,0.785398163397,1.570796326795),.UNSPECIFIED.);
#10188 = CARTESIAN_POINT('',(88.5,-77.6,34.));
#10189 = CARTESIAN_POINT('',(88.5,-77.6,34.157079632679));
#10190 = CARTESIAN_POINT('',(88.530835592946,-77.6,34.314161753982));
#10191 = CARTESIAN_POINT('',(88.592551369057,-77.6,34.463156817683));
#10192 = CARTESIAN_POINT('',(88.681821145359,-77.6,34.596034707733));
#10193 = CARTESIAN_POINT('',(88.903965292267,-77.6,34.81817885464));
#10194 = CARTESIAN_POINT('',(89.036843182317,-77.6,34.907448630943));
#10195 = CARTESIAN_POINT('',(89.185838246018,-77.6,34.969164407054));
#10196 = CARTESIAN_POINT('',(89.34292036732,-77.6,35.));
#10197 = CARTESIAN_POINT('',(89.5,-77.6,35.));
#10198 = AXIS1_PLACEMENT('',#10199,#10200);
#10199 = CARTESIAN_POINT('',(90.4,-77.6,34.));
#10200 = DIRECTION('',(0.,0.,1.));
#10201 = ADVANCED_FACE('',(#10202),#10221,.F.);
#10202 = FACE_BOUND('',#10203,.F.);
#10203 = EDGE_LOOP('',(#10204,#10212,#10219,#10220));
#10204 = ORIENTED_EDGE('',*,*,#10205,.T.);
#10205 = EDGE_CURVE('',#8641,#10206,#10208,.T.);
#10206 = VERTEX_POINT('',#10207);
#10207 = CARTESIAN_POINT('',(92.570688373095,-85.,17.));
#10208 = LINE('',#10209,#10210);
#10209 = CARTESIAN_POINT('',(92.570688373095,-85.,25.));
#10210 = VECTOR('',#10211,1.);
#10211 = DIRECTION('',(-0.,-0.,-1.));
#10212 = ORIENTED_EDGE('',*,*,#10213,.T.);
#10213 = EDGE_CURVE('',#10206,#10206,#10214,.T.);
#10214 = CIRCLE('',#10215,1.32);
#10215 = AXIS2_PLACEMENT_3D('',#10216,#10217,#10218);
#10216 = CARTESIAN_POINT('',(91.250688373095,-85.,17.));
#10217 = DIRECTION('',(0.,0.,1.));
#10218 = DIRECTION('',(1.,0.,0.));
#10219 = ORIENTED_EDGE('',*,*,#10205,.F.);
#10220 = ORIENTED_EDGE('',*,*,#8650,.F.);
#10221 = CYLINDRICAL_SURFACE('',#10222,1.32);
#10222 = AXIS2_PLACEMENT_3D('',#10223,#10224,#10225);
#10223 = CARTESIAN_POINT('',(91.250688373095,-85.,25.));
#10224 = DIRECTION('',(0.,0.,1.));
#10225 = DIRECTION('',(1.,0.,0.));
#10226 = ADVANCED_FACE('',(#10227),#10246,.F.);
#10227 = FACE_BOUND('',#10228,.F.);
#10228 = EDGE_LOOP('',(#10229,#10237,#10244,#10245));
#10229 = ORIENTED_EDGE('',*,*,#10230,.T.);
#10230 = EDGE_CURVE('',#8692,#10231,#10233,.T.);
#10231 = VERTEX_POINT('',#10232);
#10232 = CARTESIAN_POINT('',(58.089311626897,-85.,17.));
#10233 = LINE('',#10234,#10235);
#10234 = CARTESIAN_POINT('',(58.089311626897,-85.,25.));
#10235 = VECTOR('',#10236,1.);
#10236 = DIRECTION('',(-0.,-0.,-1.));
#10237 = ORIENTED_EDGE('',*,*,#10238,.T.);
#10238 = EDGE_CURVE('',#10231,#10231,#10239,.T.);
#10239 = CIRCLE('',#10240,1.32);
#10240 = AXIS2_PLACEMENT_3D('',#10241,#10242,#10243);
#10241 = CARTESIAN_POINT('',(56.769311626897,-85.,17.));
#10242 = DIRECTION('',(0.,0.,1.));
#10243 = DIRECTION('',(1.,0.,0.));
#10244 = ORIENTED_EDGE('',*,*,#10230,.F.);
#10245 = ORIENTED_EDGE('',*,*,#8701,.F.);
#10246 = CYLINDRICAL_SURFACE('',#10247,1.32);
#10247 = AXIS2_PLACEMENT_3D('',#10248,#10249,#10250);
#10248 = CARTESIAN_POINT('',(56.769311626897,-85.,25.));
#10249 = DIRECTION('',(0.,0.,1.));
#10250 = DIRECTION('',(1.,0.,0.));
#10251 = ADVANCED_FACE('',(#10252),#10264,.T.);
#10252 = FACE_BOUND('',#10253,.T.);
#10253 = EDGE_LOOP('',(#10254,#10255,#10262,#10263));
#10254 = ORIENTED_EDGE('',*,*,#8716,.T.);
#10255 = ORIENTED_EDGE('',*,*,#10256,.F.);
#10256 = EDGE_CURVE('',#8889,#8717,#10257,.T.);
#10257 = CIRCLE('',#10258,1.);
#10258 = AXIS2_PLACEMENT_3D('',#10259,#10260,#10261);
#10259 = CARTESIAN_POINT('',(57.62,-78.5,34.));
#10260 = DIRECTION('',(1.,0.,-0.));
#10261 = DIRECTION('',(0.,0.,1.));
#10262 = ORIENTED_EDGE('',*,*,#8888,.F.);
#10263 = ORIENTED_EDGE('',*,*,#8828,.F.);
#10264 = CYLINDRICAL_SURFACE('',#10265,1.);
#10265 = AXIS2_PLACEMENT_3D('',#10266,#10267,#10268);
#10266 = CARTESIAN_POINT('',(54.02,-78.5,34.));
#10267 = DIRECTION('',(1.,0.,0.));
#10268 = DIRECTION('',(0.,0.,1.));
#10269 = ADVANCED_FACE('',(#10270),#10282,.T.);
#10270 = FACE_BOUND('',#10271,.F.);
#10271 = EDGE_LOOP('',(#10272,#10273,#10274,#10281));
#10272 = ORIENTED_EDGE('',*,*,#10256,.F.);
#10273 = ORIENTED_EDGE('',*,*,#8896,.T.);
#10274 = ORIENTED_EDGE('',*,*,#10275,.T.);
#10275 = EDGE_CURVE('',#8897,#8742,#10276,.T.);
#10276 = CIRCLE('',#10277,1.);
#10277 = AXIS2_PLACEMENT_3D('',#10278,#10279,#10280);
#10278 = CARTESIAN_POINT('',(58.52,-77.6,34.));
#10279 = DIRECTION('',(2.02E-15,1.,0.));
#10280 = DIRECTION('',(1.,-2.02E-15,0.));
#10281 = ORIENTED_EDGE('',*,*,#8741,.F.);
#10282 = SURFACE_OF_REVOLUTION('',#10283,#10294);
#10283 = B_SPLINE_CURVE_WITH_KNOTS('',5,(#10284,#10285,#10286,#10287,
    #10288,#10289,#10290,#10291,#10292,#10293),.UNSPECIFIED.,.F.,.F.,(6,
    4,6),(4.712388980385,5.497787143782,6.28318530718),.UNSPECIFIED.);
#10284 = CARTESIAN_POINT('',(57.62,-78.5,35.));
#10285 = CARTESIAN_POINT('',(57.62,-78.65707963267,35.));
#10286 = CARTESIAN_POINT('',(57.62,-78.81416175398,34.969164407054));
#10287 = CARTESIAN_POINT('',(57.62,-78.96315681768,34.907448630943));
#10288 = CARTESIAN_POINT('',(57.62,-79.09603470773,34.81817885464));
#10289 = CARTESIAN_POINT('',(57.62,-79.31817885464,34.596034707732));
#10290 = CARTESIAN_POINT('',(57.62,-79.40744863094,34.463156817683));
#10291 = CARTESIAN_POINT('',(57.62,-79.46916440705,34.314161753982));
#10292 = CARTESIAN_POINT('',(57.62,-79.5,34.157079632679));
#10293 = CARTESIAN_POINT('',(57.62,-79.5,34.));
#10294 = AXIS1_PLACEMENT('',#10295,#10296);
#10295 = CARTESIAN_POINT('',(57.62,-77.6,34.));
#10296 = DIRECTION('',(-0.,-0.,-1.));
#10297 = ADVANCED_FACE('',(#10298),#10304,.T.);
#10298 = FACE_BOUND('',#10299,.T.);
#10299 = EDGE_LOOP('',(#10300,#10301,#10302,#10303));
#10300 = ORIENTED_EDGE('',*,*,#10275,.T.);
#10301 = ORIENTED_EDGE('',*,*,#9972,.T.);
#10302 = ORIENTED_EDGE('',*,*,#10119,.F.);
#10303 = ORIENTED_EDGE('',*,*,#8905,.F.);
#10304 = CYLINDRICAL_SURFACE('',#10305,1.);
#10305 = AXIS2_PLACEMENT_3D('',#10306,#10307,#10308);
#10306 = CARTESIAN_POINT('',(58.52,-77.6,34.));
#10307 = DIRECTION('',(0.,1.,0.));
#10308 = DIRECTION('',(0.,0.,1.));
#10309 = ADVANCED_FACE('',(#10310),#10329,.T.);
#10310 = FACE_BOUND('',#10311,.F.);
#10311 = EDGE_LOOP('',(#10312,#10320,#10327,#10328));
#10312 = ORIENTED_EDGE('',*,*,#10313,.T.);
#10313 = EDGE_CURVE('',#8941,#10314,#10316,.T.);
#10314 = VERTEX_POINT('',#10315);
#10315 = CARTESIAN_POINT('',(54.45,-104.,13.25));
#10316 = LINE('',#10317,#10318);
#10317 = CARTESIAN_POINT('',(54.45,-104.,12.));
#10318 = VECTOR('',#10319,1.);
#10319 = DIRECTION('',(0.,0.,1.));
#10320 = ORIENTED_EDGE('',*,*,#10321,.T.);
#10321 = EDGE_CURVE('',#10314,#10314,#10322,.T.);
#10322 = CIRCLE('',#10323,1.45);
#10323 = AXIS2_PLACEMENT_3D('',#10324,#10325,#10326);
#10324 = CARTESIAN_POINT('',(53.,-104.,13.25));
#10325 = DIRECTION('',(0.,0.,1.));
#10326 = DIRECTION('',(1.,0.,0.));
#10327 = ORIENTED_EDGE('',*,*,#10313,.F.);
#10328 = ORIENTED_EDGE('',*,*,#8940,.F.);
#10329 = CYLINDRICAL_SURFACE('',#10330,1.45);
#10330 = AXIS2_PLACEMENT_3D('',#10331,#10332,#10333);
#10331 = CARTESIAN_POINT('',(53.,-104.,12.));
#10332 = DIRECTION('',(-0.,-0.,-1.));
#10333 = DIRECTION('',(1.,0.,0.));
#10334 = ADVANCED_FACE('',(#10335),#10354,.T.);
#10335 = FACE_BOUND('',#10336,.F.);
#10336 = EDGE_LOOP('',(#10337,#10345,#10352,#10353));
#10337 = ORIENTED_EDGE('',*,*,#10338,.T.);
#10338 = EDGE_CURVE('',#9145,#10339,#10341,.T.);
#10339 = VERTEX_POINT('',#10340);
#10340 = CARTESIAN_POINT('',(50.45,-76.,13.25));
#10341 = LINE('',#10342,#10343);
#10342 = CARTESIAN_POINT('',(50.45,-76.,12.));
#10343 = VECTOR('',#10344,1.);
#10344 = DIRECTION('',(0.,0.,1.));
#10345 = ORIENTED_EDGE('',*,*,#10346,.T.);
#10346 = EDGE_CURVE('',#10339,#10339,#10347,.T.);
#10347 = CIRCLE('',#10348,1.45);
#10348 = AXIS2_PLACEMENT_3D('',#10349,#10350,#10351);
#10349 = CARTESIAN_POINT('',(49.,-76.,13.25));
#10350 = DIRECTION('',(0.,0.,1.));
#10351 = DIRECTION('',(1.,0.,0.));
#10352 = ORIENTED_EDGE('',*,*,#10338,.F.);
#10353 = ORIENTED_EDGE('',*,*,#9144,.F.);
#10354 = CYLINDRICAL_SURFACE('',#10355,1.45);
#10355 = AXIS2_PLACEMENT_3D('',#10356,#10357,#10358);
#10356 = CARTESIAN_POINT('',(49.,-76.,12.));
#10357 = DIRECTION('',(-0.,-0.,-1.));
#10358 = DIRECTION('',(1.,0.,0.));
#10359 = ADVANCED_FACE('',(#10360),#10379,.F.);
#10360 = FACE_BOUND('',#10361,.T.);
#10361 = EDGE_LOOP('',(#10362,#10370,#10371,#10372));
#10362 = ORIENTED_EDGE('',*,*,#10363,.F.);
#10363 = EDGE_CURVE('',#9162,#10364,#10366,.T.);
#10364 = VERTEX_POINT('',#10365);
#10365 = CARTESIAN_POINT('',(12.32,-104.,11.5));
#10366 = LINE('',#10367,#10368);
#10367 = CARTESIAN_POINT('',(12.32,-104.,11.5));
#10368 = VECTOR('',#10369,1.);
#10369 = DIRECTION('',(-0.707106781187,-0.,-0.707106781187));
#10370 = ORIENTED_EDGE('',*,*,#9161,.T.);
#10371 = ORIENTED_EDGE('',*,*,#10363,.T.);
#10372 = ORIENTED_EDGE('',*,*,#10373,.F.);
#10373 = EDGE_CURVE('',#10364,#10364,#10374,.T.);
#10374 = CIRCLE('',#10375,1.32);
#10375 = AXIS2_PLACEMENT_3D('',#10376,#10377,#10378);
#10376 = CARTESIAN_POINT('',(11.,-104.,11.5));
#10377 = DIRECTION('',(0.,0.,1.));
#10378 = DIRECTION('',(1.,0.,0.));
#10379 = CONICAL_SURFACE('',#10380,1.32,0.785398163397);
#10380 = AXIS2_PLACEMENT_3D('',#10381,#10382,#10383);
#10381 = CARTESIAN_POINT('',(11.,-104.,11.5));
#10382 = DIRECTION('',(0.,0.,1.));
#10383 = DIRECTION('',(1.,0.,0.));
#10384 = ADVANCED_FACE('',(#10385),#10404,.F.);
#10385 = FACE_BOUND('',#10386,.T.);
#10386 = EDGE_LOOP('',(#10387,#10395,#10396,#10397));
#10387 = ORIENTED_EDGE('',*,*,#10388,.F.);
#10388 = EDGE_CURVE('',#9182,#10389,#10391,.T.);
#10389 = VERTEX_POINT('',#10390);
#10390 = CARTESIAN_POINT('',(12.32,-76.,11.5));
#10391 = LINE('',#10392,#10393);
#10392 = CARTESIAN_POINT('',(12.32,-76.,11.5));
#10393 = VECTOR('',#10394,1.);
#10394 = DIRECTION('',(-0.707106781187,-0.,-0.707106781187));
#10395 = ORIENTED_EDGE('',*,*,#9181,.T.);
#10396 = ORIENTED_EDGE('',*,*,#10388,.T.);
#10397 = ORIENTED_EDGE('',*,*,#10398,.F.);
#10398 = EDGE_CURVE('',#10389,#10389,#10399,.T.);
#10399 = CIRCLE('',#10400,1.32);
#10400 = AXIS2_PLACEMENT_3D('',#10401,#10402,#10403);
#10401 = CARTESIAN_POINT('',(11.,-76.,11.5));
#10402 = DIRECTION('',(0.,0.,1.));
#10403 = DIRECTION('',(1.,0.,0.));
#10404 = CONICAL_SURFACE('',#10405,1.32,0.785398163397);
#10405 = AXIS2_PLACEMENT_3D('',#10406,#10407,#10408);
#10406 = CARTESIAN_POINT('',(11.,-76.,11.5));
#10407 = DIRECTION('',(0.,0.,1.));
#10408 = DIRECTION('',(1.,0.,0.));
#10409 = ADVANCED_FACE('',(#10410),#10422,.T.);
#10410 = FACE_BOUND('',#10411,.T.);
#10411 = EDGE_LOOP('',(#10412,#10419,#10420,#10421));
#10412 = ORIENTED_EDGE('',*,*,#10413,.T.);
#10413 = EDGE_CURVE('',#9347,#9423,#10414,.T.);
#10414 = CIRCLE('',#10415,1.);
#10415 = AXIS2_PLACEMENT_3D('',#10416,#10417,#10418);
#10416 = CARTESIAN_POINT('',(41.,-50.,25.25));
#10417 = DIRECTION('',(0.,-7.E-17,1.));
#10418 = DIRECTION('',(5.7E-16,1.,7.E-17));
#10419 = ORIENTED_EDGE('',*,*,#9432,.T.);
#10420 = ORIENTED_EDGE('',*,*,#9219,.F.);
#10421 = ORIENTED_EDGE('',*,*,#9355,.F.);
#10422 = CYLINDRICAL_SURFACE('',#10423,1.);
#10423 = AXIS2_PLACEMENT_3D('',#10424,#10425,#10426);
#10424 = CARTESIAN_POINT('',(41.,-50.,25.25));
#10425 = DIRECTION('',(0.,0.,1.));
#10426 = DIRECTION('',(-1.,5.7E-16,0.));
#10427 = ADVANCED_FACE('',(#10428),#10440,.T.);
#10428 = FACE_BOUND('',#10429,.T.);
#10429 = EDGE_LOOP('',(#10430,#10437,#10438,#10439));
#10430 = ORIENTED_EDGE('',*,*,#10431,.T.);
#10431 = EDGE_CURVE('',#9514,#9370,#10432,.T.);
#10432 = CIRCLE('',#10433,1.);
#10433 = AXIS2_PLACEMENT_3D('',#10434,#10435,#10436);
#10434 = CARTESIAN_POINT('',(32.5,-46.75,25.25));
#10435 = DIRECTION('',(-1.01E-15,0.,1.));
#10436 = DIRECTION('',(-1.,0.,-1.01E-15));
#10437 = ORIENTED_EDGE('',*,*,#9379,.T.);
#10438 = ORIENTED_EDGE('',*,*,#9252,.F.);
#10439 = ORIENTED_EDGE('',*,*,#9522,.F.);
#10440 = CYLINDRICAL_SURFACE('',#10441,1.);
#10441 = AXIS2_PLACEMENT_3D('',#10442,#10443,#10444);
#10442 = CARTESIAN_POINT('',(32.5,-46.75,25.25));
#10443 = DIRECTION('',(0.,0.,1.));
#10444 = DIRECTION('',(0.,-1.,0.));
#10445 = ADVANCED_FACE('',(#10446),#10465,.F.);
#10446 = FACE_BOUND('',#10447,.T.);
#10447 = EDGE_LOOP('',(#10448,#10456,#10457,#10458));
#10448 = ORIENTED_EDGE('',*,*,#10449,.F.);
#10449 = EDGE_CURVE('',#9262,#10450,#10452,.T.);
#10450 = VERTEX_POINT('',#10451);
#10451 = CARTESIAN_POINT('',(27.82,-44.375,32.));
#10452 = LINE('',#10453,#10454);
#10453 = CARTESIAN_POINT('',(27.82,-44.375,32.));
#10454 = VECTOR('',#10455,1.);
#10455 = DIRECTION('',(-0.707106781187,-0.,-0.707106781187));
#10456 = ORIENTED_EDGE('',*,*,#9261,.T.);
#10457 = ORIENTED_EDGE('',*,*,#10449,.T.);
#10458 = ORIENTED_EDGE('',*,*,#10459,.F.);
#10459 = EDGE_CURVE('',#10450,#10450,#10460,.T.);
#10460 = CIRCLE('',#10461,1.32);
#10461 = AXIS2_PLACEMENT_3D('',#10462,#10463,#10464);
#10462 = CARTESIAN_POINT('',(26.5,-44.375,32.));
#10463 = DIRECTION('',(0.,0.,1.));
#10464 = DIRECTION('',(1.,0.,0.));
#10465 = CONICAL_SURFACE('',#10466,1.32,0.785398163397);
#10466 = AXIS2_PLACEMENT_3D('',#10467,#10468,#10469);
#10467 = CARTESIAN_POINT('',(26.5,-44.375,32.));
#10468 = DIRECTION('',(0.,0.,1.));
#10469 = DIRECTION('',(1.,0.,0.));
#10470 = ADVANCED_FACE('',(#10471),#10477,.T.);
#10471 = FACE_BOUND('',#10472,.F.);
#10472 = EDGE_LOOP('',(#10473,#10474,#10475,#10476));
#10473 = ORIENTED_EDGE('',*,*,#9629,.F.);
#10474 = ORIENTED_EDGE('',*,*,#9346,.T.);
#10475 = ORIENTED_EDGE('',*,*,#10413,.T.);
#10476 = ORIENTED_EDGE('',*,*,#9456,.F.);
#10477 = TOROIDAL_SURFACE('',#10478,4.5,1.);
#10478 = AXIS2_PLACEMENT_3D('',#10479,#10480,#10481);
#10479 = CARTESIAN_POINT('',(41.,-54.5,25.25));
#10480 = DIRECTION('',(-1.,5.7E-16,0.));
#10481 = DIRECTION('',(-5.7E-16,-1.,-6.192E-14));
#10482 = ADVANCED_FACE('',(#10483),#10493,.T.);
#10483 = FACE_BOUND('',#10484,.T.);
#10484 = EDGE_LOOP('',(#10485,#10491,#10492));
#10485 = ORIENTED_EDGE('',*,*,#10486,.F.);
#10486 = EDGE_CURVE('',#9289,#9397,#10487,.T.);
#10487 = ( BOUNDED_CURVE() B_SPLINE_CURVE(2,(#10488,#10489,#10490),
.UNSPECIFIED.,.F.,.F.) B_SPLINE_CURVE_WITH_KNOTS((3,3),(0.,
2.275687555487),.PIECEWISE_BEZIER_KNOTS.) CURVE() 
GEOMETRIC_REPRESENTATION_ITEM() RATIONAL_B_SPLINE_CURVE((1.,
0.707106781187,1.)) REPRESENTATION_ITEM('') );
#10488 = CARTESIAN_POINT('',(40.,-47.75,22.511387212474));
#10489 = CARTESIAN_POINT('',(39.235294117648,-47.75,23.155766691893));
#10490 = CARTESIAN_POINT('',(39.235294117647,-46.75,23.155766691892));
#10491 = ORIENTED_EDGE('',*,*,#9288,.T.);
#10492 = ORIENTED_EDGE('',*,*,#9396,.T.);
#10493 = ( BOUNDED_SURFACE() B_SPLINE_SURFACE(2,5,(
    (#10494,#10495,#10496,#10497,#10498,#10499)
    ,(#10500,#10501,#10502,#10503,#10504,#10505)
    ,(#10506,#10507,#10508,#10509,#10510,#10511
)),.UNSPECIFIED.,.F.,.F.,.F.) B_SPLINE_SURFACE_WITH_KNOTS((3,3),(6,6),(
    0.,2.275687555487),(-8.38E-13,2.275687555486),
.PIECEWISE_BEZIER_KNOTS.) GEOMETRIC_REPRESENTATION_ITEM() 
RATIONAL_B_SPLINE_SURFACE((
    (1.,1.,1.,1.,1.,1.)
    ,(0.707106781187,0.707106781187,0.707106781187,0.707106781187
      ,0.707106781187,0.707106781187)
,(1.,1.,1.,1.,1.,1.))) REPRESENTATION_ITEM('') SURFACE() );
#10494 = CARTESIAN_POINT('',(41.,-47.75,25.250000000001));
#10495 = CARTESIAN_POINT('',(41.,-47.75,24.65482019947));
#10496 = CARTESIAN_POINT('',(40.895826844251,-47.75,24.059634610801));
#10497 = CARTESIAN_POINT('',(40.68738481721,-47.75,23.488793367937));
#10498 = CARTESIAN_POINT('',(40.383521650029,-47.75,22.966524707002));
#10499 = CARTESIAN_POINT('',(40.,-47.75,22.511387212474));
#10500 = CARTESIAN_POINT('',(40.,-47.75,25.250000000001));
#10501 = CARTESIAN_POINT('',(40.,-47.75,24.794862505478));
#10502 = CARTESIAN_POINT('',(39.920338180304,-47.75,24.339720577682));
#10503 = CARTESIAN_POINT('',(39.760941338683,-47.75,23.903194967291));
#10504 = CARTESIAN_POINT('',(39.528575379432,-47.75,23.503813011235));
#10505 = CARTESIAN_POINT('',(39.235294117648,-47.75,23.155766691893));
#10506 = CARTESIAN_POINT('',(40.,-46.75,25.25));
#10507 = CARTESIAN_POINT('',(40.,-46.75,24.794862505475));
#10508 = CARTESIAN_POINT('',(39.920338180292,-46.75,24.339720577673));
#10509 = CARTESIAN_POINT('',(39.760941338708,-46.75,23.903194967317));
#10510 = CARTESIAN_POINT('',(39.528575379414,-46.75,23.503813011213));
#10511 = CARTESIAN_POINT('',(39.235294117647,-46.75,23.155766691892));
#10512 = ADVANCED_FACE('',(#10513),#10519,.T.);
#10513 = FACE_BOUND('',#10514,.T.);
#10514 = EDGE_LOOP('',(#10515,#10516,#10517,#10518));
#10515 = ORIENTED_EDGE('',*,*,#9822,.T.);
#10516 = ORIENTED_EDGE('',*,*,#9670,.T.);
#10517 = ORIENTED_EDGE('',*,*,#9323,.T.);
#10518 = ORIENTED_EDGE('',*,*,#9506,.T.);
#10519 = PLANE('',#10520);
#10520 = AXIS2_PLACEMENT_3D('',#10521,#10522,#10523);
#10521 = CARTESIAN_POINT('',(27.,-54.5,18.));
#10522 = DIRECTION('',(0.,0.,1.));
#10523 = DIRECTION('',(1.,0.,0.));
#10524 = ADVANCED_FACE('',(#10525),#10531,.T.);
#10525 = FACE_BOUND('',#10526,.F.);
#10526 = EDGE_LOOP('',(#10527,#10528,#10529,#10530));
#10527 = ORIENTED_EDGE('',*,*,#10486,.F.);
#10528 = ORIENTED_EDGE('',*,*,#9513,.T.);
#10529 = ORIENTED_EDGE('',*,*,#10431,.T.);
#10530 = ORIENTED_EDGE('',*,*,#9407,.F.);
#10531 = TOROIDAL_SURFACE('',#10532,4.25,1.);
#10532 = AXIS2_PLACEMENT_3D('',#10533,#10534,#10535);
#10533 = CARTESIAN_POINT('',(36.75,-46.75,25.25));
#10534 = DIRECTION('',(0.,-1.,0.));
#10535 = DIRECTION('',(1.,0.,0.));
#10536 = ADVANCED_FACE('',(#10537),#10555,.T.);
#10537 = FACE_BOUND('',#10538,.T.);
#10538 = EDGE_LOOP('',(#10539,#10546,#10547,#10554));
#10539 = ORIENTED_EDGE('',*,*,#10540,.T.);
#10540 = EDGE_CURVE('',#9737,#9655,#10541,.T.);
#10541 = CIRCLE('',#10542,1.);
#10542 = AXIS2_PLACEMENT_3D('',#10543,#10544,#10545);
#10543 = CARTESIAN_POINT('',(28.875,-62.24999999999,35.5));
#10544 = DIRECTION('',(-1.,6.E-17,0.));
#10545 = DIRECTION('',(6.E-17,1.,0.));
#10546 = ORIENTED_EDGE('',*,*,#9654,.T.);
#10547 = ORIENTED_EDGE('',*,*,#10548,.F.);
#10548 = EDGE_CURVE('',#9761,#9647,#10549,.T.);
#10549 = CIRCLE('',#10550,1.);
#10550 = AXIS2_PLACEMENT_3D('',#10551,#10552,#10553);
#10551 = CARTESIAN_POINT('',(24.125,-62.24999999999,35.5));
#10552 = DIRECTION('',(-1.,-6.E-17,-0.));
#10553 = DIRECTION('',(-6.E-17,1.,0.));
#10554 = ORIENTED_EDGE('',*,*,#9788,.F.);
#10555 = CYLINDRICAL_SURFACE('',#10556,1.);
#10556 = AXIS2_PLACEMENT_3D('',#10557,#10558,#10559);
#10557 = CARTESIAN_POINT('',(29.875,-62.24999999999,35.5));
#10558 = DIRECTION('',(-1.,0.,0.));
#10559 = DIRECTION('',(0.,0.,1.));
#10560 = ADVANCED_FACE('',(#10561),#10566,.T.);
#10561 = FACE_BOUND('',#10562,.F.);
#10562 = EDGE_LOOP('',(#10563,#10564,#10565));
#10563 = ORIENTED_EDGE('',*,*,#9744,.F.);
#10564 = ORIENTED_EDGE('',*,*,#10540,.T.);
#10565 = ORIENTED_EDGE('',*,*,#9694,.F.);
#10566 = SPHERICAL_SURFACE('',#10567,1.);
#10567 = AXIS2_PLACEMENT_3D('',#10568,#10569,#10570);
#10568 = CARTESIAN_POINT('',(28.875,-62.24999999999,35.5));
#10569 = DIRECTION('',(-0.,-0.,-1.));
#10570 = DIRECTION('',(1.,0.,0.));
#10571 = ADVANCED_FACE('',(#10572),#10591,.F.);
#10572 = FACE_BOUND('',#10573,.F.);
#10573 = EDGE_LOOP('',(#10574,#10582,#10589,#10590));
#10574 = ORIENTED_EDGE('',*,*,#10575,.T.);
#10575 = EDGE_CURVE('',#9711,#10576,#10578,.T.);
#10576 = VERTEX_POINT('',#10577);
#10577 = CARTESIAN_POINT('',(38.82,-64.625,24.5));
#10578 = LINE('',#10579,#10580);
#10579 = CARTESIAN_POINT('',(38.82,-64.625,32.5));
#10580 = VECTOR('',#10581,1.);
#10581 = DIRECTION('',(-0.,-0.,-1.));
#10582 = ORIENTED_EDGE('',*,*,#10583,.T.);
#10583 = EDGE_CURVE('',#10576,#10576,#10584,.T.);
#10584 = CIRCLE('',#10585,1.32);
#10585 = AXIS2_PLACEMENT_3D('',#10586,#10587,#10588);
#10586 = CARTESIAN_POINT('',(37.5,-64.625,24.5));
#10587 = DIRECTION('',(0.,0.,1.));
#10588 = DIRECTION('',(1.,0.,0.));
#10589 = ORIENTED_EDGE('',*,*,#10575,.F.);
#10590 = ORIENTED_EDGE('',*,*,#9720,.F.);
#10591 = CYLINDRICAL_SURFACE('',#10592,1.32);
#10592 = AXIS2_PLACEMENT_3D('',#10593,#10594,#10595);
#10593 = CARTESIAN_POINT('',(37.5,-64.625,32.5));
#10594 = DIRECTION('',(0.,0.,1.));
#10595 = DIRECTION('',(1.,0.,0.));
#10596 = ADVANCED_FACE('',(#10597),#10602,.T.);
#10597 = FACE_BOUND('',#10598,.T.);
#10598 = EDGE_LOOP('',(#10599,#10600,#10601));
#10599 = ORIENTED_EDGE('',*,*,#9760,.F.);
#10600 = ORIENTED_EDGE('',*,*,#10548,.T.);
#10601 = ORIENTED_EDGE('',*,*,#9804,.F.);
#10602 = SPHERICAL_SURFACE('',#10603,1.);
#10603 = AXIS2_PLACEMENT_3D('',#10604,#10605,#10606);
#10604 = CARTESIAN_POINT('',(24.125,-62.24999999999,35.5));
#10605 = DIRECTION('',(-0.,-0.,-1.));
#10606 = DIRECTION('',(-1.,0.,0.));
#10607 = ADVANCED_FACE('',(#10608),#10627,.F.);
#10608 = FACE_BOUND('',#10609,.F.);
#10609 = EDGE_LOOP('',(#10610,#10618,#10625,#10626));
#10610 = ORIENTED_EDGE('',*,*,#10611,.T.);
#10611 = EDGE_CURVE('',#9842,#10612,#10614,.T.);
#10612 = VERTEX_POINT('',#10613);
#10613 = CARTESIAN_POINT('',(16.82,-64.625,24.5));
#10614 = LINE('',#10615,#10616);
#10615 = CARTESIAN_POINT('',(16.82,-64.625,32.5));
#10616 = VECTOR('',#10617,1.);
#10617 = DIRECTION('',(-0.,-0.,-1.));
#10618 = ORIENTED_EDGE('',*,*,#10619,.T.);
#10619 = EDGE_CURVE('',#10612,#10612,#10620,.T.);
#10620 = CIRCLE('',#10621,1.32);
#10621 = AXIS2_PLACEMENT_3D('',#10622,#10623,#10624);
#10622 = CARTESIAN_POINT('',(15.5,-64.625,24.5));
#10623 = DIRECTION('',(0.,0.,1.));
#10624 = DIRECTION('',(1.,0.,0.));
#10625 = ORIENTED_EDGE('',*,*,#10611,.F.);
#10626 = ORIENTED_EDGE('',*,*,#9851,.F.);
#10627 = CYLINDRICAL_SURFACE('',#10628,1.32);
#10628 = AXIS2_PLACEMENT_3D('',#10629,#10630,#10631);
#10629 = CARTESIAN_POINT('',(15.5,-64.625,32.5));
#10630 = DIRECTION('',(0.,0.,1.));
#10631 = DIRECTION('',(1.,0.,0.));
#10632 = ADVANCED_FACE('',(#10633),#10652,.F.);
#10633 = FACE_BOUND('',#10634,.T.);
#10634 = EDGE_LOOP('',(#10635,#10636,#10644,#10651));
#10635 = ORIENTED_EDGE('',*,*,#9869,.T.);
#10636 = ORIENTED_EDGE('',*,*,#10637,.T.);
#10637 = EDGE_CURVE('',#9870,#10638,#10640,.T.);
#10638 = VERTEX_POINT('',#10639);
#10639 = CARTESIAN_POINT('',(17.32,-10.,8.25));
#10640 = LINE('',#10641,#10642);
#10641 = CARTESIAN_POINT('',(17.32,-10.,0.));
#10642 = VECTOR('',#10643,1.);
#10643 = DIRECTION('',(0.,0.,1.));
#10644 = ORIENTED_EDGE('',*,*,#10645,.T.);
#10645 = EDGE_CURVE('',#10638,#10638,#10646,.T.);
#10646 = CIRCLE('',#10647,1.32);
#10647 = AXIS2_PLACEMENT_3D('',#10648,#10649,#10650);
#10648 = CARTESIAN_POINT('',(16.,-10.,8.25));
#10649 = DIRECTION('',(0.,0.,1.));
#10650 = DIRECTION('',(1.,0.,0.));
#10651 = ORIENTED_EDGE('',*,*,#10637,.F.);
#10652 = CYLINDRICAL_SURFACE('',#10653,1.32);
#10653 = AXIS2_PLACEMENT_3D('',#10654,#10655,#10656);
#10654 = CARTESIAN_POINT('',(16.,-10.,0.));
#10655 = DIRECTION('',(-0.,-0.,-1.));
#10656 = DIRECTION('',(1.,0.,0.));
#10657 = ADVANCED_FACE('',(#10658),#10677,.F.);
#10658 = FACE_BOUND('',#10659,.T.);
#10659 = EDGE_LOOP('',(#10660,#10661,#10669,#10676));
#10660 = ORIENTED_EDGE('',*,*,#9889,.T.);
#10661 = ORIENTED_EDGE('',*,*,#10662,.T.);
#10662 = EDGE_CURVE('',#9890,#10663,#10665,.T.);
#10663 = VERTEX_POINT('',#10664);
#10664 = CARTESIAN_POINT('',(85.320000000001,-10.,8.25));
#10665 = LINE('',#10666,#10667);
#10666 = CARTESIAN_POINT('',(85.320000000001,-10.,0.));
#10667 = VECTOR('',#10668,1.);
#10668 = DIRECTION('',(0.,0.,1.));
#10669 = ORIENTED_EDGE('',*,*,#10670,.T.);
#10670 = EDGE_CURVE('',#10663,#10663,#10671,.T.);
#10671 = CIRCLE('',#10672,1.32);
#10672 = AXIS2_PLACEMENT_3D('',#10673,#10674,#10675);
#10673 = CARTESIAN_POINT('',(84.000000000001,-10.,8.25));
#10674 = DIRECTION('',(0.,0.,1.));
#10675 = DIRECTION('',(1.,0.,0.));
#10676 = ORIENTED_EDGE('',*,*,#10662,.F.);
#10677 = CYLINDRICAL_SURFACE('',#10678,1.32);
#10678 = AXIS2_PLACEMENT_3D('',#10679,#10680,#10681);
#10679 = CARTESIAN_POINT('',(84.000000000001,-10.,0.));
#10680 = DIRECTION('',(-0.,-0.,-1.));
#10681 = DIRECTION('',(1.,0.,0.));
#10682 = ADVANCED_FACE('',(#10683),#10702,.F.);
#10683 = FACE_BOUND('',#10684,.T.);
#10684 = EDGE_LOOP('',(#10685,#10686,#10694,#10701));
#10685 = ORIENTED_EDGE('',*,*,#9909,.T.);
#10686 = ORIENTED_EDGE('',*,*,#10687,.T.);
#10687 = EDGE_CURVE('',#9910,#10688,#10690,.T.);
#10688 = VERTEX_POINT('',#10689);
#10689 = CARTESIAN_POINT('',(17.32,-100.,8.25));
#10690 = LINE('',#10691,#10692);
#10691 = CARTESIAN_POINT('',(17.32,-100.,0.));
#10692 = VECTOR('',#10693,1.);
#10693 = DIRECTION('',(0.,0.,1.));
#10694 = ORIENTED_EDGE('',*,*,#10695,.T.);
#10695 = EDGE_CURVE('',#10688,#10688,#10696,.T.);
#10696 = CIRCLE('',#10697,1.32);
#10697 = AXIS2_PLACEMENT_3D('',#10698,#10699,#10700);
#10698 = CARTESIAN_POINT('',(16.,-100.,8.25));
#10699 = DIRECTION('',(0.,0.,1.));
#10700 = DIRECTION('',(1.,0.,0.));
#10701 = ORIENTED_EDGE('',*,*,#10687,.F.);
#10702 = CYLINDRICAL_SURFACE('',#10703,1.32);
#10703 = AXIS2_PLACEMENT_3D('',#10704,#10705,#10706);
#10704 = CARTESIAN_POINT('',(16.,-100.,0.));
#10705 = DIRECTION('',(-0.,-0.,-1.));
#10706 = DIRECTION('',(1.,0.,0.));
#10707 = ADVANCED_FACE('',(#10708),#10727,.F.);
#10708 = FACE_BOUND('',#10709,.T.);
#10709 = EDGE_LOOP('',(#10710,#10711,#10719,#10726));
#10710 = ORIENTED_EDGE('',*,*,#9929,.T.);
#10711 = ORIENTED_EDGE('',*,*,#10712,.T.);
#10712 = EDGE_CURVE('',#9930,#10713,#10715,.T.);
#10713 = VERTEX_POINT('',#10714);
#10714 = CARTESIAN_POINT('',(85.320000000001,-100.,8.25));
#10715 = LINE('',#10716,#10717);
#10716 = CARTESIAN_POINT('',(85.320000000001,-100.,0.));
#10717 = VECTOR('',#10718,1.);
#10718 = DIRECTION('',(0.,0.,1.));
#10719 = ORIENTED_EDGE('',*,*,#10720,.T.);
#10720 = EDGE_CURVE('',#10713,#10713,#10721,.T.);
#10721 = CIRCLE('',#10722,1.32);
#10722 = AXIS2_PLACEMENT_3D('',#10723,#10724,#10725);
#10723 = CARTESIAN_POINT('',(84.000000000001,-100.,8.25));
#10724 = DIRECTION('',(0.,0.,1.));
#10725 = DIRECTION('',(1.,0.,0.));
#10726 = ORIENTED_EDGE('',*,*,#10712,.F.);
#10727 = CYLINDRICAL_SURFACE('',#10728,1.32);
#10728 = AXIS2_PLACEMENT_3D('',#10729,#10730,#10731);
#10729 = CARTESIAN_POINT('',(84.000000000001,-100.,0.));
#10730 = DIRECTION('',(-0.,-0.,-1.));
#10731 = DIRECTION('',(1.,0.,0.));
#10732 = ADVANCED_FACE('',(#10733),#10752,.F.);
#10733 = FACE_BOUND('',#10734,.F.);
#10734 = EDGE_LOOP('',(#10735,#10743,#10750,#10751));
#10735 = ORIENTED_EDGE('',*,*,#10736,.T.);
#10736 = EDGE_CURVE('',#9947,#10737,#10739,.T.);
#10737 = VERTEX_POINT('',#10738);
#10738 = CARTESIAN_POINT('',(89.32,-100.5,4.));
#10739 = LINE('',#10740,#10741);
#10740 = CARTESIAN_POINT('',(89.32,-100.5,12.));
#10741 = VECTOR('',#10742,1.);
#10742 = DIRECTION('',(-0.,-0.,-1.));
#10743 = ORIENTED_EDGE('',*,*,#10744,.T.);
#10744 = EDGE_CURVE('',#10737,#10737,#10745,.T.);
#10745 = CIRCLE('',#10746,1.32);
#10746 = AXIS2_PLACEMENT_3D('',#10747,#10748,#10749);
#10747 = CARTESIAN_POINT('',(88.,-100.5,4.));
#10748 = DIRECTION('',(0.,0.,1.));
#10749 = DIRECTION('',(1.,0.,0.));
#10750 = ORIENTED_EDGE('',*,*,#10736,.F.);
#10751 = ORIENTED_EDGE('',*,*,#9956,.F.);
#10752 = CYLINDRICAL_SURFACE('',#10753,1.32);
#10753 = AXIS2_PLACEMENT_3D('',#10754,#10755,#10756);
#10754 = CARTESIAN_POINT('',(88.,-100.5,12.));
#10755 = DIRECTION('',(0.,0.,1.));
#10756 = DIRECTION('',(1.,0.,0.));
#10757 = ADVANCED_FACE('',(#10758),#10761,.T.);
#10758 = FACE_BOUND('',#10759,.T.);
#10759 = EDGE_LOOP('',(#10760));
#10760 = ORIENTED_EDGE('',*,*,#10013,.T.);
#10761 = PLANE('',#10762);
#10762 = AXIS2_PLACEMENT_3D('',#10763,#10764,#10765);
#10763 = CARTESIAN_POINT('',(74.009999999996,-75.,17.));
#10764 = DIRECTION('',(0.,0.,1.));
#10765 = DIRECTION('',(1.,0.,0.));
#10766 = ADVANCED_FACE('',(#10767),#10770,.T.);
#10767 = FACE_BOUND('',#10768,.T.);
#10768 = EDGE_LOOP('',(#10769));
#10769 = ORIENTED_EDGE('',*,*,#10084,.T.);
#10770 = PLANE('',#10771);
#10771 = AXIS2_PLACEMENT_3D('',#10772,#10773,#10774);
#10772 = CARTESIAN_POINT('',(74.009999999996,-75.,17.));
#10773 = DIRECTION('',(0.,0.,1.));
#10774 = DIRECTION('',(1.,0.,0.));
#10775 = ADVANCED_FACE('',(#10776),#10779,.T.);
#10776 = FACE_BOUND('',#10777,.T.);
#10777 = EDGE_LOOP('',(#10778));
#10778 = ORIENTED_EDGE('',*,*,#10213,.T.);
#10779 = PLANE('',#10780);
#10780 = AXIS2_PLACEMENT_3D('',#10781,#10782,#10783);
#10781 = CARTESIAN_POINT('',(74.009999999996,-75.,17.));
#10782 = DIRECTION('',(0.,0.,1.));
#10783 = DIRECTION('',(1.,0.,0.));
#10784 = ADVANCED_FACE('',(#10785),#10788,.T.);
#10785 = FACE_BOUND('',#10786,.T.);
#10786 = EDGE_LOOP('',(#10787));
#10787 = ORIENTED_EDGE('',*,*,#10238,.T.);
#10788 = PLANE('',#10789);
#10789 = AXIS2_PLACEMENT_3D('',#10790,#10791,#10792);
#10790 = CARTESIAN_POINT('',(74.009999999996,-75.,17.));
#10791 = DIRECTION('',(0.,0.,1.));
#10792 = DIRECTION('',(1.,0.,0.));
#10793 = ADVANCED_FACE('',(#10794),#10813,.T.);
#10794 = FACE_BOUND('',#10795,.T.);
#10795 = EDGE_LOOP('',(#10796,#10804,#10805,#10806));
#10796 = ORIENTED_EDGE('',*,*,#10797,.F.);
#10797 = EDGE_CURVE('',#10314,#10798,#10800,.T.);
#10798 = VERTEX_POINT('',#10799);
#10799 = CARTESIAN_POINT('',(53.45,-104.,14.25));
#10800 = LINE('',#10801,#10802);
#10801 = CARTESIAN_POINT('',(54.45,-104.,13.25));
#10802 = VECTOR('',#10803,1.);
#10803 = DIRECTION('',(-0.707106781187,0.,0.707106781187));
#10804 = ORIENTED_EDGE('',*,*,#10321,.T.);
#10805 = ORIENTED_EDGE('',*,*,#10797,.T.);
#10806 = ORIENTED_EDGE('',*,*,#10807,.F.);
#10807 = EDGE_CURVE('',#10798,#10798,#10808,.T.);
#10808 = CIRCLE('',#10809,0.45);
#10809 = AXIS2_PLACEMENT_3D('',#10810,#10811,#10812);
#10810 = CARTESIAN_POINT('',(53.,-104.,14.25));
#10811 = DIRECTION('',(0.,0.,1.));
#10812 = DIRECTION('',(1.,0.,0.));
#10813 = CONICAL_SURFACE('',#10814,1.45,0.785398163397);
#10814 = AXIS2_PLACEMENT_3D('',#10815,#10816,#10817);
#10815 = CARTESIAN_POINT('',(53.,-104.,13.25));
#10816 = DIRECTION('',(-0.,-0.,-1.));
#10817 = DIRECTION('',(1.,0.,0.));
#10818 = ADVANCED_FACE('',(#10819),#10838,.T.);
#10819 = FACE_BOUND('',#10820,.T.);
#10820 = EDGE_LOOP('',(#10821,#10829,#10830,#10831));
#10821 = ORIENTED_EDGE('',*,*,#10822,.F.);
#10822 = EDGE_CURVE('',#10339,#10823,#10825,.T.);
#10823 = VERTEX_POINT('',#10824);
#10824 = CARTESIAN_POINT('',(49.45,-76.,14.25));
#10825 = LINE('',#10826,#10827);
#10826 = CARTESIAN_POINT('',(50.45,-76.,13.25));
#10827 = VECTOR('',#10828,1.);
#10828 = DIRECTION('',(-0.707106781187,0.,0.707106781187));
#10829 = ORIENTED_EDGE('',*,*,#10346,.T.);
#10830 = ORIENTED_EDGE('',*,*,#10822,.T.);
#10831 = ORIENTED_EDGE('',*,*,#10832,.F.);
#10832 = EDGE_CURVE('',#10823,#10823,#10833,.T.);
#10833 = CIRCLE('',#10834,0.45);
#10834 = AXIS2_PLACEMENT_3D('',#10835,#10836,#10837);
#10835 = CARTESIAN_POINT('',(49.,-76.,14.25));
#10836 = DIRECTION('',(0.,0.,1.));
#10837 = DIRECTION('',(1.,0.,0.));
#10838 = CONICAL_SURFACE('',#10839,1.45,0.785398163397);
#10839 = AXIS2_PLACEMENT_3D('',#10840,#10841,#10842);
#10840 = CARTESIAN_POINT('',(49.,-76.,13.25));
#10841 = DIRECTION('',(-0.,-0.,-1.));
#10842 = DIRECTION('',(1.,0.,0.));
#10843 = ADVANCED_FACE('',(#10844),#10863,.F.);
#10844 = FACE_BOUND('',#10845,.F.);
#10845 = EDGE_LOOP('',(#10846,#10854,#10861,#10862));
#10846 = ORIENTED_EDGE('',*,*,#10847,.T.);
#10847 = EDGE_CURVE('',#10364,#10848,#10850,.T.);
#10848 = VERTEX_POINT('',#10849);
#10849 = CARTESIAN_POINT('',(12.32,-104.,4.));
#10850 = LINE('',#10851,#10852);
#10851 = CARTESIAN_POINT('',(12.32,-104.,12.));
#10852 = VECTOR('',#10853,1.);
#10853 = DIRECTION('',(-0.,-0.,-1.));
#10854 = ORIENTED_EDGE('',*,*,#10855,.T.);
#10855 = EDGE_CURVE('',#10848,#10848,#10856,.T.);
#10856 = CIRCLE('',#10857,1.32);
#10857 = AXIS2_PLACEMENT_3D('',#10858,#10859,#10860);
#10858 = CARTESIAN_POINT('',(11.,-104.,4.));
#10859 = DIRECTION('',(0.,0.,1.));
#10860 = DIRECTION('',(1.,0.,0.));
#10861 = ORIENTED_EDGE('',*,*,#10847,.F.);
#10862 = ORIENTED_EDGE('',*,*,#10373,.F.);
#10863 = CYLINDRICAL_SURFACE('',#10864,1.32);
#10864 = AXIS2_PLACEMENT_3D('',#10865,#10866,#10867);
#10865 = CARTESIAN_POINT('',(11.,-104.,12.));
#10866 = DIRECTION('',(0.,0.,1.));
#10867 = DIRECTION('',(1.,0.,0.));
#10868 = ADVANCED_FACE('',(#10869),#10888,.F.);
#10869 = FACE_BOUND('',#10870,.F.);
#10870 = EDGE_LOOP('',(#10871,#10879,#10886,#10887));
#10871 = ORIENTED_EDGE('',*,*,#10872,.T.);
#10872 = EDGE_CURVE('',#10389,#10873,#10875,.T.);
#10873 = VERTEX_POINT('',#10874);
#10874 = CARTESIAN_POINT('',(12.32,-76.,4.));
#10875 = LINE('',#10876,#10877);
#10876 = CARTESIAN_POINT('',(12.32,-76.,12.));
#10877 = VECTOR('',#10878,1.);
#10878 = DIRECTION('',(-0.,-0.,-1.));
#10879 = ORIENTED_EDGE('',*,*,#10880,.T.);
#10880 = EDGE_CURVE('',#10873,#10873,#10881,.T.);
#10881 = CIRCLE('',#10882,1.32);
#10882 = AXIS2_PLACEMENT_3D('',#10883,#10884,#10885);
#10883 = CARTESIAN_POINT('',(11.,-76.,4.));
#10884 = DIRECTION('',(0.,0.,1.));
#10885 = DIRECTION('',(1.,0.,0.));
#10886 = ORIENTED_EDGE('',*,*,#10872,.F.);
#10887 = ORIENTED_EDGE('',*,*,#10398,.F.);
#10888 = CYLINDRICAL_SURFACE('',#10889,1.32);
#10889 = AXIS2_PLACEMENT_3D('',#10890,#10891,#10892);
#10890 = CARTESIAN_POINT('',(11.,-76.,12.));
#10891 = DIRECTION('',(0.,0.,1.));
#10892 = DIRECTION('',(1.,0.,0.));
#10893 = ADVANCED_FACE('',(#10894),#10913,.F.);
#10894 = FACE_BOUND('',#10895,.F.);
#10895 = EDGE_LOOP('',(#10896,#10904,#10911,#10912));
#10896 = ORIENTED_EDGE('',*,*,#10897,.T.);
#10897 = EDGE_CURVE('',#10450,#10898,#10900,.T.);
#10898 = VERTEX_POINT('',#10899);
#10899 = CARTESIAN_POINT('',(27.82,-44.375,24.5));
#10900 = LINE('',#10901,#10902);
#10901 = CARTESIAN_POINT('',(27.82,-44.375,32.5));
#10902 = VECTOR('',#10903,1.);
#10903 = DIRECTION('',(-0.,-0.,-1.));
#10904 = ORIENTED_EDGE('',*,*,#10905,.T.);
#10905 = EDGE_CURVE('',#10898,#10898,#10906,.T.);
#10906 = CIRCLE('',#10907,1.32);
#10907 = AXIS2_PLACEMENT_3D('',#10908,#10909,#10910);
#10908 = CARTESIAN_POINT('',(26.5,-44.375,24.5));
#10909 = DIRECTION('',(0.,0.,1.));
#10910 = DIRECTION('',(1.,0.,0.));
#10911 = ORIENTED_EDGE('',*,*,#10897,.F.);
#10912 = ORIENTED_EDGE('',*,*,#10459,.F.);
#10913 = CYLINDRICAL_SURFACE('',#10914,1.32);
#10914 = AXIS2_PLACEMENT_3D('',#10915,#10916,#10917);
#10915 = CARTESIAN_POINT('',(26.5,-44.375,32.5));
#10916 = DIRECTION('',(0.,0.,1.));
#10917 = DIRECTION('',(1.,0.,0.));
#10918 = ADVANCED_FACE('',(#10919),#10922,.T.);
#10919 = FACE_BOUND('',#10920,.T.);
#10920 = EDGE_LOOP('',(#10921));
#10921 = ORIENTED_EDGE('',*,*,#10583,.T.);
#10922 = PLANE('',#10923);
#10923 = AXIS2_PLACEMENT_3D('',#10924,#10925,#10926);
#10924 = CARTESIAN_POINT('',(26.5,-57.875,24.5));
#10925 = DIRECTION('',(0.,0.,1.));
#10926 = DIRECTION('',(1.,0.,0.));
#10927 = ADVANCED_FACE('',(#10928),#10931,.T.);
#10928 = FACE_BOUND('',#10929,.T.);
#10929 = EDGE_LOOP('',(#10930));
#10930 = ORIENTED_EDGE('',*,*,#10619,.T.);
#10931 = PLANE('',#10932);
#10932 = AXIS2_PLACEMENT_3D('',#10933,#10934,#10935);
#10933 = CARTESIAN_POINT('',(26.5,-57.875,24.5));
#10934 = DIRECTION('',(0.,0.,1.));
#10935 = DIRECTION('',(1.,0.,0.));
#10936 = ADVANCED_FACE('',(#10937),#10940,.F.);
#10937 = FACE_BOUND('',#10938,.F.);
#10938 = EDGE_LOOP('',(#10939));
#10939 = ORIENTED_EDGE('',*,*,#10645,.T.);
#10940 = PLANE('',#10941);
#10941 = AXIS2_PLACEMENT_3D('',#10942,#10943,#10944);
#10942 = CARTESIAN_POINT('',(50.,-55.,8.25));
#10943 = DIRECTION('',(0.,0.,1.));
#10944 = DIRECTION('',(1.,0.,0.));
#10945 = ADVANCED_FACE('',(#10946),#10949,.F.);
#10946 = FACE_BOUND('',#10947,.F.);
#10947 = EDGE_LOOP('',(#10948));
#10948 = ORIENTED_EDGE('',*,*,#10670,.T.);
#10949 = PLANE('',#10950);
#10950 = AXIS2_PLACEMENT_3D('',#10951,#10952,#10953);
#10951 = CARTESIAN_POINT('',(50.,-55.,8.25));
#10952 = DIRECTION('',(0.,0.,1.));
#10953 = DIRECTION('',(1.,0.,0.));
#10954 = ADVANCED_FACE('',(#10955),#10958,.F.);
#10955 = FACE_BOUND('',#10956,.F.);
#10956 = EDGE_LOOP('',(#10957));
#10957 = ORIENTED_EDGE('',*,*,#10695,.T.);
#10958 = PLANE('',#10959);
#10959 = AXIS2_PLACEMENT_3D('',#10960,#10961,#10962);
#10960 = CARTESIAN_POINT('',(50.,-55.,8.25));
#10961 = DIRECTION('',(0.,0.,1.));
#10962 = DIRECTION('',(1.,0.,0.));
#10963 = ADVANCED_FACE('',(#10964),#10967,.F.);
#10964 = FACE_BOUND('',#10965,.F.);
#10965 = EDGE_LOOP('',(#10966));
#10966 = ORIENTED_EDGE('',*,*,#10720,.T.);
#10967 = PLANE('',#10968);
#10968 = AXIS2_PLACEMENT_3D('',#10969,#10970,#10971);
#10969 = CARTESIAN_POINT('',(50.,-55.,8.25));
#10970 = DIRECTION('',(0.,0.,1.));
#10971 = DIRECTION('',(1.,0.,0.));
#10972 = ADVANCED_FACE('',(#10973),#10976,.T.);
#10973 = FACE_BOUND('',#10974,.T.);
#10974 = EDGE_LOOP('',(#10975));
#10975 = ORIENTED_EDGE('',*,*,#10744,.T.);
#10976 = PLANE('',#10977);
#10977 = AXIS2_PLACEMENT_3D('',#10978,#10979,#10980);
#10978 = CARTESIAN_POINT('',(36.666666666667,-93.5,4.));
#10979 = DIRECTION('',(0.,0.,1.));
#10980 = DIRECTION('',(1.,0.,0.));
#10981 = ADVANCED_FACE('',(#10982),#10985,.T.);
#10982 = FACE_BOUND('',#10983,.T.);
#10983 = EDGE_LOOP('',(#10984));
#10984 = ORIENTED_EDGE('',*,*,#10807,.T.);
#10985 = PLANE('',#10986);
#10986 = AXIS2_PLACEMENT_3D('',#10987,#10988,#10989);
#10987 = CARTESIAN_POINT('',(51.,-90.,14.25));
#10988 = DIRECTION('',(0.,0.,1.));
#10989 = DIRECTION('',(1.,0.,0.));
#10990 = ADVANCED_FACE('',(#10991),#10994,.T.);
#10991 = FACE_BOUND('',#10992,.T.);
#10992 = EDGE_LOOP('',(#10993));
#10993 = ORIENTED_EDGE('',*,*,#10832,.T.);
#10994 = PLANE('',#10995);
#10995 = AXIS2_PLACEMENT_3D('',#10996,#10997,#10998);
#10996 = CARTESIAN_POINT('',(51.,-90.,14.25));
#10997 = DIRECTION('',(0.,0.,1.));
#10998 = DIRECTION('',(1.,0.,0.));
#10999 = ADVANCED_FACE('',(#11000),#11003,.T.);
#11000 = FACE_BOUND('',#11001,.T.);
#11001 = EDGE_LOOP('',(#11002));
#11002 = ORIENTED_EDGE('',*,*,#10855,.T.);
#11003 = PLANE('',#11004);
#11004 = AXIS2_PLACEMENT_3D('',#11005,#11006,#11007);
#11005 = CARTESIAN_POINT('',(36.666666666667,-93.5,4.));
#11006 = DIRECTION('',(0.,0.,1.));
#11007 = DIRECTION('',(1.,0.,0.));
#11008 = ADVANCED_FACE('',(#11009),#11012,.T.);
#11009 = FACE_BOUND('',#11010,.T.);
#11010 = EDGE_LOOP('',(#11011));
#11011 = ORIENTED_EDGE('',*,*,#10880,.T.);
#11012 = PLANE('',#11013);
#11013 = AXIS2_PLACEMENT_3D('',#11014,#11015,#11016);
#11014 = CARTESIAN_POINT('',(36.666666666667,-93.5,4.));
#11015 = DIRECTION('',(0.,0.,1.));
#11016 = DIRECTION('',(1.,0.,0.));
#11017 = ADVANCED_FACE('',(#11018),#11021,.T.);
#11018 = FACE_BOUND('',#11019,.T.);
#11019 = EDGE_LOOP('',(#11020));
#11020 = ORIENTED_EDGE('',*,*,#10905,.T.);
#11021 = PLANE('',#11022);
#11022 = AXIS2_PLACEMENT_3D('',#11023,#11024,#11025);
#11023 = CARTESIAN_POINT('',(26.5,-57.875,24.5));
#11024 = DIRECTION('',(0.,0.,1.));
#11025 = DIRECTION('',(1.,0.,0.));
#11026 = ( GEOMETRIC_REPRESENTATION_CONTEXT(3) 
GLOBAL_UNCERTAINTY_ASSIGNED_CONTEXT((#11030)) 
GLOBAL_UNIT_ASSIGNED_CONTEXT((#11027,#11028,#11029)) 
REPRESENTATION_CONTEXT('Context #1',
  '3D Context with UNIT and UNCERTAINTY') );
#11027 = ( LENGTH_UNIT() NAMED_UNIT(*) SI_UNIT(.MILLI.,.METRE.) );
#11028 = ( NAMED_UNIT(*) PLANE_ANGLE_UNIT() SI_UNIT($,.RADIAN.) );
#11029 = ( NAMED_UNIT(*) SI_UNIT($,.STERADIAN.) SOLID_ANGLE_UNIT() );
#11030 = UNCERTAINTY_MEASURE_WITH_UNIT(LENGTH_MEASURE(2.E-07),#11027,
  'distance_accuracy_value','confusion accuracy');
#11031 = PRODUCT_RELATED_PRODUCT_CATEGORY('part',$,(#7));
#11032 = MECHANICAL_DESIGN_GEOMETRIC_PRESENTATION_REPRESENTATION('',(
    #11033),#11026);
#11033 = STYLED_ITEM('color',(#11034),#15);
#11034 = PRESENTATION_STYLE_ASSIGNMENT((#11035,#11041));
#11035 = SURFACE_STYLE_USAGE(.BOTH.,#11036);
#11036 = SURFACE_SIDE_STYLE('',(#11037));
#11037 = SURFACE_STYLE_FILL_AREA(#11038);
#11038 = FILL_AREA_STYLE('',(#11039));
#11039 = FILL_AREA_STYLE_COLOUR('',#11040);
#11040 = COLOUR_RGB('',0.678431390124,0.709803936702,0.741176476869);
#11041 = CURVE_STYLE('',#11042,POSITIVE_LENGTH_MEASURE(0.1),#11043);
#11042 = DRAUGHTING_PRE_DEFINED_CURVE_FONT('continuous');
#11043 = COLOUR_RGB('',9.803921802644E-02,9.803921802644E-02,
  9.803921802644E-02);
ENDSEC;
END-ISO-10303-21;
