ISO-10303-21;
HEADER;
FILE_DESCRIPTION(('FreeCAD Model'),'2;1');
FILE_NAME('Open CASCADE Shape Model','2026-09-13T19:05:07',(''),(''),
  'Open CASCADE STEP processor 7.8','FreeCAD','Unknown');
FILE_SCHEMA(('AUTOMOTIVE_DESIGN { 1 0 10303 214 1 1 1 1 }'));
ENDSEC;
DATA;
#1 = APPLICATION_PROTOCOL_DEFINITION('international standard',
  'automotive_design',2000,#2);
#2 = APPLICATION_CONTEXT(
  'core data for automotive mechanical design processes');
#3 = SHAPE_DEFINITION_REPRESENTATION(#4,#10);
#4 = PRODUCT_DEFINITION_SHAPE('','',#5);
#5 = PRODUCT_DEFINITION('design','',#6,#9);
#6 = PRODUCT_DEFINITION_FORMATION('','',#7);
#7 = PRODUCT('LED Separator','LED Separator','',(#8));
#8 = PRODUCT_CONTEXT('',#2,'mechanical');
#9 = PRODUCT_DEFINITION_CONTEXT('part definition',#2,'design');
#10 = ADVANCED_BREP_SHAPE_REPRESENTATION('',(#11,#15),#3037);
#11 = AXIS2_PLACEMENT_3D('',#12,#13,#14);
#12 = CARTESIAN_POINT('',(0.,0.,0.));
#13 = DIRECTION('',(0.,0.,1.));
#14 = DIRECTION('',(1.,0.,-0.));
#15 = MANIFOLD_SOLID_BREP('',#16);
#16 = CLOSED_SHELL('',(#17,#57,#90,#123,#156,#209,#242,#275,#306,#331,
    #499,#524,#692,#723,#815,#907,#925,#943,#976,#994,#1027,#1052,#1077,
    #1102,#1135,#1160,#1185,#1210,#1235,#1261,#1286,#1311,#1337,#1370,
    #1395,#1420,#1445,#1463,#1496,#1521,#1546,#1571,#1604,#1629,#1654,
    #1679,#1704,#1730,#1755,#1780,#1806,#1839,#1864,#1889,#1914,#1931,
    #1979,#2003,#2027,#2051,#2091,#2115,#2139,#2156,#2187,#2211,#2235,
    #2275,#2299,#2323,#2347,#2364,#2381,#2398,#2415,#2432,#2449,#2466,
    #2551,#2568,#2592,#2609,#2634,#2651,#2730,#2742,#2766,#2784,#2826,
    #2843,#2867,#2879,#2928,#2964,#2976,#2993,#3010,#3022));
#17 = ADVANCED_FACE('',(#18),#52,.F.);
#18 = FACE_BOUND('',#19,.F.);
#19 = EDGE_LOOP('',(#20,#30,#38,#46));
#20 = ORIENTED_EDGE('',*,*,#21,.F.);
#21 = EDGE_CURVE('',#22,#24,#26,.T.);
#22 = VERTEX_POINT('',#23);
#23 = CARTESIAN_POINT('',(73.4,-9.29,18.3));
#24 = VERTEX_POINT('',#25);
#25 = CARTESIAN_POINT('',(73.4,-9.29,33.7));
#26 = LINE('',#27,#28);
#27 = CARTESIAN_POINT('',(73.4,-9.29,18.));
#28 = VECTOR('',#29,1.);
#29 = DIRECTION('',(0.,0.,1.));
#30 = ORIENTED_EDGE('',*,*,#31,.F.);
#31 = EDGE_CURVE('',#32,#22,#34,.T.);
#32 = VERTEX_POINT('',#33);
#33 = CARTESIAN_POINT('',(73.4,-1.59,18.3));
#34 = LINE('',#35,#36);
#35 = CARTESIAN_POINT('',(73.4,-1.59,18.3));
#36 = VECTOR('',#37,1.);
#37 = DIRECTION('',(0.,-1.,0.));
#38 = ORIENTED_EDGE('',*,*,#39,.T.);
#39 = EDGE_CURVE('',#32,#40,#42,.T.);
#40 = VERTEX_POINT('',#41);
#41 = CARTESIAN_POINT('',(73.4,-1.59,33.7));
#42 = LINE('',#43,#44);
#43 = CARTESIAN_POINT('',(73.4,-1.59,18.));
#44 = VECTOR('',#45,1.);
#45 = DIRECTION('',(0.,0.,1.));
#46 = ORIENTED_EDGE('',*,*,#47,.T.);
#47 = EDGE_CURVE('',#40,#24,#48,.T.);
#48 = LINE('',#49,#50);
#49 = CARTESIAN_POINT('',(73.4,-1.59,33.7));
#50 = VECTOR('',#51,1.);
#51 = DIRECTION('',(0.,-1.,0.));
#52 = PLANE('',#53);
#53 = AXIS2_PLACEMENT_3D('',#54,#55,#56);
#54 = CARTESIAN_POINT('',(73.4,-1.59,18.));
#55 = DIRECTION('',(1.,0.,0.));
#56 = DIRECTION('',(0.,-1.,0.));
#57 = ADVANCED_FACE('',(#58),#85,.T.);
#58 = FACE_BOUND('',#59,.T.);
#59 = EDGE_LOOP('',(#60,#61,#70,#78));
#60 = ORIENTED_EDGE('',*,*,#21,.F.);
#61 = ORIENTED_EDGE('',*,*,#62,.T.);
#62 = EDGE_CURVE('',#22,#63,#65,.T.);
#63 = VERTEX_POINT('',#64);
#64 = CARTESIAN_POINT('',(73.9,-9.79,18.3));
#65 = CIRCLE('',#66,0.5);
#66 = AXIS2_PLACEMENT_3D('',#67,#68,#69);
#67 = CARTESIAN_POINT('',(73.9,-9.29,18.3));
#68 = DIRECTION('',(0.,0.,1.));
#69 = DIRECTION('',(-1.,0.,0.));
#70 = ORIENTED_EDGE('',*,*,#71,.T.);
#71 = EDGE_CURVE('',#63,#72,#74,.T.);
#72 = VERTEX_POINT('',#73);
#73 = CARTESIAN_POINT('',(73.9,-9.79,33.7));
#74 = LINE('',#75,#76);
#75 = CARTESIAN_POINT('',(73.9,-9.79,18.));
#76 = VECTOR('',#77,1.);
#77 = DIRECTION('',(0.,0.,1.));
#78 = ORIENTED_EDGE('',*,*,#79,.F.);
#79 = EDGE_CURVE('',#24,#72,#80,.T.);
#80 = CIRCLE('',#81,0.5);
#81 = AXIS2_PLACEMENT_3D('',#82,#83,#84);
#82 = CARTESIAN_POINT('',(73.9,-9.29,33.7));
#83 = DIRECTION('',(0.,0.,1.));
#84 = DIRECTION('',(-1.,0.,0.));
#85 = CYLINDRICAL_SURFACE('',#86,0.5);
#86 = AXIS2_PLACEMENT_3D('',#87,#88,#89);
#87 = CARTESIAN_POINT('',(73.9,-9.29,18.));
#88 = DIRECTION('',(0.,0.,1.));
#89 = DIRECTION('',(-1.,0.,0.));
#90 = ADVANCED_FACE('',(#91),#118,.T.);
#91 = FACE_BOUND('',#92,.T.);
#92 = EDGE_LOOP('',(#93,#102,#110,#117));
#93 = ORIENTED_EDGE('',*,*,#94,.T.);
#94 = EDGE_CURVE('',#32,#95,#97,.T.);
#95 = VERTEX_POINT('',#96);
#96 = CARTESIAN_POINT('',(73.7,-1.89,18.));
#97 = ELLIPSE('',#98,0.424264068712,0.3);
#98 = AXIS2_PLACEMENT_3D('',#99,#100,#101);
#99 = CARTESIAN_POINT('',(73.7,-1.89,18.3));
#100 = DIRECTION('',(-0.707106781187,-0.707106781187,0.));
#101 = DIRECTION('',(0.707106781187,-0.707106781187,0.));
#102 = ORIENTED_EDGE('',*,*,#103,.T.);
#103 = EDGE_CURVE('',#95,#104,#106,.T.);
#104 = VERTEX_POINT('',#105);
#105 = CARTESIAN_POINT('',(73.7,-9.29,18.));
#106 = LINE('',#107,#108);
#107 = CARTESIAN_POINT('',(73.7,-1.59,18.));
#108 = VECTOR('',#109,1.);
#109 = DIRECTION('',(0.,-1.,0.));
#110 = ORIENTED_EDGE('',*,*,#111,.F.);
#111 = EDGE_CURVE('',#22,#104,#112,.T.);
#112 = CIRCLE('',#113,0.3);
#113 = AXIS2_PLACEMENT_3D('',#114,#115,#116);
#114 = CARTESIAN_POINT('',(73.7,-9.29,18.3));
#115 = DIRECTION('',(0.,-1.,0.));
#116 = DIRECTION('',(-1.,0.,0.));
#117 = ORIENTED_EDGE('',*,*,#31,.F.);
#118 = CYLINDRICAL_SURFACE('',#119,0.3);
#119 = AXIS2_PLACEMENT_3D('',#120,#121,#122);
#120 = CARTESIAN_POINT('',(73.7,-1.59,18.3));
#121 = DIRECTION('',(0.,-1.,0.));
#122 = DIRECTION('',(-1.,0.,0.));
#123 = ADVANCED_FACE('',(#124),#151,.T.);
#124 = FACE_BOUND('',#125,.F.);
#125 = EDGE_LOOP('',(#126,#135,#143,#150));
#126 = ORIENTED_EDGE('',*,*,#127,.T.);
#127 = EDGE_CURVE('',#40,#128,#130,.T.);
#128 = VERTEX_POINT('',#129);
#129 = CARTESIAN_POINT('',(73.7,-1.89,34.));
#130 = ELLIPSE('',#131,0.424264068712,0.3);
#131 = AXIS2_PLACEMENT_3D('',#132,#133,#134);
#132 = CARTESIAN_POINT('',(73.7,-1.89,33.7));
#133 = DIRECTION('',(0.707106781187,0.707106781187,0.));
#134 = DIRECTION('',(0.707106781187,-0.707106781187,0.));
#135 = ORIENTED_EDGE('',*,*,#136,.T.);
#136 = EDGE_CURVE('',#128,#137,#139,.T.);
#137 = VERTEX_POINT('',#138);
#138 = CARTESIAN_POINT('',(73.7,-9.29,34.));
#139 = LINE('',#140,#141);
#140 = CARTESIAN_POINT('',(73.7,-1.59,34.));
#141 = VECTOR('',#142,1.);
#142 = DIRECTION('',(0.,-1.,0.));
#143 = ORIENTED_EDGE('',*,*,#144,.F.);
#144 = EDGE_CURVE('',#24,#137,#145,.T.);
#145 = CIRCLE('',#146,0.3);
#146 = AXIS2_PLACEMENT_3D('',#147,#148,#149);
#147 = CARTESIAN_POINT('',(73.7,-9.29,33.7));
#148 = DIRECTION('',(0.,1.,-0.));
#149 = DIRECTION('',(-1.,0.,0.));
#150 = ORIENTED_EDGE('',*,*,#47,.F.);
#151 = CYLINDRICAL_SURFACE('',#152,0.3);
#152 = AXIS2_PLACEMENT_3D('',#153,#154,#155);
#153 = CARTESIAN_POINT('',(73.7,-1.59,33.7));
#154 = DIRECTION('',(0.,-1.,0.));
#155 = DIRECTION('',(-1.,0.,0.));
#156 = ADVANCED_FACE('',(#157,#182,#193),#204,.T.);
#157 = FACE_BOUND('',#158,.T.);
#158 = EDGE_LOOP('',(#159,#160,#168,#176));
#159 = ORIENTED_EDGE('',*,*,#39,.T.);
#160 = ORIENTED_EDGE('',*,*,#161,.T.);
#161 = EDGE_CURVE('',#40,#162,#164,.T.);
#162 = VERTEX_POINT('',#163);
#163 = CARTESIAN_POINT('',(94.6,-1.59,33.7));
#164 = LINE('',#165,#166);
#165 = CARTESIAN_POINT('',(73.4,-1.59,33.7));
#166 = VECTOR('',#167,1.);
#167 = DIRECTION('',(1.,0.,0.));
#168 = ORIENTED_EDGE('',*,*,#169,.F.);
#169 = EDGE_CURVE('',#170,#162,#172,.T.);
#170 = VERTEX_POINT('',#171);
#171 = CARTESIAN_POINT('',(94.6,-1.59,18.3));
#172 = LINE('',#173,#174);
#173 = CARTESIAN_POINT('',(94.6,-1.59,18.));
#174 = VECTOR('',#175,1.);
#175 = DIRECTION('',(0.,0.,1.));
#176 = ORIENTED_EDGE('',*,*,#177,.T.);
#177 = EDGE_CURVE('',#170,#32,#178,.T.);
#178 = LINE('',#179,#180);
#179 = CARTESIAN_POINT('',(94.6,-1.59,18.3));
#180 = VECTOR('',#181,1.);
#181 = DIRECTION('',(-1.,0.,0.));
#182 = FACE_BOUND('',#183,.T.);
#183 = EDGE_LOOP('',(#184));
#184 = ORIENTED_EDGE('',*,*,#185,.F.);
#185 = EDGE_CURVE('',#186,#186,#188,.T.);
#186 = VERTEX_POINT('',#187);
#187 = CARTESIAN_POINT('',(82.3,-1.59,21.));
#188 = CIRCLE('',#189,1.7);
#189 = AXIS2_PLACEMENT_3D('',#190,#191,#192);
#190 = CARTESIAN_POINT('',(84.,-1.59,21.));
#191 = DIRECTION('',(0.,1.,-0.));
#192 = DIRECTION('',(-1.,0.,0.));
#193 = FACE_BOUND('',#194,.T.);
#194 = EDGE_LOOP('',(#195));
#195 = ORIENTED_EDGE('',*,*,#196,.F.);
#196 = EDGE_CURVE('',#197,#197,#199,.T.);
#197 = VERTEX_POINT('',#198);
#198 = CARTESIAN_POINT('',(82.3,-1.59,31.));
#199 = CIRCLE('',#200,1.7);
#200 = AXIS2_PLACEMENT_3D('',#201,#202,#203);
#201 = CARTESIAN_POINT('',(84.,-1.59,31.));
#202 = DIRECTION('',(0.,1.,-0.));
#203 = DIRECTION('',(-1.,0.,0.));
#204 = PLANE('',#205);
#205 = AXIS2_PLACEMENT_3D('',#206,#207,#208);
#206 = CARTESIAN_POINT('',(84.,-1.59,26.));
#207 = DIRECTION('',(0.,1.,0.));
#208 = DIRECTION('',(0.,0.,1.));
#209 = ADVANCED_FACE('',(#210),#230,.T.);
#210 = FACE_BOUND('',#211,.F.);
#211 = EDGE_LOOP('',(#212,#213,#214,#223));
#212 = ORIENTED_EDGE('',*,*,#111,.F.);
#213 = ORIENTED_EDGE('',*,*,#62,.T.);
#214 = ORIENTED_EDGE('',*,*,#215,.T.);
#215 = EDGE_CURVE('',#63,#216,#218,.T.);
#216 = VERTEX_POINT('',#217);
#217 = CARTESIAN_POINT('',(73.9,-9.49,18.));
#218 = CIRCLE('',#219,0.3);
#219 = AXIS2_PLACEMENT_3D('',#220,#221,#222);
#220 = CARTESIAN_POINT('',(73.9,-9.49,18.3));
#221 = DIRECTION('',(1.,-6.E-17,0.));
#222 = DIRECTION('',(-6.E-17,-1.,0.));
#223 = ORIENTED_EDGE('',*,*,#224,.F.);
#224 = EDGE_CURVE('',#104,#216,#225,.T.);
#225 = CIRCLE('',#226,0.2);
#226 = AXIS2_PLACEMENT_3D('',#227,#228,#229);
#227 = CARTESIAN_POINT('',(73.9,-9.29,18.));
#228 = DIRECTION('',(0.,0.,1.));
#229 = DIRECTION('',(-1.,0.,0.));
#230 = SURFACE_OF_REVOLUTION('',#231,#239);
#231 = B_SPLINE_CURVE_WITH_KNOTS('',6,(#232,#233,#234,#235,#236,#237,
    #238),.UNSPECIFIED.,.F.,.F.,(7,7),(0.,1.570796326795),
  .PIECEWISE_BEZIER_KNOTS.);
#232 = CARTESIAN_POINT('',(73.4,-9.29,18.3));
#233 = CARTESIAN_POINT('',(73.4,-9.29,18.22146018366));
#234 = CARTESIAN_POINT('',(73.424668305806,-9.29,18.142927049788));
#235 = CARTESIAN_POINT('',(73.474042955108,-9.29,18.074042955108));
#236 = CARTESIAN_POINT('',(73.542927049788,-9.29,18.024668305806));
#237 = CARTESIAN_POINT('',(73.62146018366,-9.29,18.));
#238 = CARTESIAN_POINT('',(73.7,-9.29,18.));
#239 = AXIS1_PLACEMENT('',#240,#241);
#240 = CARTESIAN_POINT('',(73.9,-9.29,18.3));
#241 = DIRECTION('',(-0.,-0.,-1.));
#242 = ADVANCED_FACE('',(#243),#263,.T.);
#243 = FACE_BOUND('',#244,.T.);
#244 = EDGE_LOOP('',(#245,#246,#247,#256));
#245 = ORIENTED_EDGE('',*,*,#144,.F.);
#246 = ORIENTED_EDGE('',*,*,#79,.T.);
#247 = ORIENTED_EDGE('',*,*,#248,.T.);
#248 = EDGE_CURVE('',#72,#249,#251,.T.);
#249 = VERTEX_POINT('',#250);
#250 = CARTESIAN_POINT('',(73.9,-9.49,34.));
#251 = CIRCLE('',#252,0.3);
#252 = AXIS2_PLACEMENT_3D('',#253,#254,#255);
#253 = CARTESIAN_POINT('',(73.9,-9.49,33.7));
#254 = DIRECTION('',(-1.,6.E-17,0.));
#255 = DIRECTION('',(-6.E-17,-1.,0.));
#256 = ORIENTED_EDGE('',*,*,#257,.F.);
#257 = EDGE_CURVE('',#137,#249,#258,.T.);
#258 = CIRCLE('',#259,0.2);
#259 = AXIS2_PLACEMENT_3D('',#260,#261,#262);
#260 = CARTESIAN_POINT('',(73.9,-9.29,34.));
#261 = DIRECTION('',(0.,0.,1.));
#262 = DIRECTION('',(-1.,0.,0.));
#263 = SURFACE_OF_REVOLUTION('',#264,#272);
#264 = B_SPLINE_CURVE_WITH_KNOTS('',6,(#265,#266,#267,#268,#269,#270,
    #271),.UNSPECIFIED.,.F.,.F.,(7,7),(0.,1.570796326795),
  .PIECEWISE_BEZIER_KNOTS.);
#265 = CARTESIAN_POINT('',(73.4,-9.29,33.7));
#266 = CARTESIAN_POINT('',(73.4,-9.29,33.77853981634));
#267 = CARTESIAN_POINT('',(73.424668305806,-9.29,33.857072950211));
#268 = CARTESIAN_POINT('',(73.474042955108,-9.29,33.925957044892));
#269 = CARTESIAN_POINT('',(73.542927049788,-9.29,33.975331694194));
#270 = CARTESIAN_POINT('',(73.62146018366,-9.29,34.));
#271 = CARTESIAN_POINT('',(73.7,-9.29,34.));
#272 = AXIS1_PLACEMENT('',#273,#274);
#273 = CARTESIAN_POINT('',(73.9,-9.29,33.7));
#274 = DIRECTION('',(0.,0.,1.));
#275 = ADVANCED_FACE('',(#276),#301,.F.);
#276 = FACE_BOUND('',#277,.F.);
#277 = EDGE_LOOP('',(#278,#279,#287,#295));
#278 = ORIENTED_EDGE('',*,*,#71,.T.);
#279 = ORIENTED_EDGE('',*,*,#280,.T.);
#280 = EDGE_CURVE('',#72,#281,#283,.T.);
#281 = VERTEX_POINT('',#282);
#282 = CARTESIAN_POINT('',(74.,-9.79,33.7));
#283 = LINE('',#284,#285);
#284 = CARTESIAN_POINT('',(73.9,-9.79,33.7));
#285 = VECTOR('',#286,1.);
#286 = DIRECTION('',(1.,0.,0.));
#287 = ORIENTED_EDGE('',*,*,#288,.F.);
#288 = EDGE_CURVE('',#289,#281,#291,.T.);
#289 = VERTEX_POINT('',#290);
#290 = CARTESIAN_POINT('',(74.,-9.79,18.3));
#291 = LINE('',#292,#293);
#292 = CARTESIAN_POINT('',(74.,-9.79,18.));
#293 = VECTOR('',#294,1.);
#294 = DIRECTION('',(0.,0.,1.));
#295 = ORIENTED_EDGE('',*,*,#296,.F.);
#296 = EDGE_CURVE('',#63,#289,#297,.T.);
#297 = LINE('',#298,#299);
#298 = CARTESIAN_POINT('',(73.9,-9.79,18.3));
#299 = VECTOR('',#300,1.);
#300 = DIRECTION('',(1.,0.,0.));
#301 = PLANE('',#302);
#302 = AXIS2_PLACEMENT_3D('',#303,#304,#305);
#303 = CARTESIAN_POINT('',(73.4,-9.79,18.));
#304 = DIRECTION('',(0.,1.,0.));
#305 = DIRECTION('',(1.,0.,0.));
#306 = ADVANCED_FACE('',(#307),#326,.T.);
#307 = FACE_BOUND('',#308,.F.);
#308 = EDGE_LOOP('',(#309,#318,#319,#320));
#309 = ORIENTED_EDGE('',*,*,#310,.T.);
#310 = EDGE_CURVE('',#311,#170,#313,.T.);
#311 = VERTEX_POINT('',#312);
#312 = CARTESIAN_POINT('',(94.3,-1.89,18.));
#313 = ELLIPSE('',#314,0.424264068712,0.3);
#314 = AXIS2_PLACEMENT_3D('',#315,#316,#317);
#315 = CARTESIAN_POINT('',(94.3,-1.89,18.3));
#316 = DIRECTION('',(0.707106781187,-0.707106781187,0.));
#317 = DIRECTION('',(-0.707106781187,-0.707106781187,0.));
#318 = ORIENTED_EDGE('',*,*,#177,.T.);
#319 = ORIENTED_EDGE('',*,*,#94,.T.);
#320 = ORIENTED_EDGE('',*,*,#321,.F.);
#321 = EDGE_CURVE('',#311,#95,#322,.T.);
#322 = LINE('',#323,#324);
#323 = CARTESIAN_POINT('',(94.6,-1.89,18.));
#324 = VECTOR('',#325,1.);
#325 = DIRECTION('',(-1.,0.,0.));
#326 = CYLINDRICAL_SURFACE('',#327,0.3);
#327 = AXIS2_PLACEMENT_3D('',#328,#329,#330);
#328 = CARTESIAN_POINT('',(94.6,-1.89,18.3));
#329 = DIRECTION('',(-1.,0.,0.));
#330 = DIRECTION('',(0.,0.,-1.));
#331 = ADVANCED_FACE('',(#332),#494,.F.);
#332 = FACE_BOUND('',#333,.F.);
#333 = EDGE_LOOP('',(#334,#335,#336,#344,#353,#361,#369,#377,#386,#394,
    #403,#411,#420,#428,#437,#445,#453,#461,#470,#478,#487,#493));
#334 = ORIENTED_EDGE('',*,*,#103,.T.);
#335 = ORIENTED_EDGE('',*,*,#224,.T.);
#336 = ORIENTED_EDGE('',*,*,#337,.T.);
#337 = EDGE_CURVE('',#216,#338,#340,.T.);
#338 = VERTEX_POINT('',#339);
#339 = CARTESIAN_POINT('',(74.,-9.49,18.));
#340 = LINE('',#341,#342);
#341 = CARTESIAN_POINT('',(73.9,-9.49,18.));
#342 = VECTOR('',#343,1.);
#343 = DIRECTION('',(1.,0.,0.));
#344 = ORIENTED_EDGE('',*,*,#345,.T.);
#345 = EDGE_CURVE('',#338,#346,#348,.T.);
#346 = VERTEX_POINT('',#347);
#347 = CARTESIAN_POINT('',(74.2,-9.29,18.));
#348 = CIRCLE('',#349,0.2);
#349 = AXIS2_PLACEMENT_3D('',#350,#351,#352);
#350 = CARTESIAN_POINT('',(74.,-9.29,18.));
#351 = DIRECTION('',(-0.,0.,1.));
#352 = DIRECTION('',(0.,-1.,0.));
#353 = ORIENTED_EDGE('',*,*,#354,.T.);
#354 = EDGE_CURVE('',#346,#355,#357,.T.);
#355 = VERTEX_POINT('',#356);
#356 = CARTESIAN_POINT('',(74.2,-8.834030650891,18.));
#357 = LINE('',#358,#359);
#358 = CARTESIAN_POINT('',(74.2,-9.29,18.));
#359 = VECTOR('',#360,1.);
#360 = DIRECTION('',(0.,1.,0.));
#361 = ORIENTED_EDGE('',*,*,#362,.T.);
#362 = EDGE_CURVE('',#355,#363,#365,.T.);
#363 = VERTEX_POINT('',#364);
#364 = CARTESIAN_POINT('',(73.9,-7.834030650891,18.));
#365 = LINE('',#366,#367);
#366 = CARTESIAN_POINT('',(74.212652114434,-8.87620436567,18.));
#367 = VECTOR('',#368,1.);
#368 = DIRECTION('',(-0.287347885566,0.957826285221,0.));
#369 = ORIENTED_EDGE('',*,*,#370,.T.);
#370 = EDGE_CURVE('',#363,#371,#373,.T.);
#371 = VERTEX_POINT('',#372);
#372 = CARTESIAN_POINT('',(73.9,-5.79,18.));
#373 = LINE('',#374,#375);
#374 = CARTESIAN_POINT('',(73.9,-7.79,18.));
#375 = VECTOR('',#376,1.);
#376 = DIRECTION('',(0.,1.,0.));
#377 = ORIENTED_EDGE('',*,*,#378,.T.);
#378 = EDGE_CURVE('',#371,#379,#381,.T.);
#379 = VERTEX_POINT('',#380);
#380 = CARTESIAN_POINT('',(78.5,-5.79,18.));
#381 = CIRCLE('',#382,2.3);
#382 = AXIS2_PLACEMENT_3D('',#383,#384,#385);
#383 = CARTESIAN_POINT('',(76.2,-5.79,18.));
#384 = DIRECTION('',(0.,0.,-1.));
#385 = DIRECTION('',(-1.,0.,0.));
#386 = ORIENTED_EDGE('',*,*,#387,.T.);
#387 = EDGE_CURVE('',#379,#388,#390,.T.);
#388 = VERTEX_POINT('',#389);
#389 = CARTESIAN_POINT('',(78.5,-6.29,18.));
#390 = LINE('',#391,#392);
#391 = CARTESIAN_POINT('',(78.5,-5.79,18.));
#392 = VECTOR('',#393,1.);
#393 = DIRECTION('',(0.,-1.,0.));
#394 = ORIENTED_EDGE('',*,*,#395,.T.);
#395 = EDGE_CURVE('',#388,#396,#398,.T.);
#396 = VERTEX_POINT('',#397);
#397 = CARTESIAN_POINT('',(78.7,-6.49,18.));
#398 = CIRCLE('',#399,0.2);
#399 = AXIS2_PLACEMENT_3D('',#400,#401,#402);
#400 = CARTESIAN_POINT('',(78.7,-6.29,18.));
#401 = DIRECTION('',(0.,0.,1.));
#402 = DIRECTION('',(-1.,0.,0.));
#403 = ORIENTED_EDGE('',*,*,#404,.T.);
#404 = EDGE_CURVE('',#396,#405,#407,.T.);
#405 = VERTEX_POINT('',#406);
#406 = CARTESIAN_POINT('',(89.3,-6.49,18.));
#407 = LINE('',#408,#409);
#408 = CARTESIAN_POINT('',(78.7,-6.49,18.));
#409 = VECTOR('',#410,1.);
#410 = DIRECTION('',(1.,0.,0.));
#411 = ORIENTED_EDGE('',*,*,#412,.T.);
#412 = EDGE_CURVE('',#405,#413,#415,.T.);
#413 = VERTEX_POINT('',#414);
#414 = CARTESIAN_POINT('',(89.5,-6.29,18.));
#415 = CIRCLE('',#416,0.2);
#416 = AXIS2_PLACEMENT_3D('',#417,#418,#419);
#417 = CARTESIAN_POINT('',(89.3,-6.29,18.));
#418 = DIRECTION('',(-0.,0.,1.));
#419 = DIRECTION('',(0.,-1.,0.));
#420 = ORIENTED_EDGE('',*,*,#421,.T.);
#421 = EDGE_CURVE('',#413,#422,#424,.T.);
#422 = VERTEX_POINT('',#423);
#423 = CARTESIAN_POINT('',(89.5,-5.79,18.));
#424 = LINE('',#425,#426);
#425 = CARTESIAN_POINT('',(89.5,-6.29,18.));
#426 = VECTOR('',#427,1.);
#427 = DIRECTION('',(0.,1.,0.));
#428 = ORIENTED_EDGE('',*,*,#429,.T.);
#429 = EDGE_CURVE('',#422,#430,#432,.T.);
#430 = VERTEX_POINT('',#431);
#431 = CARTESIAN_POINT('',(94.1,-5.79,18.));
#432 = CIRCLE('',#433,2.3);
#433 = AXIS2_PLACEMENT_3D('',#434,#435,#436);
#434 = CARTESIAN_POINT('',(91.8,-5.79,18.));
#435 = DIRECTION('',(0.,0.,-1.));
#436 = DIRECTION('',(-1.,1.33E-15,0.));
#437 = ORIENTED_EDGE('',*,*,#438,.T.);
#438 = EDGE_CURVE('',#430,#439,#441,.T.);
#439 = VERTEX_POINT('',#440);
#440 = CARTESIAN_POINT('',(94.1,-7.834030650891,18.));
#441 = LINE('',#442,#443);
#442 = CARTESIAN_POINT('',(94.1,-5.79,18.));
#443 = VECTOR('',#444,1.);
#444 = DIRECTION('',(-0.,-1.,-0.));
#445 = ORIENTED_EDGE('',*,*,#446,.F.);
#446 = EDGE_CURVE('',#447,#439,#449,.T.);
#447 = VERTEX_POINT('',#448);
#448 = CARTESIAN_POINT('',(93.8,-8.834030650891,18.));
#449 = LINE('',#450,#451);
#450 = CARTESIAN_POINT('',(93.787347885566,-8.87620436567,18.));
#451 = VECTOR('',#452,1.);
#452 = DIRECTION('',(0.287347885566,0.957826285221,0.));
#453 = ORIENTED_EDGE('',*,*,#454,.F.);
#454 = EDGE_CURVE('',#455,#447,#457,.T.);
#455 = VERTEX_POINT('',#456);
#456 = CARTESIAN_POINT('',(93.8,-9.29,18.));
#457 = LINE('',#458,#459);
#458 = CARTESIAN_POINT('',(93.8,-9.29,18.));
#459 = VECTOR('',#460,1.);
#460 = DIRECTION('',(0.,1.,0.));
#461 = ORIENTED_EDGE('',*,*,#462,.F.);
#462 = EDGE_CURVE('',#463,#455,#465,.T.);
#463 = VERTEX_POINT('',#464);
#464 = CARTESIAN_POINT('',(94.,-9.49,18.));
#465 = CIRCLE('',#466,0.2);
#466 = AXIS2_PLACEMENT_3D('',#467,#468,#469);
#467 = CARTESIAN_POINT('',(94.,-9.29,18.));
#468 = DIRECTION('',(-0.,-0.,-1.));
#469 = DIRECTION('',(0.,-1.,0.));
#470 = ORIENTED_EDGE('',*,*,#471,.F.);
#471 = EDGE_CURVE('',#472,#463,#474,.T.);
#472 = VERTEX_POINT('',#473);
#473 = CARTESIAN_POINT('',(94.1,-9.49,18.));
#474 = LINE('',#475,#476);
#475 = CARTESIAN_POINT('',(94.1,-9.49,18.));
#476 = VECTOR('',#477,1.);
#477 = DIRECTION('',(-1.,0.,0.));
#478 = ORIENTED_EDGE('',*,*,#479,.F.);
#479 = EDGE_CURVE('',#480,#472,#482,.T.);
#480 = VERTEX_POINT('',#481);
#481 = CARTESIAN_POINT('',(94.3,-9.29,18.));
#482 = CIRCLE('',#483,0.2);
#483 = AXIS2_PLACEMENT_3D('',#484,#485,#486);
#484 = CARTESIAN_POINT('',(94.1,-9.29,18.));
#485 = DIRECTION('',(0.,0.,-1.));
#486 = DIRECTION('',(1.,0.,0.));
#487 = ORIENTED_EDGE('',*,*,#488,.F.);
#488 = EDGE_CURVE('',#311,#480,#489,.T.);
#489 = LINE('',#490,#491);
#490 = CARTESIAN_POINT('',(94.3,-1.59,18.));
#491 = VECTOR('',#492,1.);
#492 = DIRECTION('',(0.,-1.,0.));
#493 = ORIENTED_EDGE('',*,*,#321,.T.);
#494 = PLANE('',#495);
#495 = AXIS2_PLACEMENT_3D('',#496,#497,#498);
#496 = CARTESIAN_POINT('',(84.,-4.879426880765,18.));
#497 = DIRECTION('',(0.,0.,1.));
#498 = DIRECTION('',(1.,0.,0.));
#499 = ADVANCED_FACE('',(#500),#519,.T.);
#500 = FACE_BOUND('',#501,.T.);
#501 = EDGE_LOOP('',(#502,#503,#511,#518));
#502 = ORIENTED_EDGE('',*,*,#127,.T.);
#503 = ORIENTED_EDGE('',*,*,#504,.T.);
#504 = EDGE_CURVE('',#128,#505,#507,.T.);
#505 = VERTEX_POINT('',#506);
#506 = CARTESIAN_POINT('',(94.3,-1.89,34.));
#507 = LINE('',#508,#509);
#508 = CARTESIAN_POINT('',(73.4,-1.89,34.));
#509 = VECTOR('',#510,1.);
#510 = DIRECTION('',(1.,0.,0.));
#511 = ORIENTED_EDGE('',*,*,#512,.F.);
#512 = EDGE_CURVE('',#162,#505,#513,.T.);
#513 = ELLIPSE('',#514,0.424264068712,0.3);
#514 = AXIS2_PLACEMENT_3D('',#515,#516,#517);
#515 = CARTESIAN_POINT('',(94.3,-1.89,33.7));
#516 = DIRECTION('',(0.707106781187,-0.707106781187,0.));
#517 = DIRECTION('',(0.707106781187,0.707106781187,0.));
#518 = ORIENTED_EDGE('',*,*,#161,.F.);
#519 = CYLINDRICAL_SURFACE('',#520,0.3);
#520 = AXIS2_PLACEMENT_3D('',#521,#522,#523);
#521 = CARTESIAN_POINT('',(73.4,-1.89,33.7));
#522 = DIRECTION('',(1.,0.,0.));
#523 = DIRECTION('',(0.,1.,0.));
#524 = ADVANCED_FACE('',(#525),#687,.T.);
#525 = FACE_BOUND('',#526,.T.);
#526 = EDGE_LOOP('',(#527,#528,#529,#537,#546,#554,#562,#570,#579,#587,
    #596,#604,#613,#621,#630,#638,#646,#654,#663,#671,#680,#686));
#527 = ORIENTED_EDGE('',*,*,#136,.T.);
#528 = ORIENTED_EDGE('',*,*,#257,.T.);
#529 = ORIENTED_EDGE('',*,*,#530,.T.);
#530 = EDGE_CURVE('',#249,#531,#533,.T.);
#531 = VERTEX_POINT('',#532);
#532 = CARTESIAN_POINT('',(74.,-9.49,34.));
#533 = LINE('',#534,#535);
#534 = CARTESIAN_POINT('',(73.9,-9.49,34.));
#535 = VECTOR('',#536,1.);
#536 = DIRECTION('',(1.,0.,0.));
#537 = ORIENTED_EDGE('',*,*,#538,.T.);
#538 = EDGE_CURVE('',#531,#539,#541,.T.);
#539 = VERTEX_POINT('',#540);
#540 = CARTESIAN_POINT('',(74.2,-9.29,34.));
#541 = CIRCLE('',#542,0.2);
#542 = AXIS2_PLACEMENT_3D('',#543,#544,#545);
#543 = CARTESIAN_POINT('',(74.,-9.29,34.));
#544 = DIRECTION('',(-0.,0.,1.));
#545 = DIRECTION('',(0.,-1.,0.));
#546 = ORIENTED_EDGE('',*,*,#547,.T.);
#547 = EDGE_CURVE('',#539,#548,#550,.T.);
#548 = VERTEX_POINT('',#549);
#549 = CARTESIAN_POINT('',(74.2,-8.834030650891,34.));
#550 = LINE('',#551,#552);
#551 = CARTESIAN_POINT('',(74.2,-9.29,34.));
#552 = VECTOR('',#553,1.);
#553 = DIRECTION('',(0.,1.,0.));
#554 = ORIENTED_EDGE('',*,*,#555,.T.);
#555 = EDGE_CURVE('',#548,#556,#558,.T.);
#556 = VERTEX_POINT('',#557);
#557 = CARTESIAN_POINT('',(73.9,-7.834030650891,34.));
#558 = LINE('',#559,#560);
#559 = CARTESIAN_POINT('',(74.212652114434,-8.87620436567,34.));
#560 = VECTOR('',#561,1.);
#561 = DIRECTION('',(-0.287347885566,0.957826285221,0.));
#562 = ORIENTED_EDGE('',*,*,#563,.T.);
#563 = EDGE_CURVE('',#556,#564,#566,.T.);
#564 = VERTEX_POINT('',#565);
#565 = CARTESIAN_POINT('',(73.9,-5.79,34.));
#566 = LINE('',#567,#568);
#567 = CARTESIAN_POINT('',(73.9,-7.79,34.));
#568 = VECTOR('',#569,1.);
#569 = DIRECTION('',(0.,1.,0.));
#570 = ORIENTED_EDGE('',*,*,#571,.T.);
#571 = EDGE_CURVE('',#564,#572,#574,.T.);
#572 = VERTEX_POINT('',#573);
#573 = CARTESIAN_POINT('',(78.5,-5.79,34.));
#574 = CIRCLE('',#575,2.3);
#575 = AXIS2_PLACEMENT_3D('',#576,#577,#578);
#576 = CARTESIAN_POINT('',(76.2,-5.79,34.));
#577 = DIRECTION('',(0.,0.,-1.));
#578 = DIRECTION('',(-1.,0.,0.));
#579 = ORIENTED_EDGE('',*,*,#580,.T.);
#580 = EDGE_CURVE('',#572,#581,#583,.T.);
#581 = VERTEX_POINT('',#582);
#582 = CARTESIAN_POINT('',(78.5,-6.29,34.));
#583 = LINE('',#584,#585);
#584 = CARTESIAN_POINT('',(78.5,-5.79,34.));
#585 = VECTOR('',#586,1.);
#586 = DIRECTION('',(0.,-1.,0.));
#587 = ORIENTED_EDGE('',*,*,#588,.T.);
#588 = EDGE_CURVE('',#581,#589,#591,.T.);
#589 = VERTEX_POINT('',#590);
#590 = CARTESIAN_POINT('',(78.7,-6.49,34.));
#591 = CIRCLE('',#592,0.2);
#592 = AXIS2_PLACEMENT_3D('',#593,#594,#595);
#593 = CARTESIAN_POINT('',(78.7,-6.29,34.));
#594 = DIRECTION('',(0.,0.,1.));
#595 = DIRECTION('',(-1.,0.,0.));
#596 = ORIENTED_EDGE('',*,*,#597,.T.);
#597 = EDGE_CURVE('',#589,#598,#600,.T.);
#598 = VERTEX_POINT('',#599);
#599 = CARTESIAN_POINT('',(89.3,-6.49,34.));
#600 = LINE('',#601,#602);
#601 = CARTESIAN_POINT('',(78.7,-6.49,34.));
#602 = VECTOR('',#603,1.);
#603 = DIRECTION('',(1.,0.,0.));
#604 = ORIENTED_EDGE('',*,*,#605,.T.);
#605 = EDGE_CURVE('',#598,#606,#608,.T.);
#606 = VERTEX_POINT('',#607);
#607 = CARTESIAN_POINT('',(89.5,-6.29,34.));
#608 = CIRCLE('',#609,0.2);
#609 = AXIS2_PLACEMENT_3D('',#610,#611,#612);
#610 = CARTESIAN_POINT('',(89.3,-6.29,34.));
#611 = DIRECTION('',(-0.,0.,1.));
#612 = DIRECTION('',(0.,-1.,0.));
#613 = ORIENTED_EDGE('',*,*,#614,.T.);
#614 = EDGE_CURVE('',#606,#615,#617,.T.);
#615 = VERTEX_POINT('',#616);
#616 = CARTESIAN_POINT('',(89.5,-5.79,34.));
#617 = LINE('',#618,#619);
#618 = CARTESIAN_POINT('',(89.5,-6.29,34.));
#619 = VECTOR('',#620,1.);
#620 = DIRECTION('',(0.,1.,0.));
#621 = ORIENTED_EDGE('',*,*,#622,.T.);
#622 = EDGE_CURVE('',#615,#623,#625,.T.);
#623 = VERTEX_POINT('',#624);
#624 = CARTESIAN_POINT('',(94.1,-5.79,34.));
#625 = CIRCLE('',#626,2.3);
#626 = AXIS2_PLACEMENT_3D('',#627,#628,#629);
#627 = CARTESIAN_POINT('',(91.8,-5.79,34.));
#628 = DIRECTION('',(0.,0.,-1.));
#629 = DIRECTION('',(-1.,1.33E-15,0.));
#630 = ORIENTED_EDGE('',*,*,#631,.T.);
#631 = EDGE_CURVE('',#623,#632,#634,.T.);
#632 = VERTEX_POINT('',#633);
#633 = CARTESIAN_POINT('',(94.1,-7.834030650891,34.));
#634 = LINE('',#635,#636);
#635 = CARTESIAN_POINT('',(94.1,-5.79,34.));
#636 = VECTOR('',#637,1.);
#637 = DIRECTION('',(-0.,-1.,-0.));
#638 = ORIENTED_EDGE('',*,*,#639,.F.);
#639 = EDGE_CURVE('',#640,#632,#642,.T.);
#640 = VERTEX_POINT('',#641);
#641 = CARTESIAN_POINT('',(93.8,-8.834030650891,34.));
#642 = LINE('',#643,#644);
#643 = CARTESIAN_POINT('',(93.787347885566,-8.87620436567,34.));
#644 = VECTOR('',#645,1.);
#645 = DIRECTION('',(0.287347885566,0.957826285221,0.));
#646 = ORIENTED_EDGE('',*,*,#647,.F.);
#647 = EDGE_CURVE('',#648,#640,#650,.T.);
#648 = VERTEX_POINT('',#649);
#649 = CARTESIAN_POINT('',(93.8,-9.29,34.));
#650 = LINE('',#651,#652);
#651 = CARTESIAN_POINT('',(93.8,-9.29,34.));
#652 = VECTOR('',#653,1.);
#653 = DIRECTION('',(0.,1.,0.));
#654 = ORIENTED_EDGE('',*,*,#655,.F.);
#655 = EDGE_CURVE('',#656,#648,#658,.T.);
#656 = VERTEX_POINT('',#657);
#657 = CARTESIAN_POINT('',(94.,-9.49,34.));
#658 = CIRCLE('',#659,0.2);
#659 = AXIS2_PLACEMENT_3D('',#660,#661,#662);
#660 = CARTESIAN_POINT('',(94.,-9.29,34.));
#661 = DIRECTION('',(-0.,-0.,-1.));
#662 = DIRECTION('',(0.,-1.,0.));
#663 = ORIENTED_EDGE('',*,*,#664,.F.);
#664 = EDGE_CURVE('',#665,#656,#667,.T.);
#665 = VERTEX_POINT('',#666);
#666 = CARTESIAN_POINT('',(94.1,-9.49,34.));
#667 = LINE('',#668,#669);
#668 = CARTESIAN_POINT('',(94.1,-9.49,34.));
#669 = VECTOR('',#670,1.);
#670 = DIRECTION('',(-1.,0.,0.));
#671 = ORIENTED_EDGE('',*,*,#672,.F.);
#672 = EDGE_CURVE('',#673,#665,#675,.T.);
#673 = VERTEX_POINT('',#674);
#674 = CARTESIAN_POINT('',(94.3,-9.29,34.));
#675 = CIRCLE('',#676,0.2);
#676 = AXIS2_PLACEMENT_3D('',#677,#678,#679);
#677 = CARTESIAN_POINT('',(94.1,-9.29,34.));
#678 = DIRECTION('',(0.,0.,-1.));
#679 = DIRECTION('',(1.,0.,0.));
#680 = ORIENTED_EDGE('',*,*,#681,.F.);
#681 = EDGE_CURVE('',#505,#673,#682,.T.);
#682 = LINE('',#683,#684);
#683 = CARTESIAN_POINT('',(94.3,-1.59,34.));
#684 = VECTOR('',#685,1.);
#685 = DIRECTION('',(0.,-1.,0.));
#686 = ORIENTED_EDGE('',*,*,#504,.F.);
#687 = PLANE('',#688);
#688 = AXIS2_PLACEMENT_3D('',#689,#690,#691);
#689 = CARTESIAN_POINT('',(84.,-4.879426880765,34.));
#690 = DIRECTION('',(0.,0.,1.));
#691 = DIRECTION('',(1.,0.,0.));
#692 = ADVANCED_FACE('',(#693),#718,.T.);
#693 = FACE_BOUND('',#694,.T.);
#694 = EDGE_LOOP('',(#695,#705,#711,#712));
#695 = ORIENTED_EDGE('',*,*,#696,.F.);
#696 = EDGE_CURVE('',#697,#699,#701,.T.);
#697 = VERTEX_POINT('',#698);
#698 = CARTESIAN_POINT('',(94.6,-9.29,18.3));
#699 = VERTEX_POINT('',#700);
#700 = CARTESIAN_POINT('',(94.6,-9.29,33.7));
#701 = LINE('',#702,#703);
#702 = CARTESIAN_POINT('',(94.6,-9.29,18.));
#703 = VECTOR('',#704,1.);
#704 = DIRECTION('',(0.,0.,1.));
#705 = ORIENTED_EDGE('',*,*,#706,.F.);
#706 = EDGE_CURVE('',#170,#697,#707,.T.);
#707 = LINE('',#708,#709);
#708 = CARTESIAN_POINT('',(94.6,-1.59,18.3));
#709 = VECTOR('',#710,1.);
#710 = DIRECTION('',(0.,-1.,0.));
#711 = ORIENTED_EDGE('',*,*,#169,.T.);
#712 = ORIENTED_EDGE('',*,*,#713,.T.);
#713 = EDGE_CURVE('',#162,#699,#714,.T.);
#714 = LINE('',#715,#716);
#715 = CARTESIAN_POINT('',(94.6,-1.59,33.7));
#716 = VECTOR('',#717,1.);
#717 = DIRECTION('',(0.,-1.,0.));
#718 = PLANE('',#719);
#719 = AXIS2_PLACEMENT_3D('',#720,#721,#722);
#720 = CARTESIAN_POINT('',(94.6,-1.59,18.));
#721 = DIRECTION('',(1.,0.,0.));
#722 = DIRECTION('',(0.,-1.,0.));
#723 = ADVANCED_FACE('',(#724),#810,.F.);
#724 = FACE_BOUND('',#725,.F.);
#725 = EDGE_LOOP('',(#726,#727,#734,#743,#751,#760,#768,#777,#785,#794,
    #802,#809));
#726 = ORIENTED_EDGE('',*,*,#185,.F.);
#727 = ORIENTED_EDGE('',*,*,#728,.F.);
#728 = EDGE_CURVE('',#729,#186,#731,.T.);
#729 = VERTEX_POINT('',#730);
#730 = CARTESIAN_POINT('',(82.3,-4.04,21.));
#731 = B_SPLINE_CURVE_WITH_KNOTS('',1,(#732,#733),.UNSPECIFIED.,.F.,.F.,
  (2,2),(-2.45,0.),.PIECEWISE_BEZIER_KNOTS.);
#732 = CARTESIAN_POINT('',(82.3,-4.04,21.));
#733 = CARTESIAN_POINT('',(82.3,-1.59,21.));
#734 = ORIENTED_EDGE('',*,*,#735,.F.);
#735 = EDGE_CURVE('',#736,#729,#738,.T.);
#736 = VERTEX_POINT('',#737);
#737 = CARTESIAN_POINT('',(83.25,-4.04,22.525614630239));
#738 = CIRCLE('',#739,1.7);
#739 = AXIS2_PLACEMENT_3D('',#740,#741,#742);
#740 = CARTESIAN_POINT('',(84.,-4.04,21.));
#741 = DIRECTION('',(0.,-1.,2.2E-16));
#742 = DIRECTION('',(1.,0.,0.));
#743 = ORIENTED_EDGE('',*,*,#744,.F.);
#744 = EDGE_CURVE('',#745,#736,#747,.T.);
#745 = VERTEX_POINT('',#746);
#746 = CARTESIAN_POINT('',(83.25,-2.79,22.525614630239));
#747 = LINE('',#748,#749);
#748 = CARTESIAN_POINT('',(83.25,-2.79,22.525614630239));
#749 = VECTOR('',#750,1.);
#750 = DIRECTION('',(0.,-1.,2.2E-16));
#751 = ORIENTED_EDGE('',*,*,#752,.T.);
#752 = EDGE_CURVE('',#745,#753,#755,.T.);
#753 = VERTEX_POINT('',#754);
#754 = CARTESIAN_POINT('',(84.75,-2.79,22.525614630239));
#755 = CIRCLE('',#756,1.7);
#756 = AXIS2_PLACEMENT_3D('',#757,#758,#759);
#757 = CARTESIAN_POINT('',(84.,-2.79,21.));
#758 = DIRECTION('',(0.,1.,-2.2E-16));
#759 = DIRECTION('',(-1.,0.,0.));
#760 = ORIENTED_EDGE('',*,*,#761,.T.);
#761 = EDGE_CURVE('',#753,#762,#764,.T.);
#762 = VERTEX_POINT('',#763);
#763 = CARTESIAN_POINT('',(84.75,-4.04,22.525614630239));
#764 = LINE('',#765,#766);
#765 = CARTESIAN_POINT('',(84.75,-2.79,22.525614630239));
#766 = VECTOR('',#767,1.);
#767 = DIRECTION('',(0.,-1.,2.2E-16));
#768 = ORIENTED_EDGE('',*,*,#769,.F.);
#769 = EDGE_CURVE('',#770,#762,#772,.T.);
#770 = VERTEX_POINT('',#771);
#771 = CARTESIAN_POINT('',(84.75,-4.04,19.474385369761));
#772 = CIRCLE('',#773,1.7);
#773 = AXIS2_PLACEMENT_3D('',#774,#775,#776);
#774 = CARTESIAN_POINT('',(84.,-4.04,21.));
#775 = DIRECTION('',(0.,-1.,2.2E-16));
#776 = DIRECTION('',(1.,0.,0.));
#777 = ORIENTED_EDGE('',*,*,#778,.F.);
#778 = EDGE_CURVE('',#779,#770,#781,.T.);
#779 = VERTEX_POINT('',#780);
#780 = CARTESIAN_POINT('',(84.75,-2.79,19.474385369761));
#781 = LINE('',#782,#783);
#782 = CARTESIAN_POINT('',(84.75,-2.79,19.474385369761));
#783 = VECTOR('',#784,1.);
#784 = DIRECTION('',(0.,-1.,2.2E-16));
#785 = ORIENTED_EDGE('',*,*,#786,.T.);
#786 = EDGE_CURVE('',#779,#787,#789,.T.);
#787 = VERTEX_POINT('',#788);
#788 = CARTESIAN_POINT('',(83.25,-2.79,19.474385369761));
#789 = CIRCLE('',#790,1.7);
#790 = AXIS2_PLACEMENT_3D('',#791,#792,#793);
#791 = CARTESIAN_POINT('',(84.,-2.79,21.));
#792 = DIRECTION('',(0.,1.,-2.2E-16));
#793 = DIRECTION('',(-1.,0.,0.));
#794 = ORIENTED_EDGE('',*,*,#795,.T.);
#795 = EDGE_CURVE('',#787,#796,#798,.T.);
#796 = VERTEX_POINT('',#797);
#797 = CARTESIAN_POINT('',(83.25,-4.04,19.474385369761));
#798 = LINE('',#799,#800);
#799 = CARTESIAN_POINT('',(83.25,-2.79,19.474385369761));
#800 = VECTOR('',#801,1.);
#801 = DIRECTION('',(0.,-1.,2.2E-16));
#802 = ORIENTED_EDGE('',*,*,#803,.F.);
#803 = EDGE_CURVE('',#729,#796,#804,.T.);
#804 = CIRCLE('',#805,1.7);
#805 = AXIS2_PLACEMENT_3D('',#806,#807,#808);
#806 = CARTESIAN_POINT('',(84.,-4.04,21.));
#807 = DIRECTION('',(0.,-1.,2.2E-16));
#808 = DIRECTION('',(1.,0.,0.));
#809 = ORIENTED_EDGE('',*,*,#728,.T.);
#810 = CYLINDRICAL_SURFACE('',#811,1.7);
#811 = AXIS2_PLACEMENT_3D('',#812,#813,#814);
#812 = CARTESIAN_POINT('',(84.,-1.59,21.));
#813 = DIRECTION('',(0.,1.,-2.2E-16));
#814 = DIRECTION('',(-1.,0.,0.));
#815 = ADVANCED_FACE('',(#816),#902,.F.);
#816 = FACE_BOUND('',#817,.F.);
#817 = EDGE_LOOP('',(#818,#819,#826,#835,#843,#852,#860,#869,#877,#886,
    #894,#901));
#818 = ORIENTED_EDGE('',*,*,#196,.F.);
#819 = ORIENTED_EDGE('',*,*,#820,.F.);
#820 = EDGE_CURVE('',#821,#197,#823,.T.);
#821 = VERTEX_POINT('',#822);
#822 = CARTESIAN_POINT('',(82.3,-4.04,31.));
#823 = B_SPLINE_CURVE_WITH_KNOTS('',1,(#824,#825),.UNSPECIFIED.,.F.,.F.,
  (2,2),(-2.45,-2.66E-15),.PIECEWISE_BEZIER_KNOTS.);
#824 = CARTESIAN_POINT('',(82.3,-4.04,31.));
#825 = CARTESIAN_POINT('',(82.3,-1.59,31.));
#826 = ORIENTED_EDGE('',*,*,#827,.F.);
#827 = EDGE_CURVE('',#828,#821,#830,.T.);
#828 = VERTEX_POINT('',#829);
#829 = CARTESIAN_POINT('',(83.25,-4.04,32.525614630239));
#830 = CIRCLE('',#831,1.7);
#831 = AXIS2_PLACEMENT_3D('',#832,#833,#834);
#832 = CARTESIAN_POINT('',(84.,-4.04,31.));
#833 = DIRECTION('',(0.,-1.,2.2E-16));
#834 = DIRECTION('',(1.,0.,0.));
#835 = ORIENTED_EDGE('',*,*,#836,.F.);
#836 = EDGE_CURVE('',#837,#828,#839,.T.);
#837 = VERTEX_POINT('',#838);
#838 = CARTESIAN_POINT('',(83.25,-2.79,32.525614630239));
#839 = LINE('',#840,#841);
#840 = CARTESIAN_POINT('',(83.25,-2.79,32.525614630239));
#841 = VECTOR('',#842,1.);
#842 = DIRECTION('',(0.,-1.,2.2E-16));
#843 = ORIENTED_EDGE('',*,*,#844,.T.);
#844 = EDGE_CURVE('',#837,#845,#847,.T.);
#845 = VERTEX_POINT('',#846);
#846 = CARTESIAN_POINT('',(84.75,-2.79,32.525614630239));
#847 = CIRCLE('',#848,1.7);
#848 = AXIS2_PLACEMENT_3D('',#849,#850,#851);
#849 = CARTESIAN_POINT('',(84.,-2.79,31.));
#850 = DIRECTION('',(0.,1.,-2.2E-16));
#851 = DIRECTION('',(-1.,0.,0.));
#852 = ORIENTED_EDGE('',*,*,#853,.T.);
#853 = EDGE_CURVE('',#845,#854,#856,.T.);
#854 = VERTEX_POINT('',#855);
#855 = CARTESIAN_POINT('',(84.75,-4.04,32.525614630239));
#856 = LINE('',#857,#858);
#857 = CARTESIAN_POINT('',(84.75,-2.79,32.525614630239));
#858 = VECTOR('',#859,1.);
#859 = DIRECTION('',(0.,-1.,2.2E-16));
#860 = ORIENTED_EDGE('',*,*,#861,.F.);
#861 = EDGE_CURVE('',#862,#854,#864,.T.);
#862 = VERTEX_POINT('',#863);
#863 = CARTESIAN_POINT('',(84.75,-4.04,29.474385369761));
#864 = CIRCLE('',#865,1.7);
#865 = AXIS2_PLACEMENT_3D('',#866,#867,#868);
#866 = CARTESIAN_POINT('',(84.,-4.04,31.));
#867 = DIRECTION('',(0.,-1.,2.2E-16));
#868 = DIRECTION('',(1.,0.,0.));
#869 = ORIENTED_EDGE('',*,*,#870,.F.);
#870 = EDGE_CURVE('',#871,#862,#873,.T.);
#871 = VERTEX_POINT('',#872);
#872 = CARTESIAN_POINT('',(84.75,-2.79,29.474385369761));
#873 = LINE('',#874,#875);
#874 = CARTESIAN_POINT('',(84.75,-2.79,29.474385369761));
#875 = VECTOR('',#876,1.);
#876 = DIRECTION('',(0.,-1.,2.2E-16));
#877 = ORIENTED_EDGE('',*,*,#878,.T.);
#878 = EDGE_CURVE('',#871,#879,#881,.T.);
#879 = VERTEX_POINT('',#880);
#880 = CARTESIAN_POINT('',(83.25,-2.79,29.474385369761));
#881 = CIRCLE('',#882,1.7);
#882 = AXIS2_PLACEMENT_3D('',#883,#884,#885);
#883 = CARTESIAN_POINT('',(84.,-2.79,31.));
#884 = DIRECTION('',(0.,1.,-2.2E-16));
#885 = DIRECTION('',(-1.,0.,0.));
#886 = ORIENTED_EDGE('',*,*,#887,.T.);
#887 = EDGE_CURVE('',#879,#888,#890,.T.);
#888 = VERTEX_POINT('',#889);
#889 = CARTESIAN_POINT('',(83.25,-4.04,29.474385369761));
#890 = LINE('',#891,#892);
#891 = CARTESIAN_POINT('',(83.25,-2.79,29.474385369761));
#892 = VECTOR('',#893,1.);
#893 = DIRECTION('',(0.,-1.,2.2E-16));
#894 = ORIENTED_EDGE('',*,*,#895,.F.);
#895 = EDGE_CURVE('',#821,#888,#896,.T.);
#896 = CIRCLE('',#897,1.7);
#897 = AXIS2_PLACEMENT_3D('',#898,#899,#900);
#898 = CARTESIAN_POINT('',(84.,-4.04,31.));
#899 = DIRECTION('',(0.,-1.,2.2E-16));
#900 = DIRECTION('',(1.,0.,0.));
#901 = ORIENTED_EDGE('',*,*,#820,.T.);
#902 = CYLINDRICAL_SURFACE('',#903,1.7);
#903 = AXIS2_PLACEMENT_3D('',#904,#905,#906);
#904 = CARTESIAN_POINT('',(84.,-1.59,31.));
#905 = DIRECTION('',(0.,1.,-2.2E-16));
#906 = DIRECTION('',(-1.,0.,0.));
#907 = ADVANCED_FACE('',(#908),#920,.T.);
#908 = FACE_BOUND('',#909,.T.);
#909 = EDGE_LOOP('',(#910,#911,#912,#919));
#910 = ORIENTED_EDGE('',*,*,#215,.T.);
#911 = ORIENTED_EDGE('',*,*,#337,.T.);
#912 = ORIENTED_EDGE('',*,*,#913,.F.);
#913 = EDGE_CURVE('',#289,#338,#914,.T.);
#914 = CIRCLE('',#915,0.3);
#915 = AXIS2_PLACEMENT_3D('',#916,#917,#918);
#916 = CARTESIAN_POINT('',(74.,-9.49,18.3));
#917 = DIRECTION('',(1.,0.,0.));
#918 = DIRECTION('',(0.,-1.,0.));
#919 = ORIENTED_EDGE('',*,*,#296,.F.);
#920 = CYLINDRICAL_SURFACE('',#921,0.3);
#921 = AXIS2_PLACEMENT_3D('',#922,#923,#924);
#922 = CARTESIAN_POINT('',(73.9,-9.49,18.3));
#923 = DIRECTION('',(1.,0.,0.));
#924 = DIRECTION('',(0.,-1.,0.));
#925 = ADVANCED_FACE('',(#926),#938,.T.);
#926 = FACE_BOUND('',#927,.F.);
#927 = EDGE_LOOP('',(#928,#929,#930,#937));
#928 = ORIENTED_EDGE('',*,*,#248,.T.);
#929 = ORIENTED_EDGE('',*,*,#530,.T.);
#930 = ORIENTED_EDGE('',*,*,#931,.F.);
#931 = EDGE_CURVE('',#281,#531,#932,.T.);
#932 = CIRCLE('',#933,0.3);
#933 = AXIS2_PLACEMENT_3D('',#934,#935,#936);
#934 = CARTESIAN_POINT('',(74.,-9.49,33.7));
#935 = DIRECTION('',(-1.,0.,0.));
#936 = DIRECTION('',(0.,-1.,0.));
#937 = ORIENTED_EDGE('',*,*,#280,.F.);
#938 = CYLINDRICAL_SURFACE('',#939,0.3);
#939 = AXIS2_PLACEMENT_3D('',#940,#941,#942);
#940 = CARTESIAN_POINT('',(73.9,-9.49,33.7));
#941 = DIRECTION('',(1.,0.,0.));
#942 = DIRECTION('',(0.,-1.,0.));
#943 = ADVANCED_FACE('',(#944),#971,.T.);
#944 = FACE_BOUND('',#945,.T.);
#945 = EDGE_LOOP('',(#946,#947,#956,#964));
#946 = ORIENTED_EDGE('',*,*,#288,.F.);
#947 = ORIENTED_EDGE('',*,*,#948,.T.);
#948 = EDGE_CURVE('',#289,#949,#951,.T.);
#949 = VERTEX_POINT('',#950);
#950 = CARTESIAN_POINT('',(74.5,-9.29,18.3));
#951 = CIRCLE('',#952,0.5);
#952 = AXIS2_PLACEMENT_3D('',#953,#954,#955);
#953 = CARTESIAN_POINT('',(74.,-9.29,18.3));
#954 = DIRECTION('',(-0.,0.,1.));
#955 = DIRECTION('',(0.,-1.,0.));
#956 = ORIENTED_EDGE('',*,*,#957,.T.);
#957 = EDGE_CURVE('',#949,#958,#960,.T.);
#958 = VERTEX_POINT('',#959);
#959 = CARTESIAN_POINT('',(74.5,-9.29,33.7));
#960 = LINE('',#961,#962);
#961 = CARTESIAN_POINT('',(74.5,-9.29,18.));
#962 = VECTOR('',#963,1.);
#963 = DIRECTION('',(0.,0.,1.));
#964 = ORIENTED_EDGE('',*,*,#965,.F.);
#965 = EDGE_CURVE('',#281,#958,#966,.T.);
#966 = CIRCLE('',#967,0.5);
#967 = AXIS2_PLACEMENT_3D('',#968,#969,#970);
#968 = CARTESIAN_POINT('',(74.,-9.29,33.7));
#969 = DIRECTION('',(-0.,0.,1.));
#970 = DIRECTION('',(0.,-1.,0.));
#971 = CYLINDRICAL_SURFACE('',#972,0.5);
#972 = AXIS2_PLACEMENT_3D('',#973,#974,#975);
#973 = CARTESIAN_POINT('',(74.,-9.29,18.));
#974 = DIRECTION('',(0.,0.,1.));
#975 = DIRECTION('',(0.,-1.,0.));
#976 = ADVANCED_FACE('',(#977),#989,.T.);
#977 = FACE_BOUND('',#978,.T.);
#978 = EDGE_LOOP('',(#979,#980,#981,#988));
#979 = ORIENTED_EDGE('',*,*,#310,.T.);
#980 = ORIENTED_EDGE('',*,*,#706,.T.);
#981 = ORIENTED_EDGE('',*,*,#982,.F.);
#982 = EDGE_CURVE('',#480,#697,#983,.T.);
#983 = CIRCLE('',#984,0.3);
#984 = AXIS2_PLACEMENT_3D('',#985,#986,#987);
#985 = CARTESIAN_POINT('',(94.3,-9.29,18.3));
#986 = DIRECTION('',(0.,-1.,0.));
#987 = DIRECTION('',(-0.,-0.,-1.));
#988 = ORIENTED_EDGE('',*,*,#488,.F.);
#989 = CYLINDRICAL_SURFACE('',#990,0.3);
#990 = AXIS2_PLACEMENT_3D('',#991,#992,#993);
#991 = CARTESIAN_POINT('',(94.3,-1.59,18.3));
#992 = DIRECTION('',(0.,-1.,0.));
#993 = DIRECTION('',(-0.,-0.,-1.));
#994 = ADVANCED_FACE('',(#995),#1015,.T.);
#995 = FACE_BOUND('',#996,.F.);
#996 = EDGE_LOOP('',(#997,#998,#999,#1008));
#997 = ORIENTED_EDGE('',*,*,#982,.F.);
#998 = ORIENTED_EDGE('',*,*,#479,.T.);
#999 = ORIENTED_EDGE('',*,*,#1000,.T.);
#1000 = EDGE_CURVE('',#472,#1001,#1003,.T.);
#1001 = VERTEX_POINT('',#1002);
#1002 = CARTESIAN_POINT('',(94.1,-9.79,18.3));
#1003 = CIRCLE('',#1004,0.3);
#1004 = AXIS2_PLACEMENT_3D('',#1005,#1006,#1007);
#1005 = CARTESIAN_POINT('',(94.1,-9.49,18.3));
#1006 = DIRECTION('',(-1.,-6.E-17,0.));
#1007 = DIRECTION('',(6.E-17,-1.,0.));
#1008 = ORIENTED_EDGE('',*,*,#1009,.F.);
#1009 = EDGE_CURVE('',#697,#1001,#1010,.T.);
#1010 = CIRCLE('',#1011,0.5);
#1011 = AXIS2_PLACEMENT_3D('',#1012,#1013,#1014);
#1012 = CARTESIAN_POINT('',(94.1,-9.29,18.3));
#1013 = DIRECTION('',(0.,0.,-1.));
#1014 = DIRECTION('',(1.,0.,0.));
#1015 = SURFACE_OF_REVOLUTION('',#1016,#1024);
#1016 = B_SPLINE_CURVE_WITH_KNOTS('',6,(#1017,#1018,#1019,#1020,#1021,
    #1022,#1023),.UNSPECIFIED.,.F.,.F.,(7,7),(4.712388980385,
    6.28318530718),.PIECEWISE_BEZIER_KNOTS.);
#1017 = CARTESIAN_POINT('',(94.3,-9.29,18.));
#1018 = CARTESIAN_POINT('',(94.37853981634,-9.29,18.));
#1019 = CARTESIAN_POINT('',(94.457072950212,-9.29,18.024668305806));
#1020 = CARTESIAN_POINT('',(94.525957044892,-9.29,18.074042955108));
#1021 = CARTESIAN_POINT('',(94.575331694194,-9.29,18.142927049789));
#1022 = CARTESIAN_POINT('',(94.6,-9.29,18.22146018366));
#1023 = CARTESIAN_POINT('',(94.6,-9.29,18.3));
#1024 = AXIS1_PLACEMENT('',#1025,#1026);
#1025 = CARTESIAN_POINT('',(94.1,-9.29,18.3));
#1026 = DIRECTION('',(0.,0.,1.));
#1027 = ADVANCED_FACE('',(#1028),#1040,.T.);
#1028 = FACE_BOUND('',#1029,.F.);
#1029 = EDGE_LOOP('',(#1030,#1031,#1032,#1039));
#1030 = ORIENTED_EDGE('',*,*,#913,.F.);
#1031 = ORIENTED_EDGE('',*,*,#948,.T.);
#1032 = ORIENTED_EDGE('',*,*,#1033,.T.);
#1033 = EDGE_CURVE('',#949,#346,#1034,.T.);
#1034 = CIRCLE('',#1035,0.3);
#1035 = AXIS2_PLACEMENT_3D('',#1036,#1037,#1038);
#1036 = CARTESIAN_POINT('',(74.2,-9.29,18.3));
#1037 = DIRECTION('',(6.E-17,1.,0.));
#1038 = DIRECTION('',(1.,-6.E-17,0.));
#1039 = ORIENTED_EDGE('',*,*,#345,.F.);
#1040 = SURFACE_OF_REVOLUTION('',#1041,#1049);
#1041 = B_SPLINE_CURVE_WITH_KNOTS('',6,(#1042,#1043,#1044,#1045,#1046,
    #1047,#1048),.UNSPECIFIED.,.F.,.F.,(7,7),(0.,1.570796326795),
  .PIECEWISE_BEZIER_KNOTS.);
#1042 = CARTESIAN_POINT('',(74.,-9.79,18.3));
#1043 = CARTESIAN_POINT('',(74.,-9.79,18.22146018366));
#1044 = CARTESIAN_POINT('',(74.,-9.765331694194,18.142927049788));
#1045 = CARTESIAN_POINT('',(74.,-9.715957044892,18.074042955108));
#1046 = CARTESIAN_POINT('',(74.,-9.647072950212,18.024668305806));
#1047 = CARTESIAN_POINT('',(74.,-9.56853981634,18.));
#1048 = CARTESIAN_POINT('',(74.,-9.49,18.));
#1049 = AXIS1_PLACEMENT('',#1050,#1051);
#1050 = CARTESIAN_POINT('',(74.,-9.29,18.3));
#1051 = DIRECTION('',(-0.,-0.,-1.));
#1052 = ADVANCED_FACE('',(#1053),#1072,.T.);
#1053 = FACE_BOUND('',#1054,.T.);
#1054 = EDGE_LOOP('',(#1055,#1056,#1064,#1071));
#1055 = ORIENTED_EDGE('',*,*,#1000,.T.);
#1056 = ORIENTED_EDGE('',*,*,#1057,.T.);
#1057 = EDGE_CURVE('',#1001,#1058,#1060,.T.);
#1058 = VERTEX_POINT('',#1059);
#1059 = CARTESIAN_POINT('',(94.,-9.79,18.3));
#1060 = LINE('',#1061,#1062);
#1061 = CARTESIAN_POINT('',(94.1,-9.79,18.3));
#1062 = VECTOR('',#1063,1.);
#1063 = DIRECTION('',(-1.,0.,0.));
#1064 = ORIENTED_EDGE('',*,*,#1065,.F.);
#1065 = EDGE_CURVE('',#463,#1058,#1066,.T.);
#1066 = CIRCLE('',#1067,0.3);
#1067 = AXIS2_PLACEMENT_3D('',#1068,#1069,#1070);
#1068 = CARTESIAN_POINT('',(94.,-9.49,18.3));
#1069 = DIRECTION('',(-1.,0.,0.));
#1070 = DIRECTION('',(0.,0.,-1.));
#1071 = ORIENTED_EDGE('',*,*,#471,.F.);
#1072 = CYLINDRICAL_SURFACE('',#1073,0.3);
#1073 = AXIS2_PLACEMENT_3D('',#1074,#1075,#1076);
#1074 = CARTESIAN_POINT('',(94.1,-9.49,18.3));
#1075 = DIRECTION('',(-1.,0.,0.));
#1076 = DIRECTION('',(0.,0.,-1.));
#1077 = ADVANCED_FACE('',(#1078),#1097,.T.);
#1078 = FACE_BOUND('',#1079,.T.);
#1079 = EDGE_LOOP('',(#1080,#1081,#1082,#1091));
#1080 = ORIENTED_EDGE('',*,*,#1033,.T.);
#1081 = ORIENTED_EDGE('',*,*,#354,.T.);
#1082 = ORIENTED_EDGE('',*,*,#1083,.F.);
#1083 = EDGE_CURVE('',#1084,#355,#1086,.T.);
#1084 = VERTEX_POINT('',#1085);
#1085 = CARTESIAN_POINT('',(74.5,-8.79,18.3));
#1086 = ELLIPSE('',#1087,0.303213947928,0.3);
#1087 = AXIS2_PLACEMENT_3D('',#1088,#1089,#1090);
#1088 = CARTESIAN_POINT('',(74.2,-8.834030650891,18.3));
#1089 = DIRECTION('',(-0.145213144685,0.989400395497,0.));
#1090 = DIRECTION('',(0.989400395497,0.145213144685,0.));
#1091 = ORIENTED_EDGE('',*,*,#1092,.F.);
#1092 = EDGE_CURVE('',#949,#1084,#1093,.T.);
#1093 = LINE('',#1094,#1095);
#1094 = CARTESIAN_POINT('',(74.5,-9.29,18.3));
#1095 = VECTOR('',#1096,1.);
#1096 = DIRECTION('',(0.,1.,0.));
#1097 = CYLINDRICAL_SURFACE('',#1098,0.3);
#1098 = AXIS2_PLACEMENT_3D('',#1099,#1100,#1101);
#1099 = CARTESIAN_POINT('',(74.2,-9.29,18.3));
#1100 = DIRECTION('',(0.,1.,0.));
#1101 = DIRECTION('',(1.,0.,0.));
#1102 = ADVANCED_FACE('',(#1103),#1123,.T.);
#1103 = FACE_BOUND('',#1104,.F.);
#1104 = EDGE_LOOP('',(#1105,#1106,#1107,#1116));
#1105 = ORIENTED_EDGE('',*,*,#1065,.F.);
#1106 = ORIENTED_EDGE('',*,*,#462,.T.);
#1107 = ORIENTED_EDGE('',*,*,#1108,.T.);
#1108 = EDGE_CURVE('',#455,#1109,#1111,.T.);
#1109 = VERTEX_POINT('',#1110);
#1110 = CARTESIAN_POINT('',(93.5,-9.29,18.3));
#1111 = CIRCLE('',#1112,0.3);
#1112 = AXIS2_PLACEMENT_3D('',#1113,#1114,#1115);
#1113 = CARTESIAN_POINT('',(93.8,-9.29,18.3));
#1114 = DIRECTION('',(-6.E-17,1.,0.));
#1115 = DIRECTION('',(-1.,-6.E-17,0.));
#1116 = ORIENTED_EDGE('',*,*,#1117,.F.);
#1117 = EDGE_CURVE('',#1058,#1109,#1118,.T.);
#1118 = CIRCLE('',#1119,0.5);
#1119 = AXIS2_PLACEMENT_3D('',#1120,#1121,#1122);
#1120 = CARTESIAN_POINT('',(94.,-9.29,18.3));
#1121 = DIRECTION('',(-0.,-0.,-1.));
#1122 = DIRECTION('',(0.,-1.,0.));
#1123 = SURFACE_OF_REVOLUTION('',#1124,#1132);
#1124 = B_SPLINE_CURVE_WITH_KNOTS('',6,(#1125,#1126,#1127,#1128,#1129,
    #1130,#1131),.UNSPECIFIED.,.F.,.F.,(7,7),(4.712388980385,
    6.28318530718),.PIECEWISE_BEZIER_KNOTS.);
#1125 = CARTESIAN_POINT('',(94.,-9.49,18.));
#1126 = CARTESIAN_POINT('',(94.,-9.56853981634,18.));
#1127 = CARTESIAN_POINT('',(94.,-9.647072950212,18.024668305806));
#1128 = CARTESIAN_POINT('',(93.999999999999,-9.715957044892,
    18.074042955108));
#1129 = CARTESIAN_POINT('',(94.,-9.765331694194,18.142927049789));
#1130 = CARTESIAN_POINT('',(94.,-9.79,18.22146018366));
#1131 = CARTESIAN_POINT('',(94.,-9.79,18.3));
#1132 = AXIS1_PLACEMENT('',#1133,#1134);
#1133 = CARTESIAN_POINT('',(94.,-9.29,18.3));
#1134 = DIRECTION('',(0.,0.,1.));
#1135 = ADVANCED_FACE('',(#1136),#1155,.T.);
#1136 = FACE_BOUND('',#1137,.F.);
#1137 = EDGE_LOOP('',(#1138,#1139,#1147,#1154));
#1138 = ORIENTED_EDGE('',*,*,#1083,.F.);
#1139 = ORIENTED_EDGE('',*,*,#1140,.T.);
#1140 = EDGE_CURVE('',#1084,#1141,#1143,.T.);
#1141 = VERTEX_POINT('',#1142);
#1142 = CARTESIAN_POINT('',(74.2,-7.79,18.3));
#1143 = LINE('',#1144,#1145);
#1144 = CARTESIAN_POINT('',(74.5,-8.79,18.3));
#1145 = VECTOR('',#1146,1.);
#1146 = DIRECTION('',(-0.287347885566,0.957826285221,0.));
#1147 = ORIENTED_EDGE('',*,*,#1148,.F.);
#1148 = EDGE_CURVE('',#363,#1141,#1149,.T.);
#1149 = ELLIPSE('',#1150,0.303213947928,0.3);
#1150 = AXIS2_PLACEMENT_3D('',#1151,#1152,#1153);
#1151 = CARTESIAN_POINT('',(73.9,-7.834030650891,18.3));
#1152 = DIRECTION('',(0.145213144685,-0.989400395497,0.));
#1153 = DIRECTION('',(-0.989400395497,-0.145213144685,0.));
#1154 = ORIENTED_EDGE('',*,*,#362,.F.);
#1155 = CYLINDRICAL_SURFACE('',#1156,0.3);
#1156 = AXIS2_PLACEMENT_3D('',#1157,#1158,#1159);
#1157 = CARTESIAN_POINT('',(74.212652114434,-8.87620436567,18.3));
#1158 = DIRECTION('',(-0.287347885566,0.957826285221,0.));
#1159 = DIRECTION('',(0.,0.,-1.));
#1160 = ADVANCED_FACE('',(#1161),#1180,.T.);
#1161 = FACE_BOUND('',#1162,.T.);
#1162 = EDGE_LOOP('',(#1163,#1164,#1172,#1179));
#1163 = ORIENTED_EDGE('',*,*,#1108,.T.);
#1164 = ORIENTED_EDGE('',*,*,#1165,.T.);
#1165 = EDGE_CURVE('',#1109,#1166,#1168,.T.);
#1166 = VERTEX_POINT('',#1167);
#1167 = CARTESIAN_POINT('',(93.5,-8.79,18.3));
#1168 = LINE('',#1169,#1170);
#1169 = CARTESIAN_POINT('',(93.5,-9.29,18.3));
#1170 = VECTOR('',#1171,1.);
#1171 = DIRECTION('',(0.,1.,0.));
#1172 = ORIENTED_EDGE('',*,*,#1173,.F.);
#1173 = EDGE_CURVE('',#447,#1166,#1174,.T.);
#1174 = ELLIPSE('',#1175,0.303213947928,0.3);
#1175 = AXIS2_PLACEMENT_3D('',#1176,#1177,#1178);
#1176 = CARTESIAN_POINT('',(93.8,-8.834030650891,18.3));
#1177 = DIRECTION('',(0.145213144685,0.989400395497,-0.));
#1178 = DIRECTION('',(-0.989400395497,0.145213144685,0.));
#1179 = ORIENTED_EDGE('',*,*,#454,.F.);
#1180 = CYLINDRICAL_SURFACE('',#1181,0.3);
#1181 = AXIS2_PLACEMENT_3D('',#1182,#1183,#1184);
#1182 = CARTESIAN_POINT('',(93.8,-9.29,18.3));
#1183 = DIRECTION('',(0.,1.,0.));
#1184 = DIRECTION('',(0.,0.,-1.));
#1185 = ADVANCED_FACE('',(#1186),#1205,.T.);
#1186 = FACE_BOUND('',#1187,.F.);
#1187 = EDGE_LOOP('',(#1188,#1189,#1197,#1204));
#1188 = ORIENTED_EDGE('',*,*,#1148,.T.);
#1189 = ORIENTED_EDGE('',*,*,#1190,.T.);
#1190 = EDGE_CURVE('',#1141,#1191,#1193,.T.);
#1191 = VERTEX_POINT('',#1192);
#1192 = CARTESIAN_POINT('',(74.2,-5.79,18.3));
#1193 = LINE('',#1194,#1195);
#1194 = CARTESIAN_POINT('',(74.2,-7.79,18.3));
#1195 = VECTOR('',#1196,1.);
#1196 = DIRECTION('',(0.,1.,0.));
#1197 = ORIENTED_EDGE('',*,*,#1198,.F.);
#1198 = EDGE_CURVE('',#371,#1191,#1199,.T.);
#1199 = CIRCLE('',#1200,0.3);
#1200 = AXIS2_PLACEMENT_3D('',#1201,#1202,#1203);
#1201 = CARTESIAN_POINT('',(73.9,-5.79,18.3));
#1202 = DIRECTION('',(0.,-1.,0.));
#1203 = DIRECTION('',(0.,0.,-1.));
#1204 = ORIENTED_EDGE('',*,*,#370,.F.);
#1205 = CYLINDRICAL_SURFACE('',#1206,0.3);
#1206 = AXIS2_PLACEMENT_3D('',#1207,#1208,#1209);
#1207 = CARTESIAN_POINT('',(73.9,-7.79,18.3));
#1208 = DIRECTION('',(0.,1.,0.));
#1209 = DIRECTION('',(0.,0.,-1.));
#1210 = ADVANCED_FACE('',(#1211),#1230,.T.);
#1211 = FACE_BOUND('',#1212,.T.);
#1212 = EDGE_LOOP('',(#1213,#1214,#1222,#1229));
#1213 = ORIENTED_EDGE('',*,*,#1173,.T.);
#1214 = ORIENTED_EDGE('',*,*,#1215,.T.);
#1215 = EDGE_CURVE('',#1166,#1216,#1218,.T.);
#1216 = VERTEX_POINT('',#1217);
#1217 = CARTESIAN_POINT('',(93.8,-7.79,18.3));
#1218 = LINE('',#1219,#1220);
#1219 = CARTESIAN_POINT('',(93.5,-8.79,18.3));
#1220 = VECTOR('',#1221,1.);
#1221 = DIRECTION('',(0.287347885566,0.957826285221,0.));
#1222 = ORIENTED_EDGE('',*,*,#1223,.F.);
#1223 = EDGE_CURVE('',#439,#1216,#1224,.T.);
#1224 = ELLIPSE('',#1225,0.303213947928,0.3);
#1225 = AXIS2_PLACEMENT_3D('',#1226,#1227,#1228);
#1226 = CARTESIAN_POINT('',(94.1,-7.834030650891,18.3));
#1227 = DIRECTION('',(0.145213144685,0.989400395497,0.));
#1228 = DIRECTION('',(0.989400395497,-0.145213144685,0.));
#1229 = ORIENTED_EDGE('',*,*,#446,.F.);
#1230 = CYLINDRICAL_SURFACE('',#1231,0.3);
#1231 = AXIS2_PLACEMENT_3D('',#1232,#1233,#1234);
#1232 = CARTESIAN_POINT('',(93.787347885566,-8.87620436567,18.3));
#1233 = DIRECTION('',(0.287347885566,0.957826285221,0.));
#1234 = DIRECTION('',(0.,0.,-1.));
#1235 = ADVANCED_FACE('',(#1236),#1256,.T.);
#1236 = FACE_BOUND('',#1237,.T.);
#1237 = EDGE_LOOP('',(#1238,#1239,#1240,#1249));
#1238 = ORIENTED_EDGE('',*,*,#1198,.F.);
#1239 = ORIENTED_EDGE('',*,*,#378,.T.);
#1240 = ORIENTED_EDGE('',*,*,#1241,.T.);
#1241 = EDGE_CURVE('',#379,#1242,#1244,.T.);
#1242 = VERTEX_POINT('',#1243);
#1243 = CARTESIAN_POINT('',(78.2,-5.79,18.3));
#1244 = CIRCLE('',#1245,0.3);
#1245 = AXIS2_PLACEMENT_3D('',#1246,#1247,#1248);
#1246 = CARTESIAN_POINT('',(78.5,-5.79,18.3));
#1247 = DIRECTION('',(-1.2E-16,1.,0.));
#1248 = DIRECTION('',(1.,1.2E-16,0.));
#1249 = ORIENTED_EDGE('',*,*,#1250,.F.);
#1250 = EDGE_CURVE('',#1191,#1242,#1251,.T.);
#1251 = CIRCLE('',#1252,2.);
#1252 = AXIS2_PLACEMENT_3D('',#1253,#1254,#1255);
#1253 = CARTESIAN_POINT('',(76.2,-5.79,18.3));
#1254 = DIRECTION('',(0.,0.,-1.));
#1255 = DIRECTION('',(-1.,0.,0.));
#1256 = TOROIDAL_SURFACE('',#1257,2.3,0.3);
#1257 = AXIS2_PLACEMENT_3D('',#1258,#1259,#1260);
#1258 = CARTESIAN_POINT('',(76.2,-5.79,18.3));
#1259 = DIRECTION('',(-0.,-0.,-1.));
#1260 = DIRECTION('',(-1.,0.,0.));
#1261 = ADVANCED_FACE('',(#1262),#1281,.T.);
#1262 = FACE_BOUND('',#1263,.F.);
#1263 = EDGE_LOOP('',(#1264,#1273,#1279,#1280));
#1264 = ORIENTED_EDGE('',*,*,#1265,.T.);
#1265 = EDGE_CURVE('',#430,#1266,#1268,.T.);
#1266 = VERTEX_POINT('',#1267);
#1267 = CARTESIAN_POINT('',(93.8,-5.79,18.3));
#1268 = CIRCLE('',#1269,0.3);
#1269 = AXIS2_PLACEMENT_3D('',#1270,#1271,#1272);
#1270 = CARTESIAN_POINT('',(94.1,-5.79,18.3));
#1271 = DIRECTION('',(-1.2E-16,1.,0.));
#1272 = DIRECTION('',(1.,1.2E-16,0.));
#1273 = ORIENTED_EDGE('',*,*,#1274,.T.);
#1274 = EDGE_CURVE('',#1266,#1216,#1275,.T.);
#1275 = LINE('',#1276,#1277);
#1276 = CARTESIAN_POINT('',(93.8,-5.79,18.3));
#1277 = VECTOR('',#1278,1.);
#1278 = DIRECTION('',(-0.,-1.,-0.));
#1279 = ORIENTED_EDGE('',*,*,#1223,.F.);
#1280 = ORIENTED_EDGE('',*,*,#438,.F.);
#1281 = CYLINDRICAL_SURFACE('',#1282,0.3);
#1282 = AXIS2_PLACEMENT_3D('',#1283,#1284,#1285);
#1283 = CARTESIAN_POINT('',(94.1,-5.79,18.3));
#1284 = DIRECTION('',(-0.,-1.,-0.));
#1285 = DIRECTION('',(0.,0.,-1.));
#1286 = ADVANCED_FACE('',(#1287),#1306,.T.);
#1287 = FACE_BOUND('',#1288,.F.);
#1288 = EDGE_LOOP('',(#1289,#1290,#1298,#1305));
#1289 = ORIENTED_EDGE('',*,*,#1241,.T.);
#1290 = ORIENTED_EDGE('',*,*,#1291,.T.);
#1291 = EDGE_CURVE('',#1242,#1292,#1294,.T.);
#1292 = VERTEX_POINT('',#1293);
#1293 = CARTESIAN_POINT('',(78.2,-6.29,18.3));
#1294 = LINE('',#1295,#1296);
#1295 = CARTESIAN_POINT('',(78.2,-5.79,18.3));
#1296 = VECTOR('',#1297,1.);
#1297 = DIRECTION('',(0.,-1.,0.));
#1298 = ORIENTED_EDGE('',*,*,#1299,.F.);
#1299 = EDGE_CURVE('',#388,#1292,#1300,.T.);
#1300 = CIRCLE('',#1301,0.3);
#1301 = AXIS2_PLACEMENT_3D('',#1302,#1303,#1304);
#1302 = CARTESIAN_POINT('',(78.5,-6.29,18.3));
#1303 = DIRECTION('',(0.,1.,0.));
#1304 = DIRECTION('',(0.,0.,-1.));
#1305 = ORIENTED_EDGE('',*,*,#387,.F.);
#1306 = CYLINDRICAL_SURFACE('',#1307,0.3);
#1307 = AXIS2_PLACEMENT_3D('',#1308,#1309,#1310);
#1308 = CARTESIAN_POINT('',(78.5,-5.79,18.3));
#1309 = DIRECTION('',(0.,-1.,0.));
#1310 = DIRECTION('',(-0.,-0.,-1.));
#1311 = ADVANCED_FACE('',(#1312),#1332,.T.);
#1312 = FACE_BOUND('',#1313,.T.);
#1313 = EDGE_LOOP('',(#1314,#1323,#1324,#1325));
#1314 = ORIENTED_EDGE('',*,*,#1315,.F.);
#1315 = EDGE_CURVE('',#422,#1316,#1318,.T.);
#1316 = VERTEX_POINT('',#1317);
#1317 = CARTESIAN_POINT('',(89.8,-5.79,18.3));
#1318 = CIRCLE('',#1319,0.3);
#1319 = AXIS2_PLACEMENT_3D('',#1320,#1321,#1322);
#1320 = CARTESIAN_POINT('',(89.5,-5.79,18.3));
#1321 = DIRECTION('',(0.,-1.,0.));
#1322 = DIRECTION('',(0.,0.,-1.));
#1323 = ORIENTED_EDGE('',*,*,#429,.T.);
#1324 = ORIENTED_EDGE('',*,*,#1265,.T.);
#1325 = ORIENTED_EDGE('',*,*,#1326,.F.);
#1326 = EDGE_CURVE('',#1316,#1266,#1327,.T.);
#1327 = CIRCLE('',#1328,2.);
#1328 = AXIS2_PLACEMENT_3D('',#1329,#1330,#1331);
#1329 = CARTESIAN_POINT('',(91.8,-5.79,18.3));
#1330 = DIRECTION('',(0.,0.,-1.));
#1331 = DIRECTION('',(-1.,1.33E-15,0.));
#1332 = TOROIDAL_SURFACE('',#1333,2.3,0.3);
#1333 = AXIS2_PLACEMENT_3D('',#1334,#1335,#1336);
#1334 = CARTESIAN_POINT('',(91.8,-5.79,18.3));
#1335 = DIRECTION('',(-0.,-0.,-1.));
#1336 = DIRECTION('',(-1.,1.33E-15,0.));
#1337 = ADVANCED_FACE('',(#1338),#1358,.T.);
#1338 = FACE_BOUND('',#1339,.T.);
#1339 = EDGE_LOOP('',(#1340,#1341,#1342,#1351));
#1340 = ORIENTED_EDGE('',*,*,#1299,.F.);
#1341 = ORIENTED_EDGE('',*,*,#395,.T.);
#1342 = ORIENTED_EDGE('',*,*,#1343,.T.);
#1343 = EDGE_CURVE('',#396,#1344,#1346,.T.);
#1344 = VERTEX_POINT('',#1345);
#1345 = CARTESIAN_POINT('',(78.7,-6.79,18.3));
#1346 = CIRCLE('',#1347,0.3);
#1347 = AXIS2_PLACEMENT_3D('',#1348,#1349,#1350);
#1348 = CARTESIAN_POINT('',(78.7,-6.49,18.3));
#1349 = DIRECTION('',(-1.,6.E-17,0.));
#1350 = DIRECTION('',(-6.E-17,-1.,0.));
#1351 = ORIENTED_EDGE('',*,*,#1352,.F.);
#1352 = EDGE_CURVE('',#1292,#1344,#1353,.T.);
#1353 = CIRCLE('',#1354,0.5);
#1354 = AXIS2_PLACEMENT_3D('',#1355,#1356,#1357);
#1355 = CARTESIAN_POINT('',(78.7,-6.29,18.3));
#1356 = DIRECTION('',(0.,0.,1.));
#1357 = DIRECTION('',(-1.,0.,0.));
#1358 = SURFACE_OF_REVOLUTION('',#1359,#1367);
#1359 = B_SPLINE_CURVE_WITH_KNOTS('',6,(#1360,#1361,#1362,#1363,#1364,
    #1365,#1366),.UNSPECIFIED.,.F.,.F.,(7,7),(4.712388980385,
    6.28318530718),.PIECEWISE_BEZIER_KNOTS.);
#1360 = CARTESIAN_POINT('',(78.5,-6.29,18.));
#1361 = CARTESIAN_POINT('',(78.42146018366,-6.29,18.));
#1362 = CARTESIAN_POINT('',(78.342927049789,-6.29,18.024668305806));
#1363 = CARTESIAN_POINT('',(78.274042955108,-6.29,18.074042955108));
#1364 = CARTESIAN_POINT('',(78.224668305806,-6.29,18.142927049789));
#1365 = CARTESIAN_POINT('',(78.2,-6.29,18.22146018366));
#1366 = CARTESIAN_POINT('',(78.2,-6.29,18.3));
#1367 = AXIS1_PLACEMENT('',#1368,#1369);
#1368 = CARTESIAN_POINT('',(78.7,-6.29,18.3));
#1369 = DIRECTION('',(0.,0.,1.));
#1370 = ADVANCED_FACE('',(#1371),#1390,.T.);
#1371 = FACE_BOUND('',#1372,.F.);
#1372 = EDGE_LOOP('',(#1373,#1382,#1388,#1389));
#1373 = ORIENTED_EDGE('',*,*,#1374,.T.);
#1374 = EDGE_CURVE('',#413,#1375,#1377,.T.);
#1375 = VERTEX_POINT('',#1376);
#1376 = CARTESIAN_POINT('',(89.8,-6.29,18.3));
#1377 = CIRCLE('',#1378,0.3);
#1378 = AXIS2_PLACEMENT_3D('',#1379,#1380,#1381);
#1379 = CARTESIAN_POINT('',(89.5,-6.29,18.3));
#1380 = DIRECTION('',(-6.E-17,-1.,0.));
#1381 = DIRECTION('',(1.,-6.E-17,0.));
#1382 = ORIENTED_EDGE('',*,*,#1383,.T.);
#1383 = EDGE_CURVE('',#1375,#1316,#1384,.T.);
#1384 = LINE('',#1385,#1386);
#1385 = CARTESIAN_POINT('',(89.8,-6.29,18.3));
#1386 = VECTOR('',#1387,1.);
#1387 = DIRECTION('',(0.,1.,0.));
#1388 = ORIENTED_EDGE('',*,*,#1315,.F.);
#1389 = ORIENTED_EDGE('',*,*,#421,.F.);
#1390 = CYLINDRICAL_SURFACE('',#1391,0.3);
#1391 = AXIS2_PLACEMENT_3D('',#1392,#1393,#1394);
#1392 = CARTESIAN_POINT('',(89.5,-6.29,18.3));
#1393 = DIRECTION('',(0.,1.,0.));
#1394 = DIRECTION('',(0.,0.,-1.));
#1395 = ADVANCED_FACE('',(#1396),#1415,.T.);
#1396 = FACE_BOUND('',#1397,.F.);
#1397 = EDGE_LOOP('',(#1398,#1399,#1407,#1414));
#1398 = ORIENTED_EDGE('',*,*,#1343,.T.);
#1399 = ORIENTED_EDGE('',*,*,#1400,.T.);
#1400 = EDGE_CURVE('',#1344,#1401,#1403,.T.);
#1401 = VERTEX_POINT('',#1402);
#1402 = CARTESIAN_POINT('',(89.3,-6.79,18.3));
#1403 = LINE('',#1404,#1405);
#1404 = CARTESIAN_POINT('',(78.7,-6.79,18.3));
#1405 = VECTOR('',#1406,1.);
#1406 = DIRECTION('',(1.,0.,0.));
#1407 = ORIENTED_EDGE('',*,*,#1408,.F.);
#1408 = EDGE_CURVE('',#405,#1401,#1409,.T.);
#1409 = CIRCLE('',#1410,0.3);
#1410 = AXIS2_PLACEMENT_3D('',#1411,#1412,#1413);
#1411 = CARTESIAN_POINT('',(89.3,-6.49,18.3));
#1412 = DIRECTION('',(-1.,0.,0.));
#1413 = DIRECTION('',(0.,0.,-1.));
#1414 = ORIENTED_EDGE('',*,*,#404,.F.);
#1415 = CYLINDRICAL_SURFACE('',#1416,0.3);
#1416 = AXIS2_PLACEMENT_3D('',#1417,#1418,#1419);
#1417 = CARTESIAN_POINT('',(78.7,-6.49,18.3));
#1418 = DIRECTION('',(1.,0.,0.));
#1419 = DIRECTION('',(0.,0.,-1.));
#1420 = ADVANCED_FACE('',(#1421),#1433,.T.);
#1421 = FACE_BOUND('',#1422,.T.);
#1422 = EDGE_LOOP('',(#1423,#1424,#1425,#1426));
#1423 = ORIENTED_EDGE('',*,*,#1408,.F.);
#1424 = ORIENTED_EDGE('',*,*,#412,.T.);
#1425 = ORIENTED_EDGE('',*,*,#1374,.T.);
#1426 = ORIENTED_EDGE('',*,*,#1427,.F.);
#1427 = EDGE_CURVE('',#1401,#1375,#1428,.T.);
#1428 = CIRCLE('',#1429,0.5);
#1429 = AXIS2_PLACEMENT_3D('',#1430,#1431,#1432);
#1430 = CARTESIAN_POINT('',(89.3,-6.29,18.3));
#1431 = DIRECTION('',(-0.,0.,1.));
#1432 = DIRECTION('',(0.,-1.,0.));
#1433 = SURFACE_OF_REVOLUTION('',#1434,#1442);
#1434 = B_SPLINE_CURVE_WITH_KNOTS('',6,(#1435,#1436,#1437,#1438,#1439,
    #1440,#1441),.UNSPECIFIED.,.F.,.F.,(7,7),(4.712388980385,
    6.28318530718),.PIECEWISE_BEZIER_KNOTS.);
#1435 = CARTESIAN_POINT('',(89.3,-6.49,18.));
#1436 = CARTESIAN_POINT('',(89.3,-6.56853981634,18.));
#1437 = CARTESIAN_POINT('',(89.3,-6.647072950212,18.024668305806));
#1438 = CARTESIAN_POINT('',(89.3,-6.715957044892,18.074042955108));
#1439 = CARTESIAN_POINT('',(89.3,-6.765331694194,18.142927049789));
#1440 = CARTESIAN_POINT('',(89.3,-6.79,18.22146018366));
#1441 = CARTESIAN_POINT('',(89.3,-6.79,18.3));
#1442 = AXIS1_PLACEMENT('',#1443,#1444);
#1443 = CARTESIAN_POINT('',(89.3,-6.29,18.3));
#1444 = DIRECTION('',(0.,0.,1.));
#1445 = ADVANCED_FACE('',(#1446),#1458,.T.);
#1446 = FACE_BOUND('',#1447,.F.);
#1447 = EDGE_LOOP('',(#1448,#1449,#1450,#1457));
#1448 = ORIENTED_EDGE('',*,*,#512,.F.);
#1449 = ORIENTED_EDGE('',*,*,#713,.T.);
#1450 = ORIENTED_EDGE('',*,*,#1451,.F.);
#1451 = EDGE_CURVE('',#673,#699,#1452,.T.);
#1452 = CIRCLE('',#1453,0.3);
#1453 = AXIS2_PLACEMENT_3D('',#1454,#1455,#1456);
#1454 = CARTESIAN_POINT('',(94.3,-9.29,33.7));
#1455 = DIRECTION('',(0.,1.,0.));
#1456 = DIRECTION('',(0.,0.,1.));
#1457 = ORIENTED_EDGE('',*,*,#681,.F.);
#1458 = CYLINDRICAL_SURFACE('',#1459,0.3);
#1459 = AXIS2_PLACEMENT_3D('',#1460,#1461,#1462);
#1460 = CARTESIAN_POINT('',(94.3,-1.59,33.7));
#1461 = DIRECTION('',(0.,-1.,0.));
#1462 = DIRECTION('',(0.,0.,1.));
#1463 = ADVANCED_FACE('',(#1464),#1484,.T.);
#1464 = FACE_BOUND('',#1465,.T.);
#1465 = EDGE_LOOP('',(#1466,#1467,#1468,#1477));
#1466 = ORIENTED_EDGE('',*,*,#1451,.F.);
#1467 = ORIENTED_EDGE('',*,*,#672,.T.);
#1468 = ORIENTED_EDGE('',*,*,#1469,.T.);
#1469 = EDGE_CURVE('',#665,#1470,#1472,.T.);
#1470 = VERTEX_POINT('',#1471);
#1471 = CARTESIAN_POINT('',(94.1,-9.79,33.7));
#1472 = CIRCLE('',#1473,0.3);
#1473 = AXIS2_PLACEMENT_3D('',#1474,#1475,#1476);
#1474 = CARTESIAN_POINT('',(94.1,-9.49,33.7));
#1475 = DIRECTION('',(1.,6.E-17,0.));
#1476 = DIRECTION('',(6.E-17,-1.,0.));
#1477 = ORIENTED_EDGE('',*,*,#1478,.F.);
#1478 = EDGE_CURVE('',#699,#1470,#1479,.T.);
#1479 = CIRCLE('',#1480,0.5);
#1480 = AXIS2_PLACEMENT_3D('',#1481,#1482,#1483);
#1481 = CARTESIAN_POINT('',(94.1,-9.29,33.7));
#1482 = DIRECTION('',(0.,0.,-1.));
#1483 = DIRECTION('',(1.,0.,0.));
#1484 = SURFACE_OF_REVOLUTION('',#1485,#1493);
#1485 = B_SPLINE_CURVE_WITH_KNOTS('',6,(#1486,#1487,#1488,#1489,#1490,
    #1491,#1492),.UNSPECIFIED.,.F.,.F.,(7,7),(4.712388980385,
    6.28318530718),.PIECEWISE_BEZIER_KNOTS.);
#1486 = CARTESIAN_POINT('',(94.3,-9.29,34.));
#1487 = CARTESIAN_POINT('',(94.37853981634,-9.29,34.));
#1488 = CARTESIAN_POINT('',(94.457072950212,-9.29,33.975331694194));
#1489 = CARTESIAN_POINT('',(94.525957044892,-9.29,33.925957044892));
#1490 = CARTESIAN_POINT('',(94.575331694194,-9.29,33.857072950212));
#1491 = CARTESIAN_POINT('',(94.6,-9.29,33.77853981634));
#1492 = CARTESIAN_POINT('',(94.6,-9.29,33.7));
#1493 = AXIS1_PLACEMENT('',#1494,#1495);
#1494 = CARTESIAN_POINT('',(94.1,-9.29,33.7));
#1495 = DIRECTION('',(-0.,-0.,-1.));
#1496 = ADVANCED_FACE('',(#1497),#1509,.T.);
#1497 = FACE_BOUND('',#1498,.T.);
#1498 = EDGE_LOOP('',(#1499,#1500,#1501,#1508));
#1499 = ORIENTED_EDGE('',*,*,#931,.F.);
#1500 = ORIENTED_EDGE('',*,*,#965,.T.);
#1501 = ORIENTED_EDGE('',*,*,#1502,.T.);
#1502 = EDGE_CURVE('',#958,#539,#1503,.T.);
#1503 = CIRCLE('',#1504,0.3);
#1504 = AXIS2_PLACEMENT_3D('',#1505,#1506,#1507);
#1505 = CARTESIAN_POINT('',(74.2,-9.29,33.7));
#1506 = DIRECTION('',(-6.E-17,-1.,0.));
#1507 = DIRECTION('',(1.,-6.E-17,0.));
#1508 = ORIENTED_EDGE('',*,*,#538,.F.);
#1509 = SURFACE_OF_REVOLUTION('',#1510,#1518);
#1510 = B_SPLINE_CURVE_WITH_KNOTS('',6,(#1511,#1512,#1513,#1514,#1515,
    #1516,#1517),.UNSPECIFIED.,.F.,.F.,(7,7),(0.,1.570796326795),
  .PIECEWISE_BEZIER_KNOTS.);
#1511 = CARTESIAN_POINT('',(74.,-9.79,33.7));
#1512 = CARTESIAN_POINT('',(74.,-9.79,33.77853981634));
#1513 = CARTESIAN_POINT('',(74.,-9.765331694194,33.857072950211));
#1514 = CARTESIAN_POINT('',(74.,-9.715957044892,33.925957044892));
#1515 = CARTESIAN_POINT('',(74.,-9.647072950212,33.975331694194));
#1516 = CARTESIAN_POINT('',(74.,-9.56853981634,34.));
#1517 = CARTESIAN_POINT('',(74.,-9.49,34.));
#1518 = AXIS1_PLACEMENT('',#1519,#1520);
#1519 = CARTESIAN_POINT('',(74.,-9.29,33.7));
#1520 = DIRECTION('',(0.,0.,1.));
#1521 = ADVANCED_FACE('',(#1522),#1541,.T.);
#1522 = FACE_BOUND('',#1523,.F.);
#1523 = EDGE_LOOP('',(#1524,#1525,#1533,#1540));
#1524 = ORIENTED_EDGE('',*,*,#1469,.T.);
#1525 = ORIENTED_EDGE('',*,*,#1526,.T.);
#1526 = EDGE_CURVE('',#1470,#1527,#1529,.T.);
#1527 = VERTEX_POINT('',#1528);
#1528 = CARTESIAN_POINT('',(94.,-9.79,33.7));
#1529 = LINE('',#1530,#1531);
#1530 = CARTESIAN_POINT('',(94.1,-9.79,33.7));
#1531 = VECTOR('',#1532,1.);
#1532 = DIRECTION('',(-1.,0.,0.));
#1533 = ORIENTED_EDGE('',*,*,#1534,.F.);
#1534 = EDGE_CURVE('',#656,#1527,#1535,.T.);
#1535 = CIRCLE('',#1536,0.3);
#1536 = AXIS2_PLACEMENT_3D('',#1537,#1538,#1539);
#1537 = CARTESIAN_POINT('',(94.,-9.49,33.7));
#1538 = DIRECTION('',(1.,0.,-0.));
#1539 = DIRECTION('',(0.,0.,1.));
#1540 = ORIENTED_EDGE('',*,*,#664,.F.);
#1541 = CYLINDRICAL_SURFACE('',#1542,0.3);
#1542 = AXIS2_PLACEMENT_3D('',#1543,#1544,#1545);
#1543 = CARTESIAN_POINT('',(94.1,-9.49,33.7));
#1544 = DIRECTION('',(-1.,0.,0.));
#1545 = DIRECTION('',(0.,0.,1.));
#1546 = ADVANCED_FACE('',(#1547),#1566,.T.);
#1547 = FACE_BOUND('',#1548,.F.);
#1548 = EDGE_LOOP('',(#1549,#1550,#1551,#1560));
#1549 = ORIENTED_EDGE('',*,*,#1502,.T.);
#1550 = ORIENTED_EDGE('',*,*,#547,.T.);
#1551 = ORIENTED_EDGE('',*,*,#1552,.F.);
#1552 = EDGE_CURVE('',#1553,#548,#1555,.T.);
#1553 = VERTEX_POINT('',#1554);
#1554 = CARTESIAN_POINT('',(74.5,-8.79,33.7));
#1555 = ELLIPSE('',#1556,0.303213947928,0.3);
#1556 = AXIS2_PLACEMENT_3D('',#1557,#1558,#1559);
#1557 = CARTESIAN_POINT('',(74.2,-8.834030650891,33.7));
#1558 = DIRECTION('',(0.145213144685,-0.989400395497,0.));
#1559 = DIRECTION('',(0.989400395497,0.145213144685,0.));
#1560 = ORIENTED_EDGE('',*,*,#1561,.F.);
#1561 = EDGE_CURVE('',#958,#1553,#1562,.T.);
#1562 = LINE('',#1563,#1564);
#1563 = CARTESIAN_POINT('',(74.5,-9.29,33.7));
#1564 = VECTOR('',#1565,1.);
#1565 = DIRECTION('',(0.,1.,0.));
#1566 = CYLINDRICAL_SURFACE('',#1567,0.3);
#1567 = AXIS2_PLACEMENT_3D('',#1568,#1569,#1570);
#1568 = CARTESIAN_POINT('',(74.2,-9.29,33.7));
#1569 = DIRECTION('',(0.,1.,0.));
#1570 = DIRECTION('',(1.,0.,0.));
#1571 = ADVANCED_FACE('',(#1572),#1592,.T.);
#1572 = FACE_BOUND('',#1573,.T.);
#1573 = EDGE_LOOP('',(#1574,#1575,#1576,#1585));
#1574 = ORIENTED_EDGE('',*,*,#1534,.F.);
#1575 = ORIENTED_EDGE('',*,*,#655,.T.);
#1576 = ORIENTED_EDGE('',*,*,#1577,.T.);
#1577 = EDGE_CURVE('',#648,#1578,#1580,.T.);
#1578 = VERTEX_POINT('',#1579);
#1579 = CARTESIAN_POINT('',(93.5,-9.29,33.7));
#1580 = CIRCLE('',#1581,0.3);
#1581 = AXIS2_PLACEMENT_3D('',#1582,#1583,#1584);
#1582 = CARTESIAN_POINT('',(93.8,-9.29,33.7));
#1583 = DIRECTION('',(6.E-17,-1.,0.));
#1584 = DIRECTION('',(-1.,-6.E-17,0.));
#1585 = ORIENTED_EDGE('',*,*,#1586,.F.);
#1586 = EDGE_CURVE('',#1527,#1578,#1587,.T.);
#1587 = CIRCLE('',#1588,0.5);
#1588 = AXIS2_PLACEMENT_3D('',#1589,#1590,#1591);
#1589 = CARTESIAN_POINT('',(94.,-9.29,33.7));
#1590 = DIRECTION('',(-0.,-0.,-1.));
#1591 = DIRECTION('',(0.,-1.,0.));
#1592 = SURFACE_OF_REVOLUTION('',#1593,#1601);
#1593 = B_SPLINE_CURVE_WITH_KNOTS('',6,(#1594,#1595,#1596,#1597,#1598,
    #1599,#1600),.UNSPECIFIED.,.F.,.F.,(7,7),(4.712388980385,
    6.28318530718),.PIECEWISE_BEZIER_KNOTS.);
#1594 = CARTESIAN_POINT('',(94.,-9.49,34.));
#1595 = CARTESIAN_POINT('',(94.,-9.56853981634,34.));
#1596 = CARTESIAN_POINT('',(94.,-9.647072950212,33.975331694194));
#1597 = CARTESIAN_POINT('',(93.999999999999,-9.715957044892,
    33.925957044892));
#1598 = CARTESIAN_POINT('',(94.,-9.765331694194,33.857072950212));
#1599 = CARTESIAN_POINT('',(94.,-9.79,33.77853981634));
#1600 = CARTESIAN_POINT('',(94.,-9.79,33.7));
#1601 = AXIS1_PLACEMENT('',#1602,#1603);
#1602 = CARTESIAN_POINT('',(94.,-9.29,33.7));
#1603 = DIRECTION('',(-0.,-0.,-1.));
#1604 = ADVANCED_FACE('',(#1605),#1624,.T.);
#1605 = FACE_BOUND('',#1606,.T.);
#1606 = EDGE_LOOP('',(#1607,#1608,#1616,#1623));
#1607 = ORIENTED_EDGE('',*,*,#1552,.F.);
#1608 = ORIENTED_EDGE('',*,*,#1609,.T.);
#1609 = EDGE_CURVE('',#1553,#1610,#1612,.T.);
#1610 = VERTEX_POINT('',#1611);
#1611 = CARTESIAN_POINT('',(74.2,-7.79,33.7));
#1612 = LINE('',#1613,#1614);
#1613 = CARTESIAN_POINT('',(74.5,-8.79,33.7));
#1614 = VECTOR('',#1615,1.);
#1615 = DIRECTION('',(-0.287347885566,0.957826285221,0.));
#1616 = ORIENTED_EDGE('',*,*,#1617,.F.);
#1617 = EDGE_CURVE('',#556,#1610,#1618,.T.);
#1618 = ELLIPSE('',#1619,0.303213947928,0.3);
#1619 = AXIS2_PLACEMENT_3D('',#1620,#1621,#1622);
#1620 = CARTESIAN_POINT('',(73.9,-7.834030650891,33.7));
#1621 = DIRECTION('',(-0.145213144685,0.989400395497,0.));
#1622 = DIRECTION('',(-0.989400395497,-0.145213144685,0.));
#1623 = ORIENTED_EDGE('',*,*,#555,.F.);
#1624 = CYLINDRICAL_SURFACE('',#1625,0.3);
#1625 = AXIS2_PLACEMENT_3D('',#1626,#1627,#1628);
#1626 = CARTESIAN_POINT('',(74.212652114434,-8.87620436567,33.7));
#1627 = DIRECTION('',(-0.287347885566,0.957826285221,0.));
#1628 = DIRECTION('',(0.,0.,1.));
#1629 = ADVANCED_FACE('',(#1630),#1649,.T.);
#1630 = FACE_BOUND('',#1631,.F.);
#1631 = EDGE_LOOP('',(#1632,#1633,#1641,#1648));
#1632 = ORIENTED_EDGE('',*,*,#1577,.T.);
#1633 = ORIENTED_EDGE('',*,*,#1634,.T.);
#1634 = EDGE_CURVE('',#1578,#1635,#1637,.T.);
#1635 = VERTEX_POINT('',#1636);
#1636 = CARTESIAN_POINT('',(93.5,-8.79,33.7));
#1637 = LINE('',#1638,#1639);
#1638 = CARTESIAN_POINT('',(93.5,-9.29,33.7));
#1639 = VECTOR('',#1640,1.);
#1640 = DIRECTION('',(0.,1.,0.));
#1641 = ORIENTED_EDGE('',*,*,#1642,.F.);
#1642 = EDGE_CURVE('',#640,#1635,#1643,.T.);
#1643 = ELLIPSE('',#1644,0.303213947928,0.3);
#1644 = AXIS2_PLACEMENT_3D('',#1645,#1646,#1647);
#1645 = CARTESIAN_POINT('',(93.8,-8.834030650891,33.7));
#1646 = DIRECTION('',(-0.145213144685,-0.989400395497,-0.));
#1647 = DIRECTION('',(-0.989400395497,0.145213144685,0.));
#1648 = ORIENTED_EDGE('',*,*,#647,.F.);
#1649 = CYLINDRICAL_SURFACE('',#1650,0.3);
#1650 = AXIS2_PLACEMENT_3D('',#1651,#1652,#1653);
#1651 = CARTESIAN_POINT('',(93.8,-9.29,33.7));
#1652 = DIRECTION('',(0.,1.,0.));
#1653 = DIRECTION('',(0.,0.,1.));
#1654 = ADVANCED_FACE('',(#1655),#1674,.T.);
#1655 = FACE_BOUND('',#1656,.T.);
#1656 = EDGE_LOOP('',(#1657,#1658,#1666,#1673));
#1657 = ORIENTED_EDGE('',*,*,#1617,.T.);
#1658 = ORIENTED_EDGE('',*,*,#1659,.T.);
#1659 = EDGE_CURVE('',#1610,#1660,#1662,.T.);
#1660 = VERTEX_POINT('',#1661);
#1661 = CARTESIAN_POINT('',(74.2,-5.79,33.7));
#1662 = LINE('',#1663,#1664);
#1663 = CARTESIAN_POINT('',(74.2,-7.79,33.7));
#1664 = VECTOR('',#1665,1.);
#1665 = DIRECTION('',(0.,1.,0.));
#1666 = ORIENTED_EDGE('',*,*,#1667,.F.);
#1667 = EDGE_CURVE('',#564,#1660,#1668,.T.);
#1668 = CIRCLE('',#1669,0.3);
#1669 = AXIS2_PLACEMENT_3D('',#1670,#1671,#1672);
#1670 = CARTESIAN_POINT('',(73.9,-5.79,33.7));
#1671 = DIRECTION('',(0.,1.,0.));
#1672 = DIRECTION('',(0.,0.,1.));
#1673 = ORIENTED_EDGE('',*,*,#563,.F.);
#1674 = CYLINDRICAL_SURFACE('',#1675,0.3);
#1675 = AXIS2_PLACEMENT_3D('',#1676,#1677,#1678);
#1676 = CARTESIAN_POINT('',(73.9,-7.79,33.7));
#1677 = DIRECTION('',(0.,1.,0.));
#1678 = DIRECTION('',(0.,0.,1.));
#1679 = ADVANCED_FACE('',(#1680),#1699,.T.);
#1680 = FACE_BOUND('',#1681,.F.);
#1681 = EDGE_LOOP('',(#1682,#1683,#1691,#1698));
#1682 = ORIENTED_EDGE('',*,*,#1642,.T.);
#1683 = ORIENTED_EDGE('',*,*,#1684,.T.);
#1684 = EDGE_CURVE('',#1635,#1685,#1687,.T.);
#1685 = VERTEX_POINT('',#1686);
#1686 = CARTESIAN_POINT('',(93.8,-7.79,33.7));
#1687 = LINE('',#1688,#1689);
#1688 = CARTESIAN_POINT('',(93.5,-8.79,33.7));
#1689 = VECTOR('',#1690,1.);
#1690 = DIRECTION('',(0.287347885566,0.957826285221,0.));
#1691 = ORIENTED_EDGE('',*,*,#1692,.F.);
#1692 = EDGE_CURVE('',#632,#1685,#1693,.T.);
#1693 = ELLIPSE('',#1694,0.303213947928,0.3);
#1694 = AXIS2_PLACEMENT_3D('',#1695,#1696,#1697);
#1695 = CARTESIAN_POINT('',(94.1,-7.834030650891,33.7));
#1696 = DIRECTION('',(-0.145213144685,-0.989400395497,0.));
#1697 = DIRECTION('',(0.989400395497,-0.145213144685,0.));
#1698 = ORIENTED_EDGE('',*,*,#639,.F.);
#1699 = CYLINDRICAL_SURFACE('',#1700,0.3);
#1700 = AXIS2_PLACEMENT_3D('',#1701,#1702,#1703);
#1701 = CARTESIAN_POINT('',(93.787347885566,-8.87620436567,33.7));
#1702 = DIRECTION('',(0.287347885566,0.957826285221,0.));
#1703 = DIRECTION('',(0.,0.,1.));
#1704 = ADVANCED_FACE('',(#1705),#1725,.T.);
#1705 = FACE_BOUND('',#1706,.F.);
#1706 = EDGE_LOOP('',(#1707,#1708,#1709,#1718));
#1707 = ORIENTED_EDGE('',*,*,#1667,.F.);
#1708 = ORIENTED_EDGE('',*,*,#571,.T.);
#1709 = ORIENTED_EDGE('',*,*,#1710,.T.);
#1710 = EDGE_CURVE('',#572,#1711,#1713,.T.);
#1711 = VERTEX_POINT('',#1712);
#1712 = CARTESIAN_POINT('',(78.2,-5.79,33.7));
#1713 = CIRCLE('',#1714,0.3);
#1714 = AXIS2_PLACEMENT_3D('',#1715,#1716,#1717);
#1715 = CARTESIAN_POINT('',(78.5,-5.79,33.7));
#1716 = DIRECTION('',(1.2E-16,-1.,0.));
#1717 = DIRECTION('',(1.,1.2E-16,0.));
#1718 = ORIENTED_EDGE('',*,*,#1719,.F.);
#1719 = EDGE_CURVE('',#1660,#1711,#1720,.T.);
#1720 = CIRCLE('',#1721,2.);
#1721 = AXIS2_PLACEMENT_3D('',#1722,#1723,#1724);
#1722 = CARTESIAN_POINT('',(76.2,-5.79,33.7));
#1723 = DIRECTION('',(0.,0.,-1.));
#1724 = DIRECTION('',(-1.,0.,0.));
#1725 = TOROIDAL_SURFACE('',#1726,2.3,0.3);
#1726 = AXIS2_PLACEMENT_3D('',#1727,#1728,#1729);
#1727 = CARTESIAN_POINT('',(76.2,-5.79,33.7));
#1728 = DIRECTION('',(0.,0.,1.));
#1729 = DIRECTION('',(-1.,0.,0.));
#1730 = ADVANCED_FACE('',(#1731),#1750,.T.);
#1731 = FACE_BOUND('',#1732,.T.);
#1732 = EDGE_LOOP('',(#1733,#1742,#1748,#1749));
#1733 = ORIENTED_EDGE('',*,*,#1734,.T.);
#1734 = EDGE_CURVE('',#623,#1735,#1737,.T.);
#1735 = VERTEX_POINT('',#1736);
#1736 = CARTESIAN_POINT('',(93.8,-5.79,33.7));
#1737 = CIRCLE('',#1738,0.3);
#1738 = AXIS2_PLACEMENT_3D('',#1739,#1740,#1741);
#1739 = CARTESIAN_POINT('',(94.1,-5.79,33.7));
#1740 = DIRECTION('',(1.2E-16,-1.,0.));
#1741 = DIRECTION('',(1.,1.2E-16,0.));
#1742 = ORIENTED_EDGE('',*,*,#1743,.T.);
#1743 = EDGE_CURVE('',#1735,#1685,#1744,.T.);
#1744 = LINE('',#1745,#1746);
#1745 = CARTESIAN_POINT('',(93.8,-5.79,33.7));
#1746 = VECTOR('',#1747,1.);
#1747 = DIRECTION('',(-0.,-1.,-0.));
#1748 = ORIENTED_EDGE('',*,*,#1692,.F.);
#1749 = ORIENTED_EDGE('',*,*,#631,.F.);
#1750 = CYLINDRICAL_SURFACE('',#1751,0.3);
#1751 = AXIS2_PLACEMENT_3D('',#1752,#1753,#1754);
#1752 = CARTESIAN_POINT('',(94.1,-5.79,33.7));
#1753 = DIRECTION('',(-0.,-1.,-0.));
#1754 = DIRECTION('',(0.,0.,1.));
#1755 = ADVANCED_FACE('',(#1756),#1775,.T.);
#1756 = FACE_BOUND('',#1757,.T.);
#1757 = EDGE_LOOP('',(#1758,#1759,#1767,#1774));
#1758 = ORIENTED_EDGE('',*,*,#1710,.T.);
#1759 = ORIENTED_EDGE('',*,*,#1760,.T.);
#1760 = EDGE_CURVE('',#1711,#1761,#1763,.T.);
#1761 = VERTEX_POINT('',#1762);
#1762 = CARTESIAN_POINT('',(78.2,-6.29,33.7));
#1763 = LINE('',#1764,#1765);
#1764 = CARTESIAN_POINT('',(78.2,-5.79,33.7));
#1765 = VECTOR('',#1766,1.);
#1766 = DIRECTION('',(0.,-1.,0.));
#1767 = ORIENTED_EDGE('',*,*,#1768,.F.);
#1768 = EDGE_CURVE('',#581,#1761,#1769,.T.);
#1769 = CIRCLE('',#1770,0.3);
#1770 = AXIS2_PLACEMENT_3D('',#1771,#1772,#1773);
#1771 = CARTESIAN_POINT('',(78.5,-6.29,33.7));
#1772 = DIRECTION('',(0.,-1.,0.));
#1773 = DIRECTION('',(0.,0.,1.));
#1774 = ORIENTED_EDGE('',*,*,#580,.F.);
#1775 = CYLINDRICAL_SURFACE('',#1776,0.3);
#1776 = AXIS2_PLACEMENT_3D('',#1777,#1778,#1779);
#1777 = CARTESIAN_POINT('',(78.5,-5.79,33.7));
#1778 = DIRECTION('',(0.,-1.,0.));
#1779 = DIRECTION('',(0.,0.,1.));
#1780 = ADVANCED_FACE('',(#1781),#1801,.T.);
#1781 = FACE_BOUND('',#1782,.F.);
#1782 = EDGE_LOOP('',(#1783,#1792,#1793,#1794));
#1783 = ORIENTED_EDGE('',*,*,#1784,.F.);
#1784 = EDGE_CURVE('',#615,#1785,#1787,.T.);
#1785 = VERTEX_POINT('',#1786);
#1786 = CARTESIAN_POINT('',(89.8,-5.79,33.7));
#1787 = CIRCLE('',#1788,0.3);
#1788 = AXIS2_PLACEMENT_3D('',#1789,#1790,#1791);
#1789 = CARTESIAN_POINT('',(89.5,-5.79,33.7));
#1790 = DIRECTION('',(0.,1.,0.));
#1791 = DIRECTION('',(0.,0.,1.));
#1792 = ORIENTED_EDGE('',*,*,#622,.T.);
#1793 = ORIENTED_EDGE('',*,*,#1734,.T.);
#1794 = ORIENTED_EDGE('',*,*,#1795,.F.);
#1795 = EDGE_CURVE('',#1785,#1735,#1796,.T.);
#1796 = CIRCLE('',#1797,2.);
#1797 = AXIS2_PLACEMENT_3D('',#1798,#1799,#1800);
#1798 = CARTESIAN_POINT('',(91.8,-5.79,33.7));
#1799 = DIRECTION('',(0.,0.,-1.));
#1800 = DIRECTION('',(-1.,1.33E-15,0.));
#1801 = TOROIDAL_SURFACE('',#1802,2.3,0.3);
#1802 = AXIS2_PLACEMENT_3D('',#1803,#1804,#1805);
#1803 = CARTESIAN_POINT('',(91.8,-5.79,33.7));
#1804 = DIRECTION('',(0.,0.,1.));
#1805 = DIRECTION('',(-1.,1.33E-15,0.));
#1806 = ADVANCED_FACE('',(#1807),#1827,.T.);
#1807 = FACE_BOUND('',#1808,.F.);
#1808 = EDGE_LOOP('',(#1809,#1810,#1811,#1820));
#1809 = ORIENTED_EDGE('',*,*,#1768,.F.);
#1810 = ORIENTED_EDGE('',*,*,#588,.T.);
#1811 = ORIENTED_EDGE('',*,*,#1812,.T.);
#1812 = EDGE_CURVE('',#589,#1813,#1815,.T.);
#1813 = VERTEX_POINT('',#1814);
#1814 = CARTESIAN_POINT('',(78.7,-6.79,33.7));
#1815 = CIRCLE('',#1816,0.3);
#1816 = AXIS2_PLACEMENT_3D('',#1817,#1818,#1819);
#1817 = CARTESIAN_POINT('',(78.7,-6.49,33.7));
#1818 = DIRECTION('',(1.,-6.E-17,0.));
#1819 = DIRECTION('',(-6.E-17,-1.,0.));
#1820 = ORIENTED_EDGE('',*,*,#1821,.F.);
#1821 = EDGE_CURVE('',#1761,#1813,#1822,.T.);
#1822 = CIRCLE('',#1823,0.5);
#1823 = AXIS2_PLACEMENT_3D('',#1824,#1825,#1826);
#1824 = CARTESIAN_POINT('',(78.7,-6.29,33.7));
#1825 = DIRECTION('',(0.,0.,1.));
#1826 = DIRECTION('',(-1.,0.,0.));
#1827 = SURFACE_OF_REVOLUTION('',#1828,#1836);
#1828 = B_SPLINE_CURVE_WITH_KNOTS('',6,(#1829,#1830,#1831,#1832,#1833,
    #1834,#1835),.UNSPECIFIED.,.F.,.F.,(7,7),(4.712388980385,
    6.28318530718),.PIECEWISE_BEZIER_KNOTS.);
#1829 = CARTESIAN_POINT('',(78.5,-6.29,34.));
#1830 = CARTESIAN_POINT('',(78.42146018366,-6.29,34.));
#1831 = CARTESIAN_POINT('',(78.342927049789,-6.29,33.975331694194));
#1832 = CARTESIAN_POINT('',(78.274042955108,-6.29,33.925957044892));
#1833 = CARTESIAN_POINT('',(78.224668305806,-6.29,33.857072950212));
#1834 = CARTESIAN_POINT('',(78.2,-6.29,33.77853981634));
#1835 = CARTESIAN_POINT('',(78.2,-6.29,33.7));
#1836 = AXIS1_PLACEMENT('',#1837,#1838);
#1837 = CARTESIAN_POINT('',(78.7,-6.29,33.7));
#1838 = DIRECTION('',(-0.,-0.,-1.));
#1839 = ADVANCED_FACE('',(#1840),#1859,.T.);
#1840 = FACE_BOUND('',#1841,.T.);
#1841 = EDGE_LOOP('',(#1842,#1851,#1857,#1858));
#1842 = ORIENTED_EDGE('',*,*,#1843,.T.);
#1843 = EDGE_CURVE('',#606,#1844,#1846,.T.);
#1844 = VERTEX_POINT('',#1845);
#1845 = CARTESIAN_POINT('',(89.8,-6.29,33.7));
#1846 = CIRCLE('',#1847,0.3);
#1847 = AXIS2_PLACEMENT_3D('',#1848,#1849,#1850);
#1848 = CARTESIAN_POINT('',(89.5,-6.29,33.7));
#1849 = DIRECTION('',(6.E-17,1.,0.));
#1850 = DIRECTION('',(1.,-6.E-17,0.));
#1851 = ORIENTED_EDGE('',*,*,#1852,.T.);
#1852 = EDGE_CURVE('',#1844,#1785,#1853,.T.);
#1853 = LINE('',#1854,#1855);
#1854 = CARTESIAN_POINT('',(89.8,-6.29,33.7));
#1855 = VECTOR('',#1856,1.);
#1856 = DIRECTION('',(0.,1.,0.));
#1857 = ORIENTED_EDGE('',*,*,#1784,.F.);
#1858 = ORIENTED_EDGE('',*,*,#614,.F.);
#1859 = CYLINDRICAL_SURFACE('',#1860,0.3);
#1860 = AXIS2_PLACEMENT_3D('',#1861,#1862,#1863);
#1861 = CARTESIAN_POINT('',(89.5,-6.29,33.7));
#1862 = DIRECTION('',(0.,1.,0.));
#1863 = DIRECTION('',(0.,0.,1.));
#1864 = ADVANCED_FACE('',(#1865),#1884,.T.);
#1865 = FACE_BOUND('',#1866,.T.);
#1866 = EDGE_LOOP('',(#1867,#1868,#1876,#1883));
#1867 = ORIENTED_EDGE('',*,*,#1812,.T.);
#1868 = ORIENTED_EDGE('',*,*,#1869,.T.);
#1869 = EDGE_CURVE('',#1813,#1870,#1872,.T.);
#1870 = VERTEX_POINT('',#1871);
#1871 = CARTESIAN_POINT('',(89.3,-6.79,33.7));
#1872 = LINE('',#1873,#1874);
#1873 = CARTESIAN_POINT('',(78.7,-6.79,33.7));
#1874 = VECTOR('',#1875,1.);
#1875 = DIRECTION('',(1.,0.,0.));
#1876 = ORIENTED_EDGE('',*,*,#1877,.F.);
#1877 = EDGE_CURVE('',#598,#1870,#1878,.T.);
#1878 = CIRCLE('',#1879,0.3);
#1879 = AXIS2_PLACEMENT_3D('',#1880,#1881,#1882);
#1880 = CARTESIAN_POINT('',(89.3,-6.49,33.7));
#1881 = DIRECTION('',(1.,0.,-0.));
#1882 = DIRECTION('',(0.,0.,1.));
#1883 = ORIENTED_EDGE('',*,*,#597,.F.);
#1884 = CYLINDRICAL_SURFACE('',#1885,0.3);
#1885 = AXIS2_PLACEMENT_3D('',#1886,#1887,#1888);
#1886 = CARTESIAN_POINT('',(78.7,-6.49,33.7));
#1887 = DIRECTION('',(1.,0.,0.));
#1888 = DIRECTION('',(0.,0.,1.));
#1889 = ADVANCED_FACE('',(#1890),#1902,.T.);
#1890 = FACE_BOUND('',#1891,.F.);
#1891 = EDGE_LOOP('',(#1892,#1893,#1894,#1895));
#1892 = ORIENTED_EDGE('',*,*,#1877,.F.);
#1893 = ORIENTED_EDGE('',*,*,#605,.T.);
#1894 = ORIENTED_EDGE('',*,*,#1843,.T.);
#1895 = ORIENTED_EDGE('',*,*,#1896,.F.);
#1896 = EDGE_CURVE('',#1870,#1844,#1897,.T.);
#1897 = CIRCLE('',#1898,0.5);
#1898 = AXIS2_PLACEMENT_3D('',#1899,#1900,#1901);
#1899 = CARTESIAN_POINT('',(89.3,-6.29,33.7));
#1900 = DIRECTION('',(-0.,0.,1.));
#1901 = DIRECTION('',(0.,-1.,0.));
#1902 = SURFACE_OF_REVOLUTION('',#1903,#1911);
#1903 = B_SPLINE_CURVE_WITH_KNOTS('',6,(#1904,#1905,#1906,#1907,#1908,
    #1909,#1910),.UNSPECIFIED.,.F.,.F.,(7,7),(4.712388980385,
    6.28318530718),.PIECEWISE_BEZIER_KNOTS.);
#1904 = CARTESIAN_POINT('',(89.3,-6.49,34.));
#1905 = CARTESIAN_POINT('',(89.3,-6.56853981634,34.));
#1906 = CARTESIAN_POINT('',(89.3,-6.647072950212,33.975331694194));
#1907 = CARTESIAN_POINT('',(89.3,-6.715957044892,33.925957044892));
#1908 = CARTESIAN_POINT('',(89.3,-6.765331694194,33.857072950212));
#1909 = CARTESIAN_POINT('',(89.3,-6.79,33.77853981634));
#1910 = CARTESIAN_POINT('',(89.3,-6.79,33.7));
#1911 = AXIS1_PLACEMENT('',#1912,#1913);
#1912 = CARTESIAN_POINT('',(89.3,-6.29,33.7));
#1913 = DIRECTION('',(-0.,-0.,-1.));
#1914 = ADVANCED_FACE('',(#1915),#1926,.T.);
#1915 = FACE_BOUND('',#1916,.F.);
#1916 = EDGE_LOOP('',(#1917,#1918,#1919,#1925));
#1917 = ORIENTED_EDGE('',*,*,#696,.F.);
#1918 = ORIENTED_EDGE('',*,*,#1009,.T.);
#1919 = ORIENTED_EDGE('',*,*,#1920,.T.);
#1920 = EDGE_CURVE('',#1001,#1470,#1921,.T.);
#1921 = LINE('',#1922,#1923);
#1922 = CARTESIAN_POINT('',(94.1,-9.79,18.));
#1923 = VECTOR('',#1924,1.);
#1924 = DIRECTION('',(0.,0.,1.));
#1925 = ORIENTED_EDGE('',*,*,#1478,.F.);
#1926 = CYLINDRICAL_SURFACE('',#1927,0.5);
#1927 = AXIS2_PLACEMENT_3D('',#1928,#1929,#1930);
#1928 = CARTESIAN_POINT('',(94.1,-9.29,18.));
#1929 = DIRECTION('',(0.,0.,1.));
#1930 = DIRECTION('',(1.,0.,0.));
#1931 = ADVANCED_FACE('',(#1932),#1974,.T.);
#1932 = FACE_BOUND('',#1933,.T.);
#1933 = EDGE_LOOP('',(#1934,#1942,#1950,#1958,#1966,#1972,#1973));
#1934 = ORIENTED_EDGE('',*,*,#1935,.F.);
#1935 = EDGE_CURVE('',#1936,#736,#1938,.T.);
#1936 = VERTEX_POINT('',#1937);
#1937 = CARTESIAN_POINT('',(83.25,-4.04,23.5));
#1938 = LINE('',#1939,#1940);
#1939 = CARTESIAN_POINT('',(83.25,-4.04,23.5));
#1940 = VECTOR('',#1941,1.);
#1941 = DIRECTION('',(0.,0.,-1.));
#1942 = ORIENTED_EDGE('',*,*,#1943,.F.);
#1943 = EDGE_CURVE('',#1944,#1936,#1946,.T.);
#1944 = VERTEX_POINT('',#1945);
#1945 = CARTESIAN_POINT('',(77.7,-4.04,23.5));
#1946 = LINE('',#1947,#1948);
#1947 = CARTESIAN_POINT('',(82.65,-4.04,23.5));
#1948 = VECTOR('',#1949,1.);
#1949 = DIRECTION('',(1.,0.,0.));
#1950 = ORIENTED_EDGE('',*,*,#1951,.F.);
#1951 = EDGE_CURVE('',#1952,#1944,#1954,.T.);
#1952 = VERTEX_POINT('',#1953);
#1953 = CARTESIAN_POINT('',(77.7,-4.04,18.5));
#1954 = LINE('',#1955,#1956);
#1955 = CARTESIAN_POINT('',(77.7,-4.04,24.75));
#1956 = VECTOR('',#1957,1.);
#1957 = DIRECTION('',(0.,2.3E-16,1.));
#1958 = ORIENTED_EDGE('',*,*,#1959,.T.);
#1959 = EDGE_CURVE('',#1952,#1960,#1962,.T.);
#1960 = VERTEX_POINT('',#1961);
#1961 = CARTESIAN_POINT('',(83.25,-4.04,18.5));
#1962 = LINE('',#1963,#1964);
#1963 = CARTESIAN_POINT('',(81.3,-4.04,18.5));
#1964 = VECTOR('',#1965,1.);
#1965 = DIRECTION('',(1.,0.,0.));
#1966 = ORIENTED_EDGE('',*,*,#1967,.F.);
#1967 = EDGE_CURVE('',#796,#1960,#1968,.T.);
#1968 = LINE('',#1969,#1970);
#1969 = CARTESIAN_POINT('',(83.25,-4.04,19.474385369761));
#1970 = VECTOR('',#1971,1.);
#1971 = DIRECTION('',(0.,0.,-1.));
#1972 = ORIENTED_EDGE('',*,*,#803,.F.);
#1973 = ORIENTED_EDGE('',*,*,#735,.F.);
#1974 = PLANE('',#1975);
#1975 = AXIS2_PLACEMENT_3D('',#1976,#1977,#1978);
#1976 = CARTESIAN_POINT('',(80.46162637812,-4.04,21.));
#1977 = DIRECTION('',(-3.6E-16,-1.,2.9E-16));
#1978 = DIRECTION('',(-1.,3.6E-16,0.));
#1979 = ADVANCED_FACE('',(#1980),#1998,.T.);
#1980 = FACE_BOUND('',#1981,.T.);
#1981 = EDGE_LOOP('',(#1982,#1990,#1991,#1992));
#1982 = ORIENTED_EDGE('',*,*,#1983,.T.);
#1983 = EDGE_CURVE('',#1984,#1936,#1986,.T.);
#1984 = VERTEX_POINT('',#1985);
#1985 = CARTESIAN_POINT('',(83.25,-2.79,23.5));
#1986 = LINE('',#1987,#1988);
#1987 = CARTESIAN_POINT('',(83.25,-2.79,23.5));
#1988 = VECTOR('',#1989,1.);
#1989 = DIRECTION('',(0.,-1.,2.2E-16));
#1990 = ORIENTED_EDGE('',*,*,#1935,.T.);
#1991 = ORIENTED_EDGE('',*,*,#744,.F.);
#1992 = ORIENTED_EDGE('',*,*,#1993,.F.);
#1993 = EDGE_CURVE('',#1984,#745,#1994,.T.);
#1994 = LINE('',#1995,#1996);
#1995 = CARTESIAN_POINT('',(83.25,-2.79,23.5));
#1996 = VECTOR('',#1997,1.);
#1997 = DIRECTION('',(0.,0.,-1.));
#1998 = PLANE('',#1999);
#1999 = AXIS2_PLACEMENT_3D('',#2000,#2001,#2002);
#2000 = CARTESIAN_POINT('',(83.25,-2.79,23.5));
#2001 = DIRECTION('',(1.,0.,0.));
#2002 = DIRECTION('',(0.,-2.2E-16,-1.));
#2003 = ADVANCED_FACE('',(#2004),#2022,.F.);
#2004 = FACE_BOUND('',#2005,.F.);
#2005 = EDGE_LOOP('',(#2006,#2014,#2020,#2021));
#2006 = ORIENTED_EDGE('',*,*,#2007,.F.);
#2007 = EDGE_CURVE('',#2008,#1984,#2010,.T.);
#2008 = VERTEX_POINT('',#2009);
#2009 = CARTESIAN_POINT('',(84.75,-2.79,23.5));
#2010 = LINE('',#2011,#2012);
#2011 = CARTESIAN_POINT('',(86.7,-2.79,23.5));
#2012 = VECTOR('',#2013,1.);
#2013 = DIRECTION('',(-1.,0.,0.));
#2014 = ORIENTED_EDGE('',*,*,#2015,.F.);
#2015 = EDGE_CURVE('',#753,#2008,#2016,.T.);
#2016 = LINE('',#2017,#2018);
#2017 = CARTESIAN_POINT('',(84.75,-2.79,22.525614630239));
#2018 = VECTOR('',#2019,1.);
#2019 = DIRECTION('',(0.,0.,1.));
#2020 = ORIENTED_EDGE('',*,*,#752,.F.);
#2021 = ORIENTED_EDGE('',*,*,#1993,.F.);
#2022 = PLANE('',#2023);
#2023 = AXIS2_PLACEMENT_3D('',#2024,#2025,#2026);
#2024 = CARTESIAN_POINT('',(82.199999999996,-2.79,25.999999999996));
#2025 = DIRECTION('',(0.,1.,-2.5E-16));
#2026 = DIRECTION('',(0.,2.5E-16,1.));
#2027 = ADVANCED_FACE('',(#2028),#2046,.T.);
#2028 = FACE_BOUND('',#2029,.T.);
#2029 = EDGE_LOOP('',(#2030,#2031,#2039,#2045));
#2030 = ORIENTED_EDGE('',*,*,#761,.T.);
#2031 = ORIENTED_EDGE('',*,*,#2032,.T.);
#2032 = EDGE_CURVE('',#762,#2033,#2035,.T.);
#2033 = VERTEX_POINT('',#2034);
#2034 = CARTESIAN_POINT('',(84.75,-4.04,23.5));
#2035 = LINE('',#2036,#2037);
#2036 = CARTESIAN_POINT('',(84.75,-4.04,22.525614630239));
#2037 = VECTOR('',#2038,1.);
#2038 = DIRECTION('',(0.,0.,1.));
#2039 = ORIENTED_EDGE('',*,*,#2040,.F.);
#2040 = EDGE_CURVE('',#2008,#2033,#2041,.T.);
#2041 = LINE('',#2042,#2043);
#2042 = CARTESIAN_POINT('',(84.75,-2.79,23.5));
#2043 = VECTOR('',#2044,1.);
#2044 = DIRECTION('',(0.,-1.,2.2E-16));
#2045 = ORIENTED_EDGE('',*,*,#2015,.F.);
#2046 = PLANE('',#2047);
#2047 = AXIS2_PLACEMENT_3D('',#2048,#2049,#2050);
#2048 = CARTESIAN_POINT('',(84.75,-2.79,22.525614630239));
#2049 = DIRECTION('',(-1.,0.,0.));
#2050 = DIRECTION('',(0.,2.2E-16,1.));
#2051 = ADVANCED_FACE('',(#2052),#2086,.F.);
#2052 = FACE_BOUND('',#2053,.F.);
#2053 = EDGE_LOOP('',(#2054,#2062,#2063,#2064,#2072,#2080));
#2054 = ORIENTED_EDGE('',*,*,#2055,.T.);
#2055 = EDGE_CURVE('',#2056,#770,#2058,.T.);
#2056 = VERTEX_POINT('',#2057);
#2057 = CARTESIAN_POINT('',(84.75,-4.04,18.5));
#2058 = LINE('',#2059,#2060);
#2059 = CARTESIAN_POINT('',(84.75,-4.04,18.5));
#2060 = VECTOR('',#2061,1.);
#2061 = DIRECTION('',(0.,0.,1.));
#2062 = ORIENTED_EDGE('',*,*,#769,.T.);
#2063 = ORIENTED_EDGE('',*,*,#2032,.T.);
#2064 = ORIENTED_EDGE('',*,*,#2065,.F.);
#2065 = EDGE_CURVE('',#2066,#2033,#2068,.T.);
#2066 = VERTEX_POINT('',#2067);
#2067 = CARTESIAN_POINT('',(86.7,-4.04,23.5));
#2068 = LINE('',#2069,#2070);
#2069 = CARTESIAN_POINT('',(86.7,-4.04,23.5));
#2070 = VECTOR('',#2071,1.);
#2071 = DIRECTION('',(-1.,0.,0.));
#2072 = ORIENTED_EDGE('',*,*,#2073,.F.);
#2073 = EDGE_CURVE('',#2074,#2066,#2076,.T.);
#2074 = VERTEX_POINT('',#2075);
#2075 = CARTESIAN_POINT('',(86.7,-4.04,18.5));
#2076 = LINE('',#2077,#2078);
#2077 = CARTESIAN_POINT('',(86.7,-4.04,18.5));
#2078 = VECTOR('',#2079,1.);
#2079 = DIRECTION('',(0.,0.,1.));
#2080 = ORIENTED_EDGE('',*,*,#2081,.F.);
#2081 = EDGE_CURVE('',#2056,#2074,#2082,.T.);
#2082 = LINE('',#2083,#2084);
#2083 = CARTESIAN_POINT('',(84.75,-4.04,18.5));
#2084 = VECTOR('',#2085,1.);
#2085 = DIRECTION('',(1.,0.,0.));
#2086 = PLANE('',#2087);
#2087 = AXIS2_PLACEMENT_3D('',#2088,#2089,#2090);
#2088 = CARTESIAN_POINT('',(84.,-4.04,26.));
#2089 = DIRECTION('',(0.,1.,-2.3E-16));
#2090 = DIRECTION('',(0.,2.3E-16,1.));
#2091 = ADVANCED_FACE('',(#2092),#2110,.T.);
#2092 = FACE_BOUND('',#2093,.T.);
#2093 = EDGE_LOOP('',(#2094,#2102,#2103,#2104));
#2094 = ORIENTED_EDGE('',*,*,#2095,.T.);
#2095 = EDGE_CURVE('',#2096,#2056,#2098,.T.);
#2096 = VERTEX_POINT('',#2097);
#2097 = CARTESIAN_POINT('',(84.75,-2.79,18.5));
#2098 = LINE('',#2099,#2100);
#2099 = CARTESIAN_POINT('',(84.75,-2.79,18.5));
#2100 = VECTOR('',#2101,1.);
#2101 = DIRECTION('',(0.,-1.,2.2E-16));
#2102 = ORIENTED_EDGE('',*,*,#2055,.T.);
#2103 = ORIENTED_EDGE('',*,*,#778,.F.);
#2104 = ORIENTED_EDGE('',*,*,#2105,.F.);
#2105 = EDGE_CURVE('',#2096,#779,#2106,.T.);
#2106 = LINE('',#2107,#2108);
#2107 = CARTESIAN_POINT('',(84.75,-2.79,18.5));
#2108 = VECTOR('',#2109,1.);
#2109 = DIRECTION('',(0.,0.,1.));
#2110 = PLANE('',#2111);
#2111 = AXIS2_PLACEMENT_3D('',#2112,#2113,#2114);
#2112 = CARTESIAN_POINT('',(84.75,-2.79,18.5));
#2113 = DIRECTION('',(-1.,0.,0.));
#2114 = DIRECTION('',(0.,2.2E-16,1.));
#2115 = ADVANCED_FACE('',(#2116),#2134,.F.);
#2116 = FACE_BOUND('',#2117,.F.);
#2117 = EDGE_LOOP('',(#2118,#2119,#2127,#2133));
#2118 = ORIENTED_EDGE('',*,*,#2105,.F.);
#2119 = ORIENTED_EDGE('',*,*,#2120,.F.);
#2120 = EDGE_CURVE('',#2121,#2096,#2123,.T.);
#2121 = VERTEX_POINT('',#2122);
#2122 = CARTESIAN_POINT('',(83.25,-2.79,18.5));
#2123 = LINE('',#2124,#2125);
#2124 = CARTESIAN_POINT('',(77.7,-2.79,18.5));
#2125 = VECTOR('',#2126,1.);
#2126 = DIRECTION('',(1.,0.,0.));
#2127 = ORIENTED_EDGE('',*,*,#2128,.F.);
#2128 = EDGE_CURVE('',#787,#2121,#2129,.T.);
#2129 = LINE('',#2130,#2131);
#2130 = CARTESIAN_POINT('',(83.25,-2.79,19.474385369761));
#2131 = VECTOR('',#2132,1.);
#2132 = DIRECTION('',(0.,0.,-1.));
#2133 = ORIENTED_EDGE('',*,*,#786,.F.);
#2134 = PLANE('',#2135);
#2135 = AXIS2_PLACEMENT_3D('',#2136,#2137,#2138);
#2136 = CARTESIAN_POINT('',(82.199999999996,-2.79,25.999999999996));
#2137 = DIRECTION('',(0.,1.,-2.5E-16));
#2138 = DIRECTION('',(0.,2.5E-16,1.));
#2139 = ADVANCED_FACE('',(#2140),#2151,.T.);
#2140 = FACE_BOUND('',#2141,.T.);
#2141 = EDGE_LOOP('',(#2142,#2143,#2144,#2150));
#2142 = ORIENTED_EDGE('',*,*,#795,.T.);
#2143 = ORIENTED_EDGE('',*,*,#1967,.T.);
#2144 = ORIENTED_EDGE('',*,*,#2145,.F.);
#2145 = EDGE_CURVE('',#2121,#1960,#2146,.T.);
#2146 = LINE('',#2147,#2148);
#2147 = CARTESIAN_POINT('',(83.25,-2.79,18.5));
#2148 = VECTOR('',#2149,1.);
#2149 = DIRECTION('',(0.,-1.,2.2E-16));
#2150 = ORIENTED_EDGE('',*,*,#2128,.F.);
#2151 = PLANE('',#2152);
#2152 = AXIS2_PLACEMENT_3D('',#2153,#2154,#2155);
#2153 = CARTESIAN_POINT('',(83.25,-2.79,19.474385369761));
#2154 = DIRECTION('',(1.,0.,0.));
#2155 = DIRECTION('',(0.,-2.2E-16,-1.));
#2156 = ADVANCED_FACE('',(#2157),#2182,.T.);
#2157 = FACE_BOUND('',#2158,.T.);
#2158 = EDGE_LOOP('',(#2159,#2169,#2175,#2176));
#2159 = ORIENTED_EDGE('',*,*,#2160,.T.);
#2160 = EDGE_CURVE('',#2161,#2163,#2165,.T.);
#2161 = VERTEX_POINT('',#2162);
#2162 = CARTESIAN_POINT('',(83.25,-2.79,33.5));
#2163 = VERTEX_POINT('',#2164);
#2164 = CARTESIAN_POINT('',(83.25,-4.04,33.5));
#2165 = LINE('',#2166,#2167);
#2166 = CARTESIAN_POINT('',(83.25,-2.79,33.5));
#2167 = VECTOR('',#2168,1.);
#2168 = DIRECTION('',(0.,-1.,2.2E-16));
#2169 = ORIENTED_EDGE('',*,*,#2170,.T.);
#2170 = EDGE_CURVE('',#2163,#828,#2171,.T.);
#2171 = LINE('',#2172,#2173);
#2172 = CARTESIAN_POINT('',(83.25,-4.04,33.5));
#2173 = VECTOR('',#2174,1.);
#2174 = DIRECTION('',(0.,0.,-1.));
#2175 = ORIENTED_EDGE('',*,*,#836,.F.);
#2176 = ORIENTED_EDGE('',*,*,#2177,.F.);
#2177 = EDGE_CURVE('',#2161,#837,#2178,.T.);
#2178 = LINE('',#2179,#2180);
#2179 = CARTESIAN_POINT('',(83.25,-2.79,33.5));
#2180 = VECTOR('',#2181,1.);
#2181 = DIRECTION('',(0.,0.,-1.));
#2182 = PLANE('',#2183);
#2183 = AXIS2_PLACEMENT_3D('',#2184,#2185,#2186);
#2184 = CARTESIAN_POINT('',(83.25,-2.79,33.5));
#2185 = DIRECTION('',(1.,0.,0.));
#2186 = DIRECTION('',(0.,-2.2E-16,-1.));
#2187 = ADVANCED_FACE('',(#2188),#2206,.F.);
#2188 = FACE_BOUND('',#2189,.F.);
#2189 = EDGE_LOOP('',(#2190,#2198,#2204,#2205));
#2190 = ORIENTED_EDGE('',*,*,#2191,.F.);
#2191 = EDGE_CURVE('',#2192,#2161,#2194,.T.);
#2192 = VERTEX_POINT('',#2193);
#2193 = CARTESIAN_POINT('',(84.75,-2.79,33.5));
#2194 = LINE('',#2195,#2196);
#2195 = CARTESIAN_POINT('',(86.7,-2.79,33.499999999983));
#2196 = VECTOR('',#2197,1.);
#2197 = DIRECTION('',(-1.,0.,0.));
#2198 = ORIENTED_EDGE('',*,*,#2199,.F.);
#2199 = EDGE_CURVE('',#845,#2192,#2200,.T.);
#2200 = LINE('',#2201,#2202);
#2201 = CARTESIAN_POINT('',(84.75,-2.79,32.525614630239));
#2202 = VECTOR('',#2203,1.);
#2203 = DIRECTION('',(0.,0.,1.));
#2204 = ORIENTED_EDGE('',*,*,#844,.F.);
#2205 = ORIENTED_EDGE('',*,*,#2177,.F.);
#2206 = PLANE('',#2207);
#2207 = AXIS2_PLACEMENT_3D('',#2208,#2209,#2210);
#2208 = CARTESIAN_POINT('',(82.199999999996,-2.79,25.999999999996));
#2209 = DIRECTION('',(0.,1.,-2.5E-16));
#2210 = DIRECTION('',(0.,2.5E-16,1.));
#2211 = ADVANCED_FACE('',(#2212),#2230,.T.);
#2212 = FACE_BOUND('',#2213,.T.);
#2213 = EDGE_LOOP('',(#2214,#2215,#2223,#2229));
#2214 = ORIENTED_EDGE('',*,*,#853,.T.);
#2215 = ORIENTED_EDGE('',*,*,#2216,.T.);
#2216 = EDGE_CURVE('',#854,#2217,#2219,.T.);
#2217 = VERTEX_POINT('',#2218);
#2218 = CARTESIAN_POINT('',(84.75,-4.04,33.5));
#2219 = LINE('',#2220,#2221);
#2220 = CARTESIAN_POINT('',(84.75,-4.04,32.525614630239));
#2221 = VECTOR('',#2222,1.);
#2222 = DIRECTION('',(0.,0.,1.));
#2223 = ORIENTED_EDGE('',*,*,#2224,.F.);
#2224 = EDGE_CURVE('',#2192,#2217,#2225,.T.);
#2225 = LINE('',#2226,#2227);
#2226 = CARTESIAN_POINT('',(84.75,-2.79,33.5));
#2227 = VECTOR('',#2228,1.);
#2228 = DIRECTION('',(0.,-1.,2.2E-16));
#2229 = ORIENTED_EDGE('',*,*,#2199,.F.);
#2230 = PLANE('',#2231);
#2231 = AXIS2_PLACEMENT_3D('',#2232,#2233,#2234);
#2232 = CARTESIAN_POINT('',(84.75,-2.79,32.525614630239));
#2233 = DIRECTION('',(-1.,0.,0.));
#2234 = DIRECTION('',(0.,2.2E-16,1.));
#2235 = ADVANCED_FACE('',(#2236),#2270,.F.);
#2236 = FACE_BOUND('',#2237,.F.);
#2237 = EDGE_LOOP('',(#2238,#2246,#2247,#2248,#2256,#2264));
#2238 = ORIENTED_EDGE('',*,*,#2239,.T.);
#2239 = EDGE_CURVE('',#2240,#862,#2242,.T.);
#2240 = VERTEX_POINT('',#2241);
#2241 = CARTESIAN_POINT('',(84.75,-4.04,28.5));
#2242 = LINE('',#2243,#2244);
#2243 = CARTESIAN_POINT('',(84.75,-4.04,28.5));
#2244 = VECTOR('',#2245,1.);
#2245 = DIRECTION('',(0.,0.,1.));
#2246 = ORIENTED_EDGE('',*,*,#861,.T.);
#2247 = ORIENTED_EDGE('',*,*,#2216,.T.);
#2248 = ORIENTED_EDGE('',*,*,#2249,.F.);
#2249 = EDGE_CURVE('',#2250,#2217,#2252,.T.);
#2250 = VERTEX_POINT('',#2251);
#2251 = CARTESIAN_POINT('',(86.7,-4.04,33.5));
#2252 = LINE('',#2253,#2254);
#2253 = CARTESIAN_POINT('',(86.7,-4.04,33.5));
#2254 = VECTOR('',#2255,1.);
#2255 = DIRECTION('',(-1.,0.,0.));
#2256 = ORIENTED_EDGE('',*,*,#2257,.F.);
#2257 = EDGE_CURVE('',#2258,#2250,#2260,.T.);
#2258 = VERTEX_POINT('',#2259);
#2259 = CARTESIAN_POINT('',(86.7,-4.04,28.5));
#2260 = LINE('',#2261,#2262);
#2261 = CARTESIAN_POINT('',(86.7,-4.04,28.5));
#2262 = VECTOR('',#2263,1.);
#2263 = DIRECTION('',(0.,0.,1.));
#2264 = ORIENTED_EDGE('',*,*,#2265,.F.);
#2265 = EDGE_CURVE('',#2240,#2258,#2266,.T.);
#2266 = LINE('',#2267,#2268);
#2267 = CARTESIAN_POINT('',(84.75,-4.04,28.5));
#2268 = VECTOR('',#2269,1.);
#2269 = DIRECTION('',(1.,0.,0.));
#2270 = PLANE('',#2271);
#2271 = AXIS2_PLACEMENT_3D('',#2272,#2273,#2274);
#2272 = CARTESIAN_POINT('',(84.,-4.04,26.));
#2273 = DIRECTION('',(0.,1.,-2.3E-16));
#2274 = DIRECTION('',(0.,2.3E-16,1.));
#2275 = ADVANCED_FACE('',(#2276),#2294,.T.);
#2276 = FACE_BOUND('',#2277,.T.);
#2277 = EDGE_LOOP('',(#2278,#2286,#2287,#2288));
#2278 = ORIENTED_EDGE('',*,*,#2279,.T.);
#2279 = EDGE_CURVE('',#2280,#2240,#2282,.T.);
#2280 = VERTEX_POINT('',#2281);
#2281 = CARTESIAN_POINT('',(84.75,-2.79,28.5));
#2282 = LINE('',#2283,#2284);
#2283 = CARTESIAN_POINT('',(84.75,-2.79,28.5));
#2284 = VECTOR('',#2285,1.);
#2285 = DIRECTION('',(0.,-1.,2.2E-16));
#2286 = ORIENTED_EDGE('',*,*,#2239,.T.);
#2287 = ORIENTED_EDGE('',*,*,#870,.F.);
#2288 = ORIENTED_EDGE('',*,*,#2289,.F.);
#2289 = EDGE_CURVE('',#2280,#871,#2290,.T.);
#2290 = LINE('',#2291,#2292);
#2291 = CARTESIAN_POINT('',(84.75,-2.79,28.5));
#2292 = VECTOR('',#2293,1.);
#2293 = DIRECTION('',(0.,0.,1.));
#2294 = PLANE('',#2295);
#2295 = AXIS2_PLACEMENT_3D('',#2296,#2297,#2298);
#2296 = CARTESIAN_POINT('',(84.75,-2.79,28.5));
#2297 = DIRECTION('',(-1.,0.,0.));
#2298 = DIRECTION('',(0.,2.2E-16,1.));
#2299 = ADVANCED_FACE('',(#2300),#2318,.F.);
#2300 = FACE_BOUND('',#2301,.F.);
#2301 = EDGE_LOOP('',(#2302,#2303,#2311,#2317));
#2302 = ORIENTED_EDGE('',*,*,#2289,.F.);
#2303 = ORIENTED_EDGE('',*,*,#2304,.F.);
#2304 = EDGE_CURVE('',#2305,#2280,#2307,.T.);
#2305 = VERTEX_POINT('',#2306);
#2306 = CARTESIAN_POINT('',(83.25,-2.79,28.5));
#2307 = LINE('',#2308,#2309);
#2308 = CARTESIAN_POINT('',(77.699999999983,-2.79,28.5));
#2309 = VECTOR('',#2310,1.);
#2310 = DIRECTION('',(1.,0.,0.));
#2311 = ORIENTED_EDGE('',*,*,#2312,.F.);
#2312 = EDGE_CURVE('',#879,#2305,#2313,.T.);
#2313 = LINE('',#2314,#2315);
#2314 = CARTESIAN_POINT('',(83.25,-2.79,29.474385369761));
#2315 = VECTOR('',#2316,1.);
#2316 = DIRECTION('',(0.,0.,-1.));
#2317 = ORIENTED_EDGE('',*,*,#878,.F.);
#2318 = PLANE('',#2319);
#2319 = AXIS2_PLACEMENT_3D('',#2320,#2321,#2322);
#2320 = CARTESIAN_POINT('',(82.199999999996,-2.79,25.999999999996));
#2321 = DIRECTION('',(0.,1.,-2.5E-16));
#2322 = DIRECTION('',(0.,2.5E-16,1.));
#2323 = ADVANCED_FACE('',(#2324),#2342,.T.);
#2324 = FACE_BOUND('',#2325,.T.);
#2325 = EDGE_LOOP('',(#2326,#2327,#2335,#2341));
#2326 = ORIENTED_EDGE('',*,*,#887,.T.);
#2327 = ORIENTED_EDGE('',*,*,#2328,.T.);
#2328 = EDGE_CURVE('',#888,#2329,#2331,.T.);
#2329 = VERTEX_POINT('',#2330);
#2330 = CARTESIAN_POINT('',(83.25,-4.04,28.5));
#2331 = LINE('',#2332,#2333);
#2332 = CARTESIAN_POINT('',(83.25,-4.04,29.474385369761));
#2333 = VECTOR('',#2334,1.);
#2334 = DIRECTION('',(0.,0.,-1.));
#2335 = ORIENTED_EDGE('',*,*,#2336,.F.);
#2336 = EDGE_CURVE('',#2305,#2329,#2337,.T.);
#2337 = LINE('',#2338,#2339);
#2338 = CARTESIAN_POINT('',(83.25,-2.79,28.5));
#2339 = VECTOR('',#2340,1.);
#2340 = DIRECTION('',(0.,-1.,2.2E-16));
#2341 = ORIENTED_EDGE('',*,*,#2312,.F.);
#2342 = PLANE('',#2343);
#2343 = AXIS2_PLACEMENT_3D('',#2344,#2345,#2346);
#2344 = CARTESIAN_POINT('',(83.25,-2.79,29.474385369761));
#2345 = DIRECTION('',(1.,0.,0.));
#2346 = DIRECTION('',(0.,-2.2E-16,-1.));
#2347 = ADVANCED_FACE('',(#2348),#2359,.F.);
#2348 = FACE_BOUND('',#2349,.F.);
#2349 = EDGE_LOOP('',(#2350,#2351,#2352,#2358));
#2350 = ORIENTED_EDGE('',*,*,#957,.T.);
#2351 = ORIENTED_EDGE('',*,*,#1561,.T.);
#2352 = ORIENTED_EDGE('',*,*,#2353,.F.);
#2353 = EDGE_CURVE('',#1084,#1553,#2354,.T.);
#2354 = LINE('',#2355,#2356);
#2355 = CARTESIAN_POINT('',(74.5,-8.79,18.));
#2356 = VECTOR('',#2357,1.);
#2357 = DIRECTION('',(0.,0.,1.));
#2358 = ORIENTED_EDGE('',*,*,#1092,.F.);
#2359 = PLANE('',#2360);
#2360 = AXIS2_PLACEMENT_3D('',#2361,#2362,#2363);
#2361 = CARTESIAN_POINT('',(74.5,-9.79,18.));
#2362 = DIRECTION('',(-1.,0.,0.));
#2363 = DIRECTION('',(0.,1.,0.));
#2364 = ADVANCED_FACE('',(#2365),#2376,.T.);
#2365 = FACE_BOUND('',#2366,.T.);
#2366 = EDGE_LOOP('',(#2367,#2368,#2369,#2375));
#2367 = ORIENTED_EDGE('',*,*,#1920,.T.);
#2368 = ORIENTED_EDGE('',*,*,#1526,.T.);
#2369 = ORIENTED_EDGE('',*,*,#2370,.F.);
#2370 = EDGE_CURVE('',#1058,#1527,#2371,.T.);
#2371 = LINE('',#2372,#2373);
#2372 = CARTESIAN_POINT('',(94.,-9.79,18.));
#2373 = VECTOR('',#2374,1.);
#2374 = DIRECTION('',(0.,0.,1.));
#2375 = ORIENTED_EDGE('',*,*,#1057,.F.);
#2376 = PLANE('',#2377);
#2377 = AXIS2_PLACEMENT_3D('',#2378,#2379,#2380);
#2378 = CARTESIAN_POINT('',(94.6,-9.79,18.));
#2379 = DIRECTION('',(0.,-1.,0.));
#2380 = DIRECTION('',(-1.,0.,0.));
#2381 = ADVANCED_FACE('',(#2382),#2393,.T.);
#2382 = FACE_BOUND('',#2383,.T.);
#2383 = EDGE_LOOP('',(#2384,#2390,#2391,#2392));
#2384 = ORIENTED_EDGE('',*,*,#2385,.F.);
#2385 = EDGE_CURVE('',#1109,#1578,#2386,.T.);
#2386 = LINE('',#2387,#2388);
#2387 = CARTESIAN_POINT('',(93.5,-9.29,18.));
#2388 = VECTOR('',#2389,1.);
#2389 = DIRECTION('',(0.,0.,1.));
#2390 = ORIENTED_EDGE('',*,*,#1117,.F.);
#2391 = ORIENTED_EDGE('',*,*,#2370,.T.);
#2392 = ORIENTED_EDGE('',*,*,#1586,.T.);
#2393 = CYLINDRICAL_SURFACE('',#2394,0.5);
#2394 = AXIS2_PLACEMENT_3D('',#2395,#2396,#2397);
#2395 = CARTESIAN_POINT('',(94.,-9.29,18.));
#2396 = DIRECTION('',(0.,0.,1.));
#2397 = DIRECTION('',(-1.,0.,0.));
#2398 = ADVANCED_FACE('',(#2399),#2410,.F.);
#2399 = FACE_BOUND('',#2400,.F.);
#2400 = EDGE_LOOP('',(#2401,#2402,#2403,#2409));
#2401 = ORIENTED_EDGE('',*,*,#2353,.T.);
#2402 = ORIENTED_EDGE('',*,*,#1609,.T.);
#2403 = ORIENTED_EDGE('',*,*,#2404,.F.);
#2404 = EDGE_CURVE('',#1141,#1610,#2405,.T.);
#2405 = LINE('',#2406,#2407);
#2406 = CARTESIAN_POINT('',(74.2,-7.79,18.));
#2407 = VECTOR('',#2408,1.);
#2408 = DIRECTION('',(0.,0.,1.));
#2409 = ORIENTED_EDGE('',*,*,#1140,.F.);
#2410 = PLANE('',#2411);
#2411 = AXIS2_PLACEMENT_3D('',#2412,#2413,#2414);
#2412 = CARTESIAN_POINT('',(74.5,-8.79,18.));
#2413 = DIRECTION('',(-0.957826285221,-0.287347885566,0.));
#2414 = DIRECTION('',(-0.287347885566,0.957826285221,0.));
#2415 = ADVANCED_FACE('',(#2416),#2427,.T.);
#2416 = FACE_BOUND('',#2417,.T.);
#2417 = EDGE_LOOP('',(#2418,#2419,#2420,#2426));
#2418 = ORIENTED_EDGE('',*,*,#2385,.T.);
#2419 = ORIENTED_EDGE('',*,*,#1634,.T.);
#2420 = ORIENTED_EDGE('',*,*,#2421,.F.);
#2421 = EDGE_CURVE('',#1166,#1635,#2422,.T.);
#2422 = LINE('',#2423,#2424);
#2423 = CARTESIAN_POINT('',(93.5,-8.79,18.));
#2424 = VECTOR('',#2425,1.);
#2425 = DIRECTION('',(0.,0.,1.));
#2426 = ORIENTED_EDGE('',*,*,#1165,.F.);
#2427 = PLANE('',#2428);
#2428 = AXIS2_PLACEMENT_3D('',#2429,#2430,#2431);
#2429 = CARTESIAN_POINT('',(93.5,-9.79,18.));
#2430 = DIRECTION('',(-1.,0.,0.));
#2431 = DIRECTION('',(0.,1.,0.));
#2432 = ADVANCED_FACE('',(#2433),#2444,.F.);
#2433 = FACE_BOUND('',#2434,.F.);
#2434 = EDGE_LOOP('',(#2435,#2436,#2437,#2443));
#2435 = ORIENTED_EDGE('',*,*,#2404,.T.);
#2436 = ORIENTED_EDGE('',*,*,#1659,.T.);
#2437 = ORIENTED_EDGE('',*,*,#2438,.F.);
#2438 = EDGE_CURVE('',#1191,#1660,#2439,.T.);
#2439 = LINE('',#2440,#2441);
#2440 = CARTESIAN_POINT('',(74.2,-5.79,18.));
#2441 = VECTOR('',#2442,1.);
#2442 = DIRECTION('',(0.,0.,1.));
#2443 = ORIENTED_EDGE('',*,*,#1190,.F.);
#2444 = PLANE('',#2445);
#2445 = AXIS2_PLACEMENT_3D('',#2446,#2447,#2448);
#2446 = CARTESIAN_POINT('',(74.2,-7.79,18.));
#2447 = DIRECTION('',(-1.,0.,0.));
#2448 = DIRECTION('',(0.,1.,0.));
#2449 = ADVANCED_FACE('',(#2450),#2461,.T.);
#2450 = FACE_BOUND('',#2451,.T.);
#2451 = EDGE_LOOP('',(#2452,#2453,#2454,#2460));
#2452 = ORIENTED_EDGE('',*,*,#2421,.T.);
#2453 = ORIENTED_EDGE('',*,*,#1684,.T.);
#2454 = ORIENTED_EDGE('',*,*,#2455,.F.);
#2455 = EDGE_CURVE('',#1216,#1685,#2456,.T.);
#2456 = LINE('',#2457,#2458);
#2457 = CARTESIAN_POINT('',(93.8,-7.79,18.));
#2458 = VECTOR('',#2459,1.);
#2459 = DIRECTION('',(0.,0.,1.));
#2460 = ORIENTED_EDGE('',*,*,#1215,.F.);
#2461 = PLANE('',#2462);
#2462 = AXIS2_PLACEMENT_3D('',#2463,#2464,#2465);
#2463 = CARTESIAN_POINT('',(93.5,-8.79,18.));
#2464 = DIRECTION('',(-0.957826285221,0.287347885566,0.));
#2465 = DIRECTION('',(0.287347885566,0.957826285221,0.));
#2466 = ADVANCED_FACE('',(#2467),#2546,.F.);
#2467 = FACE_BOUND('',#2468,.T.);
#2468 = EDGE_LOOP('',(#2469,#2470,#2471,#2479,#2488,#2496,#2505,#2513,
    #2522,#2530,#2539,#2545));
#2469 = ORIENTED_EDGE('',*,*,#2438,.F.);
#2470 = ORIENTED_EDGE('',*,*,#1250,.T.);
#2471 = ORIENTED_EDGE('',*,*,#2472,.T.);
#2472 = EDGE_CURVE('',#1242,#2473,#2475,.T.);
#2473 = VERTEX_POINT('',#2474);
#2474 = CARTESIAN_POINT('',(78.2,-5.79,18.5));
#2475 = LINE('',#2476,#2477);
#2476 = CARTESIAN_POINT('',(78.2,-5.79,18.));
#2477 = VECTOR('',#2478,1.);
#2478 = DIRECTION('',(0.,0.,1.));
#2479 = ORIENTED_EDGE('',*,*,#2480,.F.);
#2480 = EDGE_CURVE('',#2481,#2473,#2483,.T.);
#2481 = VERTEX_POINT('',#2482);
#2482 = CARTESIAN_POINT('',(77.7,-4.467124344468,18.5));
#2483 = CIRCLE('',#2484,2.);
#2484 = AXIS2_PLACEMENT_3D('',#2485,#2486,#2487);
#2485 = CARTESIAN_POINT('',(76.2,-5.79,18.5));
#2486 = DIRECTION('',(0.,0.,-1.));
#2487 = DIRECTION('',(1.,0.,0.));
#2488 = ORIENTED_EDGE('',*,*,#2489,.F.);
#2489 = EDGE_CURVE('',#2490,#2481,#2492,.T.);
#2490 = VERTEX_POINT('',#2491);
#2491 = CARTESIAN_POINT('',(77.7,-4.467124344468,23.5));
#2492 = LINE('',#2493,#2494);
#2493 = CARTESIAN_POINT('',(77.7,-4.467124344468,18.));
#2494 = VECTOR('',#2495,1.);
#2495 = DIRECTION('',(-0.,-0.,-1.));
#2496 = ORIENTED_EDGE('',*,*,#2497,.T.);
#2497 = EDGE_CURVE('',#2490,#2498,#2500,.T.);
#2498 = VERTEX_POINT('',#2499);
#2499 = CARTESIAN_POINT('',(78.2,-5.79,23.5));
#2500 = CIRCLE('',#2501,2.);
#2501 = AXIS2_PLACEMENT_3D('',#2502,#2503,#2504);
#2502 = CARTESIAN_POINT('',(76.2,-5.79,23.5));
#2503 = DIRECTION('',(0.,0.,-1.));
#2504 = DIRECTION('',(1.,0.,0.));
#2505 = ORIENTED_EDGE('',*,*,#2506,.T.);
#2506 = EDGE_CURVE('',#2498,#2507,#2509,.T.);
#2507 = VERTEX_POINT('',#2508);
#2508 = CARTESIAN_POINT('',(78.2,-5.79,28.5));
#2509 = LINE('',#2510,#2511);
#2510 = CARTESIAN_POINT('',(78.2,-5.79,18.));
#2511 = VECTOR('',#2512,1.);
#2512 = DIRECTION('',(0.,0.,1.));
#2513 = ORIENTED_EDGE('',*,*,#2514,.F.);
#2514 = EDGE_CURVE('',#2515,#2507,#2517,.T.);
#2515 = VERTEX_POINT('',#2516);
#2516 = CARTESIAN_POINT('',(77.699999999983,-4.467124344448,28.5));
#2517 = CIRCLE('',#2518,2.);
#2518 = AXIS2_PLACEMENT_3D('',#2519,#2520,#2521);
#2519 = CARTESIAN_POINT('',(76.2,-5.79,28.5));
#2520 = DIRECTION('',(0.,0.,-1.));
#2521 = DIRECTION('',(1.,0.,0.));
#2522 = ORIENTED_EDGE('',*,*,#2523,.F.);
#2523 = EDGE_CURVE('',#2524,#2515,#2526,.T.);
#2524 = VERTEX_POINT('',#2525);
#2525 = CARTESIAN_POINT('',(77.699999999983,-4.467124344448,
    33.499999999983));
#2526 = LINE('',#2527,#2528);
#2527 = CARTESIAN_POINT('',(77.699999999983,-4.467124344449,18.));
#2528 = VECTOR('',#2529,1.);
#2529 = DIRECTION('',(-0.,-0.,-1.));
#2530 = ORIENTED_EDGE('',*,*,#2531,.T.);
#2531 = EDGE_CURVE('',#2524,#2532,#2534,.T.);
#2532 = VERTEX_POINT('',#2533);
#2533 = CARTESIAN_POINT('',(78.2,-5.79,33.499999999983));
#2534 = CIRCLE('',#2535,2.);
#2535 = AXIS2_PLACEMENT_3D('',#2536,#2537,#2538);
#2536 = CARTESIAN_POINT('',(76.2,-5.79,33.499999999983));
#2537 = DIRECTION('',(0.,0.,-1.));
#2538 = DIRECTION('',(1.,0.,0.));
#2539 = ORIENTED_EDGE('',*,*,#2540,.T.);
#2540 = EDGE_CURVE('',#2532,#1711,#2541,.T.);
#2541 = LINE('',#2542,#2543);
#2542 = CARTESIAN_POINT('',(78.2,-5.79,18.));
#2543 = VECTOR('',#2544,1.);
#2544 = DIRECTION('',(0.,0.,1.));
#2545 = ORIENTED_EDGE('',*,*,#1719,.F.);
#2546 = CYLINDRICAL_SURFACE('',#2547,2.);
#2547 = AXIS2_PLACEMENT_3D('',#2548,#2549,#2550);
#2548 = CARTESIAN_POINT('',(76.2,-5.79,18.));
#2549 = DIRECTION('',(-0.,-0.,-1.));
#2550 = DIRECTION('',(1.,0.,0.));
#2551 = ADVANCED_FACE('',(#2552),#2563,.T.);
#2552 = FACE_BOUND('',#2553,.T.);
#2553 = EDGE_LOOP('',(#2554,#2555,#2556,#2562));
#2554 = ORIENTED_EDGE('',*,*,#2455,.T.);
#2555 = ORIENTED_EDGE('',*,*,#1743,.F.);
#2556 = ORIENTED_EDGE('',*,*,#2557,.F.);
#2557 = EDGE_CURVE('',#1266,#1735,#2558,.T.);
#2558 = LINE('',#2559,#2560);
#2559 = CARTESIAN_POINT('',(93.8,-5.79,18.));
#2560 = VECTOR('',#2561,1.);
#2561 = DIRECTION('',(0.,0.,1.));
#2562 = ORIENTED_EDGE('',*,*,#1274,.T.);
#2563 = PLANE('',#2564);
#2564 = AXIS2_PLACEMENT_3D('',#2565,#2566,#2567);
#2565 = CARTESIAN_POINT('',(93.8,-7.79,18.));
#2566 = DIRECTION('',(-1.,0.,0.));
#2567 = DIRECTION('',(0.,1.,0.));
#2568 = ADVANCED_FACE('',(#2569),#2587,.F.);
#2569 = FACE_BOUND('',#2570,.F.);
#2570 = EDGE_LOOP('',(#2571,#2579,#2580,#2581));
#2571 = ORIENTED_EDGE('',*,*,#2572,.F.);
#2572 = EDGE_CURVE('',#1292,#2573,#2575,.T.);
#2573 = VERTEX_POINT('',#2574);
#2574 = CARTESIAN_POINT('',(78.2,-6.29,18.5));
#2575 = LINE('',#2576,#2577);
#2576 = CARTESIAN_POINT('',(78.2,-6.29,18.));
#2577 = VECTOR('',#2578,1.);
#2578 = DIRECTION('',(0.,0.,1.));
#2579 = ORIENTED_EDGE('',*,*,#1291,.F.);
#2580 = ORIENTED_EDGE('',*,*,#2472,.T.);
#2581 = ORIENTED_EDGE('',*,*,#2582,.F.);
#2582 = EDGE_CURVE('',#2573,#2473,#2583,.T.);
#2583 = LINE('',#2584,#2585);
#2584 = CARTESIAN_POINT('',(78.2,-6.29,18.5));
#2585 = VECTOR('',#2586,1.);
#2586 = DIRECTION('',(0.,1.,-2.2E-16));
#2587 = PLANE('',#2588);
#2588 = AXIS2_PLACEMENT_3D('',#2589,#2590,#2591);
#2589 = CARTESIAN_POINT('',(78.2,-5.79,18.));
#2590 = DIRECTION('',(1.,0.,0.));
#2591 = DIRECTION('',(0.,-1.,0.));
#2592 = ADVANCED_FACE('',(#2593),#2604,.F.);
#2593 = FACE_BOUND('',#2594,.T.);
#2594 = EDGE_LOOP('',(#2595,#2596,#2597,#2603));
#2595 = ORIENTED_EDGE('',*,*,#2557,.T.);
#2596 = ORIENTED_EDGE('',*,*,#1795,.F.);
#2597 = ORIENTED_EDGE('',*,*,#2598,.F.);
#2598 = EDGE_CURVE('',#1316,#1785,#2599,.T.);
#2599 = LINE('',#2600,#2601);
#2600 = CARTESIAN_POINT('',(89.8,-5.79,18.));
#2601 = VECTOR('',#2602,1.);
#2602 = DIRECTION('',(0.,0.,1.));
#2603 = ORIENTED_EDGE('',*,*,#1326,.T.);
#2604 = CYLINDRICAL_SURFACE('',#2605,2.);
#2605 = AXIS2_PLACEMENT_3D('',#2606,#2607,#2608);
#2606 = CARTESIAN_POINT('',(91.8,-5.79,18.));
#2607 = DIRECTION('',(-0.,-0.,-1.));
#2608 = DIRECTION('',(1.,0.,0.));
#2609 = ADVANCED_FACE('',(#2610),#2629,.T.);
#2610 = FACE_BOUND('',#2611,.T.);
#2611 = EDGE_LOOP('',(#2612,#2613,#2614,#2622));
#2612 = ORIENTED_EDGE('',*,*,#2572,.F.);
#2613 = ORIENTED_EDGE('',*,*,#1352,.T.);
#2614 = ORIENTED_EDGE('',*,*,#2615,.T.);
#2615 = EDGE_CURVE('',#1344,#2616,#2618,.T.);
#2616 = VERTEX_POINT('',#2617);
#2617 = CARTESIAN_POINT('',(78.7,-6.79,18.5));
#2618 = LINE('',#2619,#2620);
#2619 = CARTESIAN_POINT('',(78.7,-6.79,18.));
#2620 = VECTOR('',#2621,1.);
#2621 = DIRECTION('',(0.,0.,1.));
#2622 = ORIENTED_EDGE('',*,*,#2623,.F.);
#2623 = EDGE_CURVE('',#2573,#2616,#2624,.T.);
#2624 = CIRCLE('',#2625,0.5);
#2625 = AXIS2_PLACEMENT_3D('',#2626,#2627,#2628);
#2626 = CARTESIAN_POINT('',(78.7,-6.29,18.5));
#2627 = DIRECTION('',(-0.,0.,1.));
#2628 = DIRECTION('',(0.,-1.,0.));
#2629 = CYLINDRICAL_SURFACE('',#2630,0.5);
#2630 = AXIS2_PLACEMENT_3D('',#2631,#2632,#2633);
#2631 = CARTESIAN_POINT('',(78.7,-6.29,18.));
#2632 = DIRECTION('',(0.,0.,1.));
#2633 = DIRECTION('',(-1.,0.,0.));
#2634 = ADVANCED_FACE('',(#2635),#2646,.F.);
#2635 = FACE_BOUND('',#2636,.F.);
#2636 = EDGE_LOOP('',(#2637,#2643,#2644,#2645));
#2637 = ORIENTED_EDGE('',*,*,#2638,.T.);
#2638 = EDGE_CURVE('',#1375,#1844,#2639,.T.);
#2639 = LINE('',#2640,#2641);
#2640 = CARTESIAN_POINT('',(89.8,-6.29,18.));
#2641 = VECTOR('',#2642,1.);
#2642 = DIRECTION('',(0.,0.,1.));
#2643 = ORIENTED_EDGE('',*,*,#1852,.T.);
#2644 = ORIENTED_EDGE('',*,*,#2598,.F.);
#2645 = ORIENTED_EDGE('',*,*,#1383,.F.);
#2646 = PLANE('',#2647);
#2647 = AXIS2_PLACEMENT_3D('',#2648,#2649,#2650);
#2648 = CARTESIAN_POINT('',(89.8,-6.79,18.));
#2649 = DIRECTION('',(-1.,0.,0.));
#2650 = DIRECTION('',(0.,1.,0.));
#2651 = ADVANCED_FACE('',(#2652),#2725,.T.);
#2652 = FACE_BOUND('',#2653,.T.);
#2653 = EDGE_LOOP('',(#2654,#2660,#2661,#2669,#2677,#2685,#2693,#2701,
    #2709,#2717,#2723,#2724));
#2654 = ORIENTED_EDGE('',*,*,#2655,.T.);
#2655 = EDGE_CURVE('',#1401,#1870,#2656,.T.);
#2656 = LINE('',#2657,#2658);
#2657 = CARTESIAN_POINT('',(89.3,-6.79,18.));
#2658 = VECTOR('',#2659,1.);
#2659 = DIRECTION('',(0.,0.,1.));
#2660 = ORIENTED_EDGE('',*,*,#1869,.F.);
#2661 = ORIENTED_EDGE('',*,*,#2662,.F.);
#2662 = EDGE_CURVE('',#2663,#1813,#2665,.T.);
#2663 = VERTEX_POINT('',#2664);
#2664 = CARTESIAN_POINT('',(78.7,-6.79,33.499999999983));
#2665 = LINE('',#2666,#2667);
#2666 = CARTESIAN_POINT('',(78.7,-6.79,33.499999999983));
#2667 = VECTOR('',#2668,1.);
#2668 = DIRECTION('',(0.,0.,1.));
#2669 = ORIENTED_EDGE('',*,*,#2670,.F.);
#2670 = EDGE_CURVE('',#2671,#2663,#2673,.T.);
#2671 = VERTEX_POINT('',#2672);
#2672 = CARTESIAN_POINT('',(86.7,-6.79,33.499999999983));
#2673 = LINE('',#2674,#2675);
#2674 = CARTESIAN_POINT('',(86.7,-6.79,33.499999999983));
#2675 = VECTOR('',#2676,1.);
#2676 = DIRECTION('',(-1.,0.,0.));
#2677 = ORIENTED_EDGE('',*,*,#2678,.F.);
#2678 = EDGE_CURVE('',#2679,#2671,#2681,.T.);
#2679 = VERTEX_POINT('',#2680);
#2680 = CARTESIAN_POINT('',(86.7,-6.79,28.5));
#2681 = LINE('',#2682,#2683);
#2682 = CARTESIAN_POINT('',(86.7,-6.79,28.5));
#2683 = VECTOR('',#2684,1.);
#2684 = DIRECTION('',(0.,0.,1.));
#2685 = ORIENTED_EDGE('',*,*,#2686,.F.);
#2686 = EDGE_CURVE('',#2687,#2679,#2689,.T.);
#2687 = VERTEX_POINT('',#2688);
#2688 = CARTESIAN_POINT('',(78.7,-6.79,28.5));
#2689 = LINE('',#2690,#2691);
#2690 = CARTESIAN_POINT('',(77.699999999983,-6.79,28.5));
#2691 = VECTOR('',#2692,1.);
#2692 = DIRECTION('',(1.,0.,0.));
#2693 = ORIENTED_EDGE('',*,*,#2694,.F.);
#2694 = EDGE_CURVE('',#2695,#2687,#2697,.T.);
#2695 = VERTEX_POINT('',#2696);
#2696 = CARTESIAN_POINT('',(78.7,-6.79,23.5));
#2697 = LINE('',#2698,#2699);
#2698 = CARTESIAN_POINT('',(78.7,-6.79,23.5));
#2699 = VECTOR('',#2700,1.);
#2700 = DIRECTION('',(0.,0.,1.));
#2701 = ORIENTED_EDGE('',*,*,#2702,.F.);
#2702 = EDGE_CURVE('',#2703,#2695,#2705,.T.);
#2703 = VERTEX_POINT('',#2704);
#2704 = CARTESIAN_POINT('',(86.7,-6.79,23.5));
#2705 = LINE('',#2706,#2707);
#2706 = CARTESIAN_POINT('',(86.7,-6.79,23.5));
#2707 = VECTOR('',#2708,1.);
#2708 = DIRECTION('',(-1.,0.,0.));
#2709 = ORIENTED_EDGE('',*,*,#2710,.F.);
#2710 = EDGE_CURVE('',#2711,#2703,#2713,.T.);
#2711 = VERTEX_POINT('',#2712);
#2712 = CARTESIAN_POINT('',(86.7,-6.79,18.5));
#2713 = LINE('',#2714,#2715);
#2714 = CARTESIAN_POINT('',(86.7,-6.79,18.5));
#2715 = VECTOR('',#2716,1.);
#2716 = DIRECTION('',(0.,0.,1.));
#2717 = ORIENTED_EDGE('',*,*,#2718,.F.);
#2718 = EDGE_CURVE('',#2616,#2711,#2719,.T.);
#2719 = LINE('',#2720,#2721);
#2720 = CARTESIAN_POINT('',(77.7,-6.79,18.5));
#2721 = VECTOR('',#2722,1.);
#2722 = DIRECTION('',(1.,0.,0.));
#2723 = ORIENTED_EDGE('',*,*,#2615,.F.);
#2724 = ORIENTED_EDGE('',*,*,#1400,.T.);
#2725 = PLANE('',#2726);
#2726 = AXIS2_PLACEMENT_3D('',#2727,#2728,#2729);
#2727 = CARTESIAN_POINT('',(84.,-6.79,26.));
#2728 = DIRECTION('',(-0.,-1.,-0.));
#2729 = DIRECTION('',(0.,0.,-1.));
#2730 = ADVANCED_FACE('',(#2731),#2737,.T.);
#2731 = FACE_BOUND('',#2732,.T.);
#2732 = EDGE_LOOP('',(#2733,#2734,#2735,#2736));
#2733 = ORIENTED_EDGE('',*,*,#2655,.F.);
#2734 = ORIENTED_EDGE('',*,*,#1427,.T.);
#2735 = ORIENTED_EDGE('',*,*,#2638,.T.);
#2736 = ORIENTED_EDGE('',*,*,#1896,.F.);
#2737 = CYLINDRICAL_SURFACE('',#2738,0.5);
#2738 = AXIS2_PLACEMENT_3D('',#2739,#2740,#2741);
#2739 = CARTESIAN_POINT('',(89.3,-6.29,18.));
#2740 = DIRECTION('',(0.,0.,1.));
#2741 = DIRECTION('',(0.,-1.,0.));
#2742 = ADVANCED_FACE('',(#2743),#2761,.F.);
#2743 = FACE_BOUND('',#2744,.F.);
#2744 = EDGE_LOOP('',(#2745,#2753,#2759,#2760));
#2745 = ORIENTED_EDGE('',*,*,#2746,.F.);
#2746 = EDGE_CURVE('',#2747,#1761,#2749,.T.);
#2747 = VERTEX_POINT('',#2748);
#2748 = CARTESIAN_POINT('',(78.2,-6.29,33.499999999983));
#2749 = LINE('',#2750,#2751);
#2750 = CARTESIAN_POINT('',(78.2,-6.29,33.499999999983));
#2751 = VECTOR('',#2752,1.);
#2752 = DIRECTION('',(0.,0.,1.));
#2753 = ORIENTED_EDGE('',*,*,#2754,.F.);
#2754 = EDGE_CURVE('',#2532,#2747,#2755,.T.);
#2755 = LINE('',#2756,#2757);
#2756 = CARTESIAN_POINT('',(78.2,-6.29,33.499999999983));
#2757 = VECTOR('',#2758,1.);
#2758 = DIRECTION('',(0.,-1.,2.2E-16));
#2759 = ORIENTED_EDGE('',*,*,#2540,.T.);
#2760 = ORIENTED_EDGE('',*,*,#1760,.T.);
#2761 = PLANE('',#2762);
#2762 = AXIS2_PLACEMENT_3D('',#2763,#2764,#2765);
#2763 = CARTESIAN_POINT('',(78.2,-5.79,18.));
#2764 = DIRECTION('',(1.,0.,0.));
#2765 = DIRECTION('',(0.,-1.,0.));
#2766 = ADVANCED_FACE('',(#2767),#2779,.T.);
#2767 = FACE_BOUND('',#2768,.F.);
#2768 = EDGE_LOOP('',(#2769,#2770,#2777,#2778));
#2769 = ORIENTED_EDGE('',*,*,#2662,.F.);
#2770 = ORIENTED_EDGE('',*,*,#2771,.T.);
#2771 = EDGE_CURVE('',#2663,#2747,#2772,.T.);
#2772 = CIRCLE('',#2773,0.5);
#2773 = AXIS2_PLACEMENT_3D('',#2774,#2775,#2776);
#2774 = CARTESIAN_POINT('',(78.7,-6.29,33.499999999983));
#2775 = DIRECTION('',(-0.,-0.,-1.));
#2776 = DIRECTION('',(0.,-1.,0.));
#2777 = ORIENTED_EDGE('',*,*,#2746,.T.);
#2778 = ORIENTED_EDGE('',*,*,#1821,.T.);
#2779 = CYLINDRICAL_SURFACE('',#2780,0.5);
#2780 = AXIS2_PLACEMENT_3D('',#2781,#2782,#2783);
#2781 = CARTESIAN_POINT('',(78.7,-6.29,33.499999999983));
#2782 = DIRECTION('',(0.,0.,1.));
#2783 = DIRECTION('',(0.,-1.,0.));
#2784 = ADVANCED_FACE('',(#2785),#2821,.F.);
#2785 = FACE_BOUND('',#2786,.F.);
#2786 = EDGE_LOOP('',(#2787,#2796,#2797,#2803,#2804,#2805,#2806,#2807,
    #2808,#2814,#2815));
#2787 = ORIENTED_EDGE('',*,*,#2788,.F.);
#2788 = EDGE_CURVE('',#2695,#2789,#2791,.T.);
#2789 = VERTEX_POINT('',#2790);
#2790 = CARTESIAN_POINT('',(78.2,-6.29,23.5));
#2791 = CIRCLE('',#2792,0.5);
#2792 = AXIS2_PLACEMENT_3D('',#2793,#2794,#2795);
#2793 = CARTESIAN_POINT('',(78.7,-6.29,23.5));
#2794 = DIRECTION('',(-0.,-0.,-1.));
#2795 = DIRECTION('',(0.,-1.,0.));
#2796 = ORIENTED_EDGE('',*,*,#2702,.F.);
#2797 = ORIENTED_EDGE('',*,*,#2798,.T.);
#2798 = EDGE_CURVE('',#2703,#2066,#2799,.T.);
#2799 = LINE('',#2800,#2801);
#2800 = CARTESIAN_POINT('',(86.7,-6.79,23.5));
#2801 = VECTOR('',#2802,1.);
#2802 = DIRECTION('',(0.,1.,-2.2E-16));
#2803 = ORIENTED_EDGE('',*,*,#2065,.T.);
#2804 = ORIENTED_EDGE('',*,*,#2040,.F.);
#2805 = ORIENTED_EDGE('',*,*,#2007,.T.);
#2806 = ORIENTED_EDGE('',*,*,#1983,.T.);
#2807 = ORIENTED_EDGE('',*,*,#1943,.F.);
#2808 = ORIENTED_EDGE('',*,*,#2809,.F.);
#2809 = EDGE_CURVE('',#2490,#1944,#2810,.T.);
#2810 = LINE('',#2811,#2812);
#2811 = CARTESIAN_POINT('',(77.7,-6.79,23.5));
#2812 = VECTOR('',#2813,1.);
#2813 = DIRECTION('',(0.,1.,-2.2E-16));
#2814 = ORIENTED_EDGE('',*,*,#2497,.T.);
#2815 = ORIENTED_EDGE('',*,*,#2816,.T.);
#2816 = EDGE_CURVE('',#2498,#2789,#2817,.T.);
#2817 = LINE('',#2818,#2819);
#2818 = CARTESIAN_POINT('',(78.2,-6.29,23.5));
#2819 = VECTOR('',#2820,1.);
#2820 = DIRECTION('',(0.,-1.,2.2E-16));
#2821 = PLANE('',#2822);
#2822 = AXIS2_PLACEMENT_3D('',#2823,#2824,#2825);
#2823 = CARTESIAN_POINT('',(86.7,-6.79,23.5));
#2824 = DIRECTION('',(0.,2.2E-16,1.));
#2825 = DIRECTION('',(-1.,0.,0.));
#2826 = ADVANCED_FACE('',(#2827),#2838,.F.);
#2827 = FACE_BOUND('',#2828,.F.);
#2828 = EDGE_LOOP('',(#2829,#2830,#2831,#2832));
#2829 = ORIENTED_EDGE('',*,*,#2489,.F.);
#2830 = ORIENTED_EDGE('',*,*,#2809,.T.);
#2831 = ORIENTED_EDGE('',*,*,#1951,.F.);
#2832 = ORIENTED_EDGE('',*,*,#2833,.F.);
#2833 = EDGE_CURVE('',#2481,#1952,#2834,.T.);
#2834 = LINE('',#2835,#2836);
#2835 = CARTESIAN_POINT('',(77.7,-6.79,18.5));
#2836 = VECTOR('',#2837,1.);
#2837 = DIRECTION('',(0.,1.,-2.2E-16));
#2838 = PLANE('',#2839);
#2839 = AXIS2_PLACEMENT_3D('',#2840,#2841,#2842);
#2840 = CARTESIAN_POINT('',(77.7,-6.79,23.5));
#2841 = DIRECTION('',(-1.,0.,0.));
#2842 = DIRECTION('',(-0.,-2.2E-16,-1.));
#2843 = ADVANCED_FACE('',(#2844),#2862,.F.);
#2844 = FACE_BOUND('',#2845,.F.);
#2845 = EDGE_LOOP('',(#2846,#2847,#2848,#2849,#2850,#2851,#2852,#2853,
    #2854,#2855,#2861));
#2846 = ORIENTED_EDGE('',*,*,#2623,.F.);
#2847 = ORIENTED_EDGE('',*,*,#2582,.T.);
#2848 = ORIENTED_EDGE('',*,*,#2480,.F.);
#2849 = ORIENTED_EDGE('',*,*,#2833,.T.);
#2850 = ORIENTED_EDGE('',*,*,#1959,.T.);
#2851 = ORIENTED_EDGE('',*,*,#2145,.F.);
#2852 = ORIENTED_EDGE('',*,*,#2120,.T.);
#2853 = ORIENTED_EDGE('',*,*,#2095,.T.);
#2854 = ORIENTED_EDGE('',*,*,#2081,.T.);
#2855 = ORIENTED_EDGE('',*,*,#2856,.F.);
#2856 = EDGE_CURVE('',#2711,#2074,#2857,.T.);
#2857 = LINE('',#2858,#2859);
#2858 = CARTESIAN_POINT('',(86.7,-6.79,18.5));
#2859 = VECTOR('',#2860,1.);
#2860 = DIRECTION('',(0.,1.,-2.2E-16));
#2861 = ORIENTED_EDGE('',*,*,#2718,.F.);
#2862 = PLANE('',#2863);
#2863 = AXIS2_PLACEMENT_3D('',#2864,#2865,#2866);
#2864 = CARTESIAN_POINT('',(77.7,-6.79,18.5));
#2865 = DIRECTION('',(0.,-2.2E-16,-1.));
#2866 = DIRECTION('',(1.,0.,0.));
#2867 = ADVANCED_FACE('',(#2868),#2874,.F.);
#2868 = FACE_BOUND('',#2869,.F.);
#2869 = EDGE_LOOP('',(#2870,#2871,#2872,#2873));
#2870 = ORIENTED_EDGE('',*,*,#2710,.F.);
#2871 = ORIENTED_EDGE('',*,*,#2856,.T.);
#2872 = ORIENTED_EDGE('',*,*,#2073,.T.);
#2873 = ORIENTED_EDGE('',*,*,#2798,.F.);
#2874 = PLANE('',#2875);
#2875 = AXIS2_PLACEMENT_3D('',#2876,#2877,#2878);
#2876 = CARTESIAN_POINT('',(86.7,-6.79,18.5));
#2877 = DIRECTION('',(1.,0.,0.));
#2878 = DIRECTION('',(0.,2.2E-16,1.));
#2879 = ADVANCED_FACE('',(#2880),#2923,.F.);
#2880 = FACE_BOUND('',#2881,.F.);
#2881 = EDGE_LOOP('',(#2882,#2883,#2892,#2898,#2899,#2907,#2913,#2914,
    #2915,#2916,#2917));
#2882 = ORIENTED_EDGE('',*,*,#2686,.F.);
#2883 = ORIENTED_EDGE('',*,*,#2884,.T.);
#2884 = EDGE_CURVE('',#2687,#2885,#2887,.T.);
#2885 = VERTEX_POINT('',#2886);
#2886 = CARTESIAN_POINT('',(78.2,-6.29,28.5));
#2887 = CIRCLE('',#2888,0.5);
#2888 = AXIS2_PLACEMENT_3D('',#2889,#2890,#2891);
#2889 = CARTESIAN_POINT('',(78.7,-6.29,28.5));
#2890 = DIRECTION('',(-0.,-0.,-1.));
#2891 = DIRECTION('',(0.,-1.,0.));
#2892 = ORIENTED_EDGE('',*,*,#2893,.T.);
#2893 = EDGE_CURVE('',#2885,#2507,#2894,.T.);
#2894 = LINE('',#2895,#2896);
#2895 = CARTESIAN_POINT('',(78.2,-6.29,28.5));
#2896 = VECTOR('',#2897,1.);
#2897 = DIRECTION('',(0.,1.,-2.2E-16));
#2898 = ORIENTED_EDGE('',*,*,#2514,.F.);
#2899 = ORIENTED_EDGE('',*,*,#2900,.T.);
#2900 = EDGE_CURVE('',#2515,#2901,#2903,.T.);
#2901 = VERTEX_POINT('',#2902);
#2902 = CARTESIAN_POINT('',(77.699999999983,-4.04,28.5));
#2903 = LINE('',#2904,#2905);
#2904 = CARTESIAN_POINT('',(77.699999999983,-6.79,28.5));
#2905 = VECTOR('',#2906,1.);
#2906 = DIRECTION('',(0.,1.,-2.2E-16));
#2907 = ORIENTED_EDGE('',*,*,#2908,.T.);
#2908 = EDGE_CURVE('',#2901,#2329,#2909,.T.);
#2909 = LINE('',#2910,#2911);
#2910 = CARTESIAN_POINT('',(81.3,-4.04,28.5));
#2911 = VECTOR('',#2912,1.);
#2912 = DIRECTION('',(1.,0.,0.));
#2913 = ORIENTED_EDGE('',*,*,#2336,.F.);
#2914 = ORIENTED_EDGE('',*,*,#2304,.T.);
#2915 = ORIENTED_EDGE('',*,*,#2279,.T.);
#2916 = ORIENTED_EDGE('',*,*,#2265,.T.);
#2917 = ORIENTED_EDGE('',*,*,#2918,.F.);
#2918 = EDGE_CURVE('',#2679,#2258,#2919,.T.);
#2919 = LINE('',#2920,#2921);
#2920 = CARTESIAN_POINT('',(86.7,-6.79,28.5));
#2921 = VECTOR('',#2922,1.);
#2922 = DIRECTION('',(0.,1.,-2.2E-16));
#2923 = PLANE('',#2924);
#2924 = AXIS2_PLACEMENT_3D('',#2925,#2926,#2927);
#2925 = CARTESIAN_POINT('',(77.699999999983,-6.79,28.5));
#2926 = DIRECTION('',(0.,-2.2E-16,-1.));
#2927 = DIRECTION('',(1.,0.,0.));
#2928 = ADVANCED_FACE('',(#2929),#2959,.F.);
#2929 = FACE_BOUND('',#2930,.F.);
#2930 = EDGE_LOOP('',(#2931,#2932,#2933,#2939,#2940,#2941,#2942,#2943,
    #2951,#2957,#2958));
#2931 = ORIENTED_EDGE('',*,*,#2771,.F.);
#2932 = ORIENTED_EDGE('',*,*,#2670,.F.);
#2933 = ORIENTED_EDGE('',*,*,#2934,.T.);
#2934 = EDGE_CURVE('',#2671,#2250,#2935,.T.);
#2935 = LINE('',#2936,#2937);
#2936 = CARTESIAN_POINT('',(86.7,-6.79,33.499999999983));
#2937 = VECTOR('',#2938,1.);
#2938 = DIRECTION('',(0.,1.,-2.2E-16));
#2939 = ORIENTED_EDGE('',*,*,#2249,.T.);
#2940 = ORIENTED_EDGE('',*,*,#2224,.F.);
#2941 = ORIENTED_EDGE('',*,*,#2191,.T.);
#2942 = ORIENTED_EDGE('',*,*,#2160,.T.);
#2943 = ORIENTED_EDGE('',*,*,#2944,.F.);
#2944 = EDGE_CURVE('',#2945,#2163,#2947,.T.);
#2945 = VERTEX_POINT('',#2946);
#2946 = CARTESIAN_POINT('',(77.699999999983,-4.04,33.499999999983));
#2947 = LINE('',#2948,#2949);
#2948 = CARTESIAN_POINT('',(82.65,-4.04,33.499999999983));
#2949 = VECTOR('',#2950,1.);
#2950 = DIRECTION('',(1.,0.,0.));
#2951 = ORIENTED_EDGE('',*,*,#2952,.F.);
#2952 = EDGE_CURVE('',#2524,#2945,#2953,.T.);
#2953 = LINE('',#2954,#2955);
#2954 = CARTESIAN_POINT('',(77.699999999983,-6.79,33.499999999983));
#2955 = VECTOR('',#2956,1.);
#2956 = DIRECTION('',(0.,1.,-2.2E-16));
#2957 = ORIENTED_EDGE('',*,*,#2531,.T.);
#2958 = ORIENTED_EDGE('',*,*,#2754,.T.);
#2959 = PLANE('',#2960);
#2960 = AXIS2_PLACEMENT_3D('',#2961,#2962,#2963);
#2961 = CARTESIAN_POINT('',(86.7,-6.79,33.499999999983));
#2962 = DIRECTION('',(0.,2.2E-16,1.));
#2963 = DIRECTION('',(-1.,0.,0.));
#2964 = ADVANCED_FACE('',(#2965),#2971,.F.);
#2965 = FACE_BOUND('',#2966,.F.);
#2966 = EDGE_LOOP('',(#2967,#2968,#2969,#2970));
#2967 = ORIENTED_EDGE('',*,*,#2678,.F.);
#2968 = ORIENTED_EDGE('',*,*,#2918,.T.);
#2969 = ORIENTED_EDGE('',*,*,#2257,.T.);
#2970 = ORIENTED_EDGE('',*,*,#2934,.F.);
#2971 = PLANE('',#2972);
#2972 = AXIS2_PLACEMENT_3D('',#2973,#2974,#2975);
#2973 = CARTESIAN_POINT('',(86.7,-6.79,28.5));
#2974 = DIRECTION('',(1.,0.,0.));
#2975 = DIRECTION('',(0.,2.2E-16,1.));
#2976 = ADVANCED_FACE('',(#2977),#2988,.F.);
#2977 = FACE_BOUND('',#2978,.F.);
#2978 = EDGE_LOOP('',(#2979,#2980,#2981,#2987));
#2979 = ORIENTED_EDGE('',*,*,#2523,.F.);
#2980 = ORIENTED_EDGE('',*,*,#2952,.T.);
#2981 = ORIENTED_EDGE('',*,*,#2982,.F.);
#2982 = EDGE_CURVE('',#2901,#2945,#2983,.T.);
#2983 = LINE('',#2984,#2985);
#2984 = CARTESIAN_POINT('',(77.699999999983,-4.04,29.749999999992));
#2985 = VECTOR('',#2986,1.);
#2986 = DIRECTION('',(0.,2.3E-16,1.));
#2987 = ORIENTED_EDGE('',*,*,#2900,.F.);
#2988 = PLANE('',#2989);
#2989 = AXIS2_PLACEMENT_3D('',#2990,#2991,#2992);
#2990 = CARTESIAN_POINT('',(77.699999999983,-6.79,33.499999999983));
#2991 = DIRECTION('',(-1.,0.,0.));
#2992 = DIRECTION('',(-0.,-2.2E-16,-1.));
#2993 = ADVANCED_FACE('',(#2994),#3005,.F.);
#2994 = FACE_BOUND('',#2995,.F.);
#2995 = EDGE_LOOP('',(#2996,#2997,#2998,#2999));
#2996 = ORIENTED_EDGE('',*,*,#2816,.F.);
#2997 = ORIENTED_EDGE('',*,*,#2506,.T.);
#2998 = ORIENTED_EDGE('',*,*,#2893,.F.);
#2999 = ORIENTED_EDGE('',*,*,#3000,.F.);
#3000 = EDGE_CURVE('',#2789,#2885,#3001,.T.);
#3001 = LINE('',#3002,#3003);
#3002 = CARTESIAN_POINT('',(78.2,-6.29,23.5));
#3003 = VECTOR('',#3004,1.);
#3004 = DIRECTION('',(0.,0.,1.));
#3005 = PLANE('',#3006);
#3006 = AXIS2_PLACEMENT_3D('',#3007,#3008,#3009);
#3007 = CARTESIAN_POINT('',(78.2,-5.79,18.));
#3008 = DIRECTION('',(1.,0.,0.));
#3009 = DIRECTION('',(0.,-1.,0.));
#3010 = ADVANCED_FACE('',(#3011),#3017,.T.);
#3011 = FACE_BOUND('',#3012,.F.);
#3012 = EDGE_LOOP('',(#3013,#3014,#3015,#3016));
#3013 = ORIENTED_EDGE('',*,*,#2788,.T.);
#3014 = ORIENTED_EDGE('',*,*,#3000,.T.);
#3015 = ORIENTED_EDGE('',*,*,#2884,.F.);
#3016 = ORIENTED_EDGE('',*,*,#2694,.F.);
#3017 = CYLINDRICAL_SURFACE('',#3018,0.5);
#3018 = AXIS2_PLACEMENT_3D('',#3019,#3020,#3021);
#3019 = CARTESIAN_POINT('',(78.7,-6.29,23.5));
#3020 = DIRECTION('',(0.,0.,1.));
#3021 = DIRECTION('',(0.,-1.,0.));
#3022 = ADVANCED_FACE('',(#3023),#3032,.T.);
#3023 = FACE_BOUND('',#3024,.T.);
#3024 = EDGE_LOOP('',(#3025,#3026,#3027,#3028,#3029,#3030,#3031));
#3025 = ORIENTED_EDGE('',*,*,#2170,.F.);
#3026 = ORIENTED_EDGE('',*,*,#2944,.F.);
#3027 = ORIENTED_EDGE('',*,*,#2982,.F.);
#3028 = ORIENTED_EDGE('',*,*,#2908,.T.);
#3029 = ORIENTED_EDGE('',*,*,#2328,.F.);
#3030 = ORIENTED_EDGE('',*,*,#895,.F.);
#3031 = ORIENTED_EDGE('',*,*,#827,.F.);
#3032 = PLANE('',#3033);
#3033 = AXIS2_PLACEMENT_3D('',#3034,#3035,#3036);
#3034 = CARTESIAN_POINT('',(80.461626378114,-4.04,30.999999999995));
#3035 = DIRECTION('',(-3.2E-16,-1.,2.5E-16));
#3036 = DIRECTION('',(-1.,3.2E-16,0.));
#3037 = ( GEOMETRIC_REPRESENTATION_CONTEXT(3) 
GLOBAL_UNCERTAINTY_ASSIGNED_CONTEXT((#3041)) 
GLOBAL_UNIT_ASSIGNED_CONTEXT((#3038,#3039,#3040)) REPRESENTATION_CONTEXT
('Context #1','3D Context with UNIT and UNCERTAINTY') );
#3038 = ( LENGTH_UNIT() NAMED_UNIT(*) SI_UNIT(.MILLI.,.METRE.) );
#3039 = ( NAMED_UNIT(*) PLANE_ANGLE_UNIT() SI_UNIT($,.RADIAN.) );
#3040 = ( NAMED_UNIT(*) SI_UNIT($,.STERADIAN.) SOLID_ANGLE_UNIT() );
#3041 = UNCERTAINTY_MEASURE_WITH_UNIT(LENGTH_MEASURE(1.E-06),#3038,
  'distance_accuracy_value','confusion accuracy');
#3042 = PRODUCT_RELATED_PRODUCT_CATEGORY('part',$,(#7));
#3043 = MECHANICAL_DESIGN_GEOMETRIC_PRESENTATION_REPRESENTATION('',(
    #3044),#3037);
#3044 = STYLED_ITEM('color',(#3045),#15);
#3045 = PRESENTATION_STYLE_ASSIGNMENT((#3046,#3052));
#3046 = SURFACE_STYLE_USAGE(.BOTH.,#3047);
#3047 = SURFACE_SIDE_STYLE('',(#3048));
#3048 = SURFACE_STYLE_FILL_AREA(#3049);
#3049 = FILL_AREA_STYLE('',(#3050));
#3050 = FILL_AREA_STYLE_COLOUR('',#3051);
#3051 = COLOUR_RGB('',0.678431390124,0.709803936702,0.741176476869);
#3052 = CURVE_STYLE('',#3053,POSITIVE_LENGTH_MEASURE(0.1),#3054);
#3053 = DRAUGHTING_PRE_DEFINED_CURVE_FONT('continuous');
#3054 = COLOUR_RGB('',9.803921802644E-02,9.803921802644E-02,
  9.803921802644E-02);
ENDSEC;
END-ISO-10303-21;
